{
"type": "FeatureCollection",
"name": "800m_CDTA2020_pct_walkable_ADA_subway",
"crs": { "type": "name", "properties": { "name": "urn:ogc:def:crs:OGC:1.3:CRS84" } },
"features": [
{ "type": "Feature", "properties": { "id": "1", "CDTA2020": "BX01", "GEOCODE": 501, "GEONAME": "BX01 Melrose-Mott Haven-Port Morris (CD 1 Approximation)", "cd_population": 96910.0, "pop_within_walk": 48222.227693079083, "pct_pop_walk": 49.759805688865015 }, "geometry": { "type": "Polygon", "coordinates": [ [ [ -73.901273520082015, 40.820467678817877 ], [ -73.902995533033305, 40.816316543174317 ], [ -73.904439801960194, 40.812291199519947 ], [ -73.903439923472348, 40.811494516921691 ], [ -73.90221784976498, 40.804953333483347 ], [ -73.902884435423545, 40.804156650885083 ], [ -73.903106630643066, 40.803988928232819 ], [ -73.903328825862587, 40.803863136243621 ], [ -73.90371766749675, 40.803779274917488 ], [ -73.903939862716271, 40.80365348292829 ], [ -73.903939862716271, 40.803611552265224 ], [ -73.904162057935793, 40.803443829612959 ], [ -73.906495107740781, 40.801179573807381 ], [ -73.906606205350542, 40.801095712481242 ], [ -73.908050474277431, 40.799586208610862 ], [ -73.908106023082311, 40.799544277947795 ], [ -73.908106023082311, 40.79941848595859 ], [ -73.908439315911593, 40.799460416621656 ], [ -73.908328218301833, 40.798957248664863 ], [ -73.911661146594653, 40.796609131533152 ], [ -73.91371645237524, 40.796776854185417 ], [ -73.918826942424246, 40.79887338733873 ], [ -73.920215662546255, 40.799628139273928 ], [ -73.921326638643862, 40.80130536579658 ], [ -73.922937553985406, 40.802353632373233 ], [ -73.926659323912389, 40.802395563036299 ], [ -73.927603653595355, 40.802689077677762 ], [ -73.927659202400235, 40.803988928232819 ], [ -73.928714629692976, 40.804114720222017 ], [ -73.930492191449147, 40.806588629342933 ], [ -73.932269753205318, 40.808349717191717 ], [ -73.932880790059002, 40.810404319681965 ], [ -73.932436399619959, 40.814136148694864 ], [ -73.930269996229626, 40.813255604770475 ], [ -73.928881276107617, 40.814890900630061 ], [ -73.927325909570953, 40.818538868316828 ], [ -73.92515950618062, 40.817993769696969 ], [ -73.921937675497546, 40.821012777437744 ], [ -73.916771636643659, 40.824367230483048 ], [ -73.916216148594856, 40.823486686558653 ], [ -73.911661146594653, 40.822102974677463 ], [ -73.909883584838482, 40.822564211971198 ], [ -73.901273520082015, 40.820467678817877 ] ] ] } },
{ "type": "Feature", "properties": { "id": "2", "CDTA2020": "BX02", "GEOCODE": 502, "GEONAME": "BX02 Longwood-Hunts Point (CD 2 Approximation)", "cd_population": 55126.0, "pop_within_walk": 43396.468616472572, "pct_pop_walk": 78.722324522861399 }, "geometry": { "type": "MultiPolygon", "coordinates": [ [ [ [ -73.896829615691573, 40.795812448934889 ], [ -73.89799614059406, 40.795644726282625 ], [ -73.899218214301428, 40.796483339543954 ], [ -73.897885042984299, 40.797112299489946 ], [ -73.896829615691573, 40.795812448934889 ] ] ], [ [ [ -73.898329433423342, 40.802395563036299 ], [ -73.89644077405741, 40.800802197839779 ], [ -73.898662726252624, 40.799083040654061 ], [ -73.899773702350231, 40.799502347284729 ], [ -73.899384860716069, 40.801934325742572 ], [ -73.898329433423342, 40.802395563036299 ] ] ], [ [ [ -73.884386683398347, 40.822941587938793 ], [ -73.882442475227521, 40.81925168958896 ], [ -73.878054119641959, 40.816190751185118 ], [ -73.87660985071507, 40.815729513891384 ], [ -73.876720948324831, 40.815394068586855 ], [ -73.87249923915391, 40.813884564716467 ], [ -73.871666007080705, 40.813255604770475 ], [ -73.868110883568363, 40.806756351995197 ], [ -73.868444176397645, 40.805917738733868 ], [ -73.871721555885586, 40.801556949774977 ], [ -73.873554666446651, 40.800844128502845 ], [ -73.87816521725172, 40.80130536579658 ], [ -73.87816521725172, 40.802563285688564 ], [ -73.879220644544461, 40.802814869666967 ], [ -73.883720097739769, 40.802143979057902 ], [ -73.885053269056911, 40.802143979057902 ], [ -73.887275221252125, 40.803946997569753 ], [ -73.887941806910689, 40.804995264146413 ], [ -73.889052783008296, 40.805037194809479 ], [ -73.889552722252219, 40.805791946744669 ], [ -73.891496930423045, 40.805917738733868 ], [ -73.891996869666968, 40.806378976027602 ], [ -73.898273884618462, 40.806085461386139 ], [ -73.898551628642863, 40.805414570777074 ], [ -73.900995776057613, 40.804869472157215 ], [ -73.90221784976498, 40.804953333483347 ], [ -73.903439923472348, 40.811494516921691 ], [ -73.904439801960194, 40.812291199519947 ], [ -73.902995533033305, 40.816316543174317 ], [ -73.900606934423436, 40.822102974677463 ], [ -73.901995654545459, 40.822438419981992 ], [ -73.900495836813676, 40.826002526342634 ], [ -73.901662361716177, 40.826254110321031 ], [ -73.900940227252732, 40.827931336843683 ], [ -73.899773702350231, 40.827679752865286 ], [ -73.895496444374444, 40.828266782148212 ], [ -73.894829858715866, 40.826254110321031 ], [ -73.892941199349934, 40.826799208940891 ], [ -73.887886258105809, 40.826757278277825 ], [ -73.886108696349638, 40.82763782220222 ], [ -73.887108574837484, 40.822606142634264 ], [ -73.884386683398347, 40.822941587938793 ] ] ] ] } },
{ "type": "Feature", "properties": { "id": "3", "CDTA2020": "BX03", "GEOCODE": 503, "GEONAME": "BX03 Morrisania-Crotona Park East (CD 3 Approximation)", "cd_population": 87924.0, "pop_within_walk": 8351.7402576324457, "pct_pop_walk": 9.498817453291986 }, "geometry": { "type": "Polygon", "coordinates": [ [ [ -73.901329068886895, 40.844493948754874 ], [ -73.894774309910986, 40.843739196819676 ], [ -73.895385346764684, 40.84294251422142 ], [ -73.889441624642458, 40.839420338523851 ], [ -73.88816400213021, 40.839881575817579 ], [ -73.886608635593561, 40.839294546534653 ], [ -73.886164245154518, 40.840091229132909 ], [ -73.884664427422749, 40.839168754545454 ], [ -73.882720219251922, 40.838623655925588 ], [ -73.882164731203119, 40.837826973327331 ], [ -73.882220280007999, 40.835436925532548 ], [ -73.880053876617666, 40.834682173597358 ], [ -73.88388674415441, 40.829818216681666 ], [ -73.883497902520247, 40.829273118061806 ], [ -73.884386683398347, 40.826799208940891 ], [ -73.884664427422749, 40.823822131863182 ], [ -73.884386683398347, 40.822941587938793 ], [ -73.887108574837484, 40.822606142634264 ], [ -73.886108696349638, 40.82763782220222 ], [ -73.887886258105809, 40.826757278277825 ], [ -73.892941199349934, 40.826799208940891 ], [ -73.894829858715866, 40.826254110321031 ], [ -73.895496444374444, 40.828266782148212 ], [ -73.899773702350231, 40.827679752865286 ], [ -73.900940227252732, 40.827931336843683 ], [ -73.901662361716177, 40.826254110321031 ], [ -73.900495836813676, 40.826002526342634 ], [ -73.901995654545459, 40.822438419981992 ], [ -73.900606934423436, 40.822102974677463 ], [ -73.901273520082015, 40.820467678817877 ], [ -73.909883584838482, 40.822564211971198 ], [ -73.911661146594653, 40.822102974677463 ], [ -73.916216148594856, 40.823486686558653 ], [ -73.916771636643659, 40.824367230483048 ], [ -73.915438465326531, 40.825792873027304 ], [ -73.913494257155719, 40.82478653711371 ], [ -73.913160964326437, 40.825457427722768 ], [ -73.911327853765371, 40.824828467776776 ], [ -73.911772244204428, 40.826421832973296 ], [ -73.911716695399534, 40.827763614191419 ], [ -73.910327975277525, 40.828769950105006 ], [ -73.908939255155516, 40.830237523312327 ], [ -73.910494621692166, 40.830740691269128 ], [ -73.90538413164316, 40.83975578382838 ], [ -73.904828643594357, 40.84474553273327 ], [ -73.901329068886895, 40.844493948754874 ] ] ] } },
{ "type": "Feature", "properties": { "id": "4", "CDTA2020": "BX04", "GEOCODE": 504, "GEONAME": "BX04 Highbridge-Concourse (CD 4 Approximation)", "cd_population": 149631.0, "pop_within_walk": 81463.42228518991, "pct_pop_walk": 54.442877669192818 }, "geometry": { "type": "Polygon", "coordinates": [ [ [ -73.904828643594357, 40.84474553273327 ], [ -73.90538413164316, 40.83975578382838 ], [ -73.910494621692166, 40.830740691269128 ], [ -73.908939255155516, 40.830237523312327 ], [ -73.910327975277525, 40.828769950105006 ], [ -73.911716695399534, 40.827763614191419 ], [ -73.911772244204428, 40.826421832973296 ], [ -73.911327853765371, 40.824828467776776 ], [ -73.913160964326437, 40.825457427722768 ], [ -73.913494257155719, 40.82478653711371 ], [ -73.915438465326531, 40.825792873027304 ], [ -73.916771636643659, 40.824367230483048 ], [ -73.921937675497546, 40.821012777437744 ], [ -73.92515950618062, 40.817993769696969 ], [ -73.927325909570953, 40.818538868316828 ], [ -73.928881276107617, 40.814890900630061 ], [ -73.930269996229626, 40.813255604770475 ], [ -73.932436399619959, 40.814136148694864 ], [ -73.932325302010199, 40.817616393729374 ], [ -73.93249194842484, 40.821557876057604 ], [ -73.932769692449241, 40.825625150375032 ], [ -73.933602924522447, 40.832795293759375 ], [ -73.932991887668763, 40.835688509510952 ], [ -73.930492191449147, 40.839923506480645 ], [ -73.928048044034398, 40.845458354005395 ], [ -73.925937189448945, 40.844955186048601 ], [ -73.92265980996099, 40.84474553273327 ], [ -73.917327124692477, 40.845039047374733 ], [ -73.910827914521448, 40.845080978037799 ], [ -73.904828643594357, 40.84474553273327 ] ] ] } },
{ "type": "Feature", "properties": { "id": "5", "CDTA2020": "BX05", "GEOCODE": 505, "GEONAME": "BX05 Morris Heights-Mount Hope (CD 5 Approximation)", "cd_population": 133897.0, "pop_within_walk": 74502.767502551578, "pct_pop_walk": 55.64184970727618 }, "geometry": { "type": "Polygon", "coordinates": [ [ [ -73.891774674447447, 40.861853243264321 ], [ -73.893218943374336, 40.859882502100206 ], [ -73.89644077405741, 40.854892753195315 ], [ -73.895607541984205, 40.854557307890786 ], [ -73.901329068886895, 40.844493948754874 ], [ -73.904828643594357, 40.84474553273327 ], [ -73.910827914521448, 40.845080978037799 ], [ -73.917327124692477, 40.845039047374733 ], [ -73.92265980996099, 40.84474553273327 ], [ -73.925937189448945, 40.844955186048601 ], [ -73.928048044034398, 40.845458354005395 ], [ -73.924659566936697, 40.849777212301227 ], [ -73.922548712351229, 40.853173596009597 ], [ -73.919049137643768, 40.857408592979297 ], [ -73.917216027082702, 40.856821563696364 ], [ -73.916160599789976, 40.858792304860486 ], [ -73.915438465326531, 40.858708443534354 ], [ -73.913272061936198, 40.859630918121809 ], [ -73.910883463326329, 40.858792304860486 ], [ -73.909661389618961, 40.857492454305429 ], [ -73.907772730253029, 40.859588987458743 ], [ -73.904884192399237, 40.858708443534354 ], [ -73.903495472277228, 40.860930768676866 ], [ -73.902551142594263, 40.860595323372337 ], [ -73.901106873667374, 40.862775717851783 ], [ -73.899440409520949, 40.862104827242725 ], [ -73.896940713301333, 40.862440272547254 ], [ -73.892830101740174, 40.861811312601255 ], [ -73.891774674447447, 40.861853243264321 ] ] ] } },
{ "type": "Feature", "properties": { "id": "6", "CDTA2020": "BX06", "GEOCODE": 506, "GEONAME": "BX06 Tremont-Belmont-West Farms (CD 6 Approximation)", "cd_population": 87093.0, "pop_within_walk": 8571.6918379855306, "pct_pop_walk": 9.8419985968855492 }, "geometry": { "type": "Polygon", "coordinates": [ [ [ -73.883109060886085, 40.866591408190814 ], [ -73.882664670447042, 40.866088240234021 ], [ -73.883831195349529, 40.865207696309625 ], [ -73.883775646544649, 40.864159429732972 ], [ -73.881998084788478, 40.862062896579658 ], [ -73.880609364666469, 40.8608888380138 ], [ -73.880998206300632, 40.85824720624062 ], [ -73.88072046227623, 40.856695771707166 ], [ -73.883109060886085, 40.848225777767773 ], [ -73.882831316861683, 40.847806471137112 ], [ -73.877331985178515, 40.84399078079808 ], [ -73.87816521725172, 40.842607068916891 ], [ -73.874610093739378, 40.841516871677165 ], [ -73.873999056885694, 40.842523207590759 ], [ -73.872165946324628, 40.843655335493544 ], [ -73.871110519031902, 40.844913255385535 ], [ -73.870999421422141, 40.845919591299129 ], [ -73.869888445324534, 40.846632412571253 ], [ -73.86922185966597, 40.849232113681367 ], [ -73.867833139543961, 40.848854737713772 ], [ -73.868333078787884, 40.847093649864981 ], [ -73.868944115641568, 40.84688399654965 ], [ -73.868610822812286, 40.84529063135313 ], [ -73.868055334763483, 40.844829394059403 ], [ -73.870999421422141, 40.843110236873684 ], [ -73.873610215251531, 40.839797714491446 ], [ -73.872832531983192, 40.83975578382838 ], [ -73.873943508080814, 40.835982024152415 ], [ -73.876720948324831, 40.836191677467745 ], [ -73.879276193349341, 40.834430589618961 ], [ -73.880053876617666, 40.834682173597358 ], [ -73.882220280007999, 40.835436925532548 ], [ -73.882164731203119, 40.837826973327331 ], [ -73.882720219251922, 40.838623655925588 ], [ -73.884664427422749, 40.839168754545454 ], [ -73.886164245154518, 40.840091229132909 ], [ -73.886608635593561, 40.839294546534653 ], [ -73.88816400213021, 40.839881575817579 ], [ -73.889441624642458, 40.839420338523851 ], [ -73.895385346764684, 40.84294251422142 ], [ -73.894774309910986, 40.843739196819676 ], [ -73.901329068886895, 40.844493948754874 ], [ -73.895607541984205, 40.854557307890786 ], [ -73.89644077405741, 40.854892753195315 ], [ -73.893218943374336, 40.859882502100206 ], [ -73.891774674447447, 40.861853243264321 ], [ -73.888886136593655, 40.864746459015898 ], [ -73.88810845332533, 40.864243291059104 ], [ -73.886830830813082, 40.865375418961897 ], [ -73.883609000130008, 40.867262298799879 ], [ -73.883109060886085, 40.866591408190814 ] ] ] } },
{ "type": "Feature", "properties": { "id": "7", "CDTA2020": "BX07", "GEOCODE": 507, "GEONAME": "BX07 Fordham-Bedford Park-Norwood (CD 7 Approximation)", "cd_population": 131784.0, "pop_within_walk": 91126.928197964968, "pct_pop_walk": 69.148704089999526 }, "geometry": { "type": "Polygon", "coordinates": [ [ [ -73.870943872617261, 40.878499716501651 ], [ -73.872554787958791, 40.875187194119412 ], [ -73.875165581788181, 40.871581157095704 ], [ -73.876943143544352, 40.869945861236118 ], [ -73.883109060886085, 40.866591408190814 ], [ -73.883609000130008, 40.867262298799879 ], [ -73.886830830813082, 40.865375418961897 ], [ -73.88810845332533, 40.864243291059104 ], [ -73.888886136593655, 40.864746459015898 ], [ -73.891774674447447, 40.861853243264321 ], [ -73.892830101740174, 40.861811312601255 ], [ -73.896940713301333, 40.862440272547254 ], [ -73.899440409520949, 40.862104827242725 ], [ -73.901106873667374, 40.862775717851783 ], [ -73.902551142594263, 40.860595323372337 ], [ -73.903495472277228, 40.860930768676866 ], [ -73.904884192399237, 40.858708443534354 ], [ -73.907772730253029, 40.859588987458743 ], [ -73.909661389618961, 40.857492454305429 ], [ -73.910883463326329, 40.858792304860486 ], [ -73.913272061936198, 40.859630918121809 ], [ -73.915438465326531, 40.858708443534354 ], [ -73.916160599789976, 40.858792304860486 ], [ -73.917216027082702, 40.856821563696364 ], [ -73.919049137643768, 40.857408592979297 ], [ -73.917216027082702, 40.858918096849685 ], [ -73.914605233253326, 40.862104827242725 ], [ -73.910939012131209, 40.865920517581756 ], [ -73.90949474320432, 40.868813733333333 ], [ -73.908939255155516, 40.872168186378637 ], [ -73.907439437423747, 40.873551898259826 ], [ -73.905717424472442, 40.873132591629158 ], [ -73.904439801960194, 40.872252047704769 ], [ -73.904495350765075, 40.870574821182117 ], [ -73.90377321630163, 40.869610415931589 ], [ -73.902384496179621, 40.868687941344135 ], [ -73.899440409520949, 40.867891258745871 ], [ -73.899329311911188, 40.869233039963994 ], [ -73.897773945374539, 40.87086833582358 ], [ -73.898384982228222, 40.873677690249025 ], [ -73.899884799959992, 40.874180858205818 ], [ -73.900440288008795, 40.874977540804075 ], [ -73.899829251155111, 40.87640318334833 ], [ -73.896662969276932, 40.880135012361237 ], [ -73.89638522525253, 40.881812238883889 ], [ -73.894329919471943, 40.883028228112806 ], [ -73.891608028032806, 40.882357337503748 ], [ -73.887941806910689, 40.882902436123608 ], [ -73.887108574837484, 40.882818574797476 ], [ -73.887053026032603, 40.884370009330929 ], [ -73.884220036983692, 40.883195950765071 ], [ -73.882775768056803, 40.883405604080409 ], [ -73.881220401520153, 40.882692782808277 ], [ -73.878054119641959, 40.887137433093308 ], [ -73.877609729202916, 40.884537731983194 ], [ -73.878109668446839, 40.882147684188418 ], [ -73.874721191349138, 40.881560654905485 ], [ -73.874776740154019, 40.88009308169817 ], [ -73.870166189348936, 40.880344665676567 ], [ -73.870943872617261, 40.878499716501651 ] ] ] } },
{ "type": "Feature", "properties": { "id": "8", "CDTA2020": "BX08", "GEOCODE": 508, "GEONAME": "BX08 Riverdale-Kingsbridge-Marble Hill (CD 8 Approximation)", "cd_population": 105777.0, "pop_within_walk": 26300.134789467949, "pct_pop_walk": 24.863755626901828 }, "geometry": { "type": "Polygon", "coordinates": [ [ [ -73.896607420472051, 40.911415287008701 ], [ -73.89638522525253, 40.903196877047705 ], [ -73.897162908520855, 40.899381186708666 ], [ -73.89644077405741, 40.893636685868586 ], [ -73.899884799959992, 40.886550403810375 ], [ -73.887608514081407, 40.884244217341731 ], [ -73.887053026032603, 40.884370009330929 ], [ -73.887108574837484, 40.882818574797476 ], [ -73.887941806910689, 40.882902436123608 ], [ -73.891608028032806, 40.882357337503748 ], [ -73.894329919471943, 40.883028228112806 ], [ -73.89638522525253, 40.881812238883889 ], [ -73.896662969276932, 40.880135012361237 ], [ -73.899829251155111, 40.87640318334833 ], [ -73.900440288008795, 40.874977540804075 ], [ -73.899884799959992, 40.874180858205818 ], [ -73.898384982228222, 40.873677690249025 ], [ -73.897773945374539, 40.87086833582358 ], [ -73.899329311911188, 40.869233039963994 ], [ -73.899440409520949, 40.867891258745871 ], [ -73.902384496179621, 40.868687941344135 ], [ -73.90377321630163, 40.869610415931589 ], [ -73.904495350765075, 40.870574821182117 ], [ -73.904439801960194, 40.872252047704769 ], [ -73.905717424472442, 40.873132591629158 ], [ -73.907439437423747, 40.873551898259826 ], [ -73.908939255155516, 40.872168186378637 ], [ -73.909605840814081, 40.873090660966092 ], [ -73.911661146594653, 40.874474372847281 ], [ -73.915771758155813, 40.875732292739272 ], [ -73.91777151513152, 40.87564843141314 ], [ -73.919771272107212, 40.87640318334833 ], [ -73.922048773107306, 40.878583577827783 ], [ -73.92360413964397, 40.878960953795378 ], [ -73.923826334863492, 40.880344665676567 ], [ -73.920604504180417, 40.887179363756374 ], [ -73.9169382830583, 40.896655693609361 ], [ -73.915160721302129, 40.901603511851185 ], [ -73.914605233253326, 40.90411935163516 ], [ -73.914160842814283, 40.904161282298226 ], [ -73.912661025082514, 40.908060833963397 ], [ -73.911438951375132, 40.912840929552949 ], [ -73.911661146594653, 40.913427958835882 ], [ -73.910105780058004, 40.9153987 ], [ -73.908494864716474, 40.915021324032402 ], [ -73.902440044984502, 40.912966721542155 ], [ -73.900606934423436, 40.912589345574553 ], [ -73.896607420472051, 40.911415287008701 ] ] ] } },
{ "type": "Feature", "properties": { "id": "9", "CDTA2020": "BX09", "GEOCODE": 509, "GEONAME": "BX09 Soundview-Parkchester (CD 9 Approximation)", "cd_population": 170654.0, "pop_within_walk": 3411.6679807033706, "pct_pop_walk": 1.9991725835335652 }, "geometry": { "type": "MultiPolygon", "coordinates": [ [ [ [ -73.839725444274421, 40.816400404500449 ], [ -73.840058737103703, 40.817909908370837 ], [ -73.838947761006096, 40.819000105610556 ], [ -73.839058858615857, 40.822690003960396 ], [ -73.841114164396444, 40.826170248994899 ], [ -73.842280689298931, 40.828686088778873 ], [ -73.837003552835284, 40.829063464746469 ], [ -73.836003674347438, 40.823528617221719 ], [ -73.836059223152319, 40.817784116381638 ], [ -73.836948004030404, 40.816358473837383 ], [ -73.839725444274421, 40.816400404500449 ] ] ], [ [ [ -73.842891726152615, 40.828602227452741 ], [ -73.842558433323333, 40.827512030213022 ], [ -73.84044757873788, 40.823360894569454 ], [ -73.839836541884182, 40.821557876057604 ], [ -73.840280932323239, 40.819629065556555 ], [ -73.84200294527453, 40.818790452295225 ], [ -73.84211404288429, 40.818077631023101 ], [ -73.844113799859983, 40.814513524662466 ], [ -73.84528032476247, 40.811788031563154 ], [ -73.84616910564057, 40.810655903660361 ], [ -73.847446728152818, 40.810907487638758 ], [ -73.848224411421143, 40.812458922172212 ], [ -73.849057643494348, 40.812123476867683 ], [ -73.849835326762673, 40.809985013051303 ], [ -73.849946424372433, 40.808559370507048 ], [ -73.848391057835784, 40.807385311941189 ], [ -73.848391057835784, 40.806378976027602 ], [ -73.847502276957698, 40.80545650144014 ], [ -73.848724350665066, 40.804743680168016 ], [ -73.850168619591955, 40.804534026852686 ], [ -73.855834597689764, 40.804534026852686 ], [ -73.856112341714166, 40.805288778787876 ], [ -73.858112098689872, 40.80545650144014 ], [ -73.858667586738676, 40.80684021332133 ], [ -73.858389842714274, 40.808265855865585 ], [ -73.859056428372838, 40.809985013051303 ], [ -73.860334050885086, 40.809523775757576 ], [ -73.864389113641366, 40.810278527692766 ], [ -73.867666493129306, 40.810572042334229 ], [ -73.869777347714773, 40.81342332742274 ], [ -73.871721555885586, 40.814932831293127 ], [ -73.876498753105309, 40.816148820522052 ], [ -73.87660985071507, 40.815729513891384 ], [ -73.878054119641959, 40.816190751185118 ], [ -73.882442475227521, 40.81925168958896 ], [ -73.884386683398347, 40.822941587938793 ], [ -73.884664427422749, 40.823822131863182 ], [ -73.884386683398347, 40.826799208940891 ], [ -73.883497902520247, 40.829273118061806 ], [ -73.88388674415441, 40.829818216681666 ], [ -73.880053876617666, 40.834682173597358 ], [ -73.879276193349341, 40.834430589618961 ], [ -73.876720948324831, 40.836191677467745 ], [ -73.873943508080814, 40.835982024152415 ], [ -73.872832531983192, 40.83975578382838 ], [ -73.86922185966597, 40.839588061176116 ], [ -73.867833139543961, 40.840175090459041 ], [ -73.8634447839584, 40.841307218361834 ], [ -73.853334901470149, 40.842481276927693 ], [ -73.852057278957901, 40.835604648184813 ], [ -73.851668437323738, 40.83422093630363 ], [ -73.848502155445544, 40.834514450945093 ], [ -73.847280081738177, 40.829315048724872 ], [ -73.84533587356735, 40.828434504800477 ], [ -73.842891726152615, 40.828602227452741 ] ] ] ] } },
{ "type": "Feature", "properties": { "id": "10", "CDTA2020": "BX10", "GEOCODE": 510, "GEONAME": "BX10 Co-op City-Throgs Neck (CD 10 Approximation)", "cd_population": 122824.0, "pop_within_walk": 19829.493249594318, "pct_pop_walk": 16.14464050152602 }, "geometry": { "type": "MultiPolygon", "coordinates": [ [ [ [ -73.815117323712371, 40.849064391029103 ], [ -73.816172751005098, 40.847009788538848 ], [ -73.814228542834286, 40.846003452625261 ], [ -73.814172994029406, 40.84474553273327 ], [ -73.813450859565961, 40.843655335493544 ], [ -73.815006226102611, 40.84348761284128 ], [ -73.815395067736773, 40.84239741560156 ], [ -73.814784030883089, 40.839084893219322 ], [ -73.815895006980696, 40.838623655925588 ], [ -73.8164504950295, 40.837785042664265 ], [ -73.816061653395337, 40.834598312271225 ], [ -73.815506165346534, 40.832292125802574 ], [ -73.814784030883089, 40.83082455259526 ], [ -73.813839701200123, 40.82998593933393 ], [ -73.812728725102502, 40.828266782148212 ], [ -73.813839701200123, 40.826841139603957 ], [ -73.814061896419645, 40.824493022472247 ], [ -73.81328421315132, 40.82394792385238 ], [ -73.809673540834083, 40.825289705070503 ], [ -73.80911805278528, 40.825876734353436 ], [ -73.807007198199813, 40.825331635733569 ], [ -73.806673905370531, 40.82340282523252 ], [ -73.805840673297325, 40.821893321362133 ], [ -73.805729575687565, 40.820174164176414 ], [ -73.80334097707771, 40.818245353675366 ], [ -73.802452196199624, 40.818538868316828 ], [ -73.79756390137014, 40.816526196489647 ], [ -73.797397254955499, 40.81577144455445 ], [ -73.799008170297029, 40.815561791239119 ], [ -73.800119146394636, 40.814010356705666 ], [ -73.801452317711764, 40.812920159465946 ], [ -73.802785489028906, 40.812458922172212 ], [ -73.803174330663069, 40.813507188748872 ], [ -73.805118538833881, 40.815645652565252 ], [ -73.805674026882684, 40.81501669261926 ], [ -73.80495189241924, 40.812165407530749 ], [ -73.803896465126513, 40.812123476867683 ], [ -73.802341098589864, 40.810026943714369 ], [ -73.798563779857986, 40.809607637083708 ], [ -73.792286764906493, 40.80684021332133 ], [ -73.790842495979604, 40.807343381278123 ], [ -73.790064812711265, 40.805414570777074 ], [ -73.791064691199125, 40.804282442874282 ], [ -73.7933977410041, 40.80419858154815 ], [ -73.795175302760271, 40.805750016081603 ], [ -73.798841523882388, 40.807175658625859 ], [ -73.801674512931285, 40.809020607800775 ], [ -73.804063111541154, 40.808769023822379 ], [ -73.807118295809573, 40.810655903660361 ], [ -73.808562564736476, 40.812165407530749 ], [ -73.814006347614765, 40.813549119411938 ], [ -73.81650604383438, 40.813842634053401 ], [ -73.821172143444343, 40.812962090129012 ], [ -73.824282876517657, 40.812123476867683 ], [ -73.826282633493349, 40.81128486360636 ], [ -73.827838000029999, 40.811452586258625 ], [ -73.829837757005706, 40.81099134896489 ], [ -73.831837513981398, 40.809272191779172 ], [ -73.83217080681068, 40.807511103930388 ], [ -73.831615318761877, 40.806630560005999 ], [ -73.831670867566757, 40.804953333483347 ], [ -73.834059466176612, 40.805121056135611 ], [ -73.836892455225524, 40.805917738733868 ], [ -73.838058980128011, 40.80704986663666 ], [ -73.838225626542652, 40.808181994539453 ], [ -73.840280932323239, 40.811452586258625 ], [ -73.840336481128119, 40.813129812781277 ], [ -73.839669895469541, 40.813926495379533 ], [ -73.839725444274421, 40.816400404500449 ], [ -73.836948004030404, 40.816358473837383 ], [ -73.836059223152319, 40.817784116381638 ], [ -73.836003674347438, 40.823528617221719 ], [ -73.837003552835284, 40.829063464746469 ], [ -73.842280689298931, 40.828686088778873 ], [ -73.841891847664769, 40.830698760606055 ], [ -73.839003309810977, 40.833382323042301 ], [ -73.838836663396336, 40.833801629672962 ], [ -73.839225505030498, 40.836736776087605 ], [ -73.839169956225618, 40.83870751725172 ], [ -73.840280932323239, 40.839504199849983 ], [ -73.839836541884182, 40.836107816141613 ], [ -73.839392151445139, 40.834598312271225 ], [ -73.839947639493943, 40.833340392379235 ], [ -73.842225140494051, 40.831537373867384 ], [ -73.843113921372137, 40.8297762860186 ], [ -73.842891726152615, 40.828602227452741 ], [ -73.84533587356735, 40.828434504800477 ], [ -73.847280081738177, 40.829315048724872 ], [ -73.848502155445544, 40.834514450945093 ], [ -73.851668437323738, 40.83422093630363 ], [ -73.852057278957901, 40.835604648184813 ], [ -73.853334901470149, 40.842481276927693 ], [ -73.848057765006502, 40.843068306210618 ], [ -73.84622465444545, 40.844493948754874 ], [ -73.847891118591861, 40.846003452625261 ], [ -73.845058129542949, 40.8486870150615 ], [ -73.844613739103906, 40.846380828592856 ], [ -73.844891483128308, 40.845416423342328 ], [ -73.843280567786778, 40.843529543504346 ], [ -73.841225262006205, 40.84059439708971 ], [ -73.837670138493849, 40.841139495709569 ], [ -73.83622586956696, 40.845835729972997 ], [ -73.835559283908395, 40.851957606780672 ], [ -73.834614954225415, 40.853802555955596 ], [ -73.833892819761971, 40.854473446564654 ], [ -73.831282025932595, 40.855437851815182 ], [ -73.828615683298324, 40.855731366456645 ], [ -73.827226963176315, 40.853341318661862 ], [ -73.827115865566554, 40.85187374545454 ], [ -73.82800464644464, 40.848645084398434 ], [ -73.826115987078708, 40.845332562016196 ], [ -73.826227084688469, 40.842984444884486 ], [ -73.825171657395742, 40.842690930243023 ], [ -73.824949462176221, 40.846087313951394 ], [ -73.820505557785779, 40.848519292409236 ], [ -73.820116716151617, 40.848016124452442 ], [ -73.816283848614859, 40.848561223072302 ], [ -73.815117323712371, 40.849064391029103 ] ] ], [ [ [ -73.789231580638059, 40.85875037419742 ], [ -73.788787190199017, 40.858414928892884 ], [ -73.788898287808777, 40.856611910381034 ], [ -73.788342799759974, 40.855605574467447 ], [ -73.788509446174615, 40.854431515901588 ], [ -73.787953958125811, 40.85346711065106 ], [ -73.786398591589162, 40.852125329432944 ], [ -73.784454383418336, 40.851077062856284 ], [ -73.78356560254025, 40.849274044344433 ], [ -73.782454626442643, 40.849357905670566 ], [ -73.781510296759677, 40.848561223072302 ], [ -73.783065663296327, 40.845500284668461 ], [ -73.783454504930489, 40.843655335493544 ], [ -73.781565845564558, 40.84080405040504 ], [ -73.781343650345036, 40.839294546534653 ], [ -73.78189913839384, 40.837659250675067 ], [ -73.784121090589053, 40.836736776087605 ], [ -73.785565359515957, 40.837910834653464 ], [ -73.785732005930598, 40.839252615871587 ], [ -73.787287372467247, 40.839671922502248 ], [ -73.788231702150213, 40.842187762286223 ], [ -73.789620422272222, 40.844493948754874 ], [ -73.791453532833287, 40.846800135223518 ], [ -73.791342435223527, 40.848225777767773 ], [ -73.789731519881983, 40.84952562832283 ], [ -73.790120361516145, 40.851202854845482 ], [ -73.791120240004005, 40.852041468106805 ], [ -73.791286886418646, 40.854599238553853 ], [ -73.792064569686971, 40.855647505130513 ], [ -73.792064569686971, 40.856528049054901 ], [ -73.790009263906384, 40.858540720882083 ], [ -73.789231580638059, 40.85875037419742 ] ] ], [ [ [ -73.76784529075907, 40.854431515901588 ], [ -73.769400657295733, 40.852544636063605 ], [ -73.768622974027394, 40.850783548214821 ], [ -73.769622852515255, 40.847596817821781 ], [ -73.76790083956395, 40.84529063135313 ], [ -73.769011815661571, 40.845080978037799 ], [ -73.771567060686067, 40.847512956495649 ], [ -73.770900475027503, 40.849735281638161 ], [ -73.772455841564152, 40.851706022802276 ], [ -73.77212254873487, 40.854431515901588 ], [ -73.772178097539751, 40.859966363426338 ], [ -73.770844926222622, 40.860092155415536 ], [ -73.768345230002993, 40.858372998229818 ], [ -73.768345230002993, 40.857660176957694 ], [ -73.765345594539454, 40.85506047584758 ], [ -73.76784529075907, 40.854431515901588 ] ] ], [ [ [ -73.784565481028096, 40.860511462046205 ], [ -73.784398834613455, 40.859714779447941 ], [ -73.7851209690769, 40.858792304860486 ], [ -73.786898530833085, 40.860259878067801 ], [ -73.784565481028096, 40.860511462046205 ] ] ], [ [ [ -73.820227813761377, 40.885502137233722 ], [ -73.820061167346736, 40.882105753525352 ], [ -73.821116594639463, 40.878960953795378 ], [ -73.823282998029796, 40.873090660966092 ], [ -73.821283241054104, 40.86906531731173 ], [ -73.815783909370936, 40.865752794929492 ], [ -73.816839336663662, 40.864327152385236 ], [ -73.819172386468651, 40.862314480558055 ], [ -73.821283241054104, 40.861140421992197 ], [ -73.827226963176315, 40.859211611491148 ], [ -73.828393488078802, 40.860930768676866 ], [ -73.829560012981304, 40.862146757905791 ], [ -73.832670746054603, 40.8682267040504 ], [ -73.834337210201014, 40.872042394389439 ], [ -73.834781600640071, 40.873719620912091 ], [ -73.834670503030296, 40.876528975337528 ], [ -73.83378172215221, 40.878709369816981 ], [ -73.831448672347236, 40.881099417611757 ], [ -73.829060073737367, 40.882608921482145 ], [ -73.826060438273828, 40.884160356015599 ], [ -73.826615926322631, 40.884663523972392 ], [ -73.822060924322429, 40.886089166516648 ], [ -73.820227813761377, 40.885502137233722 ] ] ] ] } },
{ "type": "Feature", "properties": { "id": "11", "CDTA2020": "BX11", "GEOCODE": 511, "GEONAME": "BX11 Pelham Parkway-Morris Park (CD 11 Approximation)", "cd_population": 113982.0, "pop_within_walk": 41493.710405877777, "pct_pop_walk": 36.403739542978521 }, "geometry": { "type": "Polygon", "coordinates": [ [ [ -73.829560012981304, 40.862146757905791 ], [ -73.828393488078802, 40.860930768676866 ], [ -73.831226477127714, 40.857492454305429 ], [ -73.832837392469244, 40.85610874242424 ], [ -73.831282025932595, 40.855437851815182 ], [ -73.833892819761971, 40.854473446564654 ], [ -73.834614954225415, 40.853802555955596 ], [ -73.835559283908395, 40.851957606780672 ], [ -73.83622586956696, 40.845835729972997 ], [ -73.837670138493849, 40.841139495709569 ], [ -73.841225262006205, 40.84059439708971 ], [ -73.843280567786778, 40.843529543504346 ], [ -73.844891483128308, 40.845416423342328 ], [ -73.844613739103906, 40.846380828592856 ], [ -73.845058129542949, 40.8486870150615 ], [ -73.847891118591861, 40.846003452625261 ], [ -73.84622465444545, 40.844493948754874 ], [ -73.848057765006502, 40.843068306210618 ], [ -73.853334901470149, 40.842481276927693 ], [ -73.8634447839584, 40.841307218361834 ], [ -73.867833139543961, 40.840175090459041 ], [ -73.86922185966597, 40.839588061176116 ], [ -73.873610215251531, 40.839797714491446 ], [ -73.870999421422141, 40.843110236873684 ], [ -73.868055334763483, 40.844829394059403 ], [ -73.868610822812286, 40.84529063135313 ], [ -73.868944115641568, 40.84688399654965 ], [ -73.868333078787884, 40.847093649864981 ], [ -73.867833139543961, 40.848854737713772 ], [ -73.86922185966597, 40.849232113681367 ], [ -73.868277529983004, 40.850951270867085 ], [ -73.869888445324534, 40.855689435793579 ], [ -73.868388627592765, 40.857785968946892 ], [ -73.871054970227021, 40.857366662316231 ], [ -73.870555030983098, 40.861392005970593 ], [ -73.870388384568457, 40.864662597689765 ], [ -73.870555030983098, 40.869694277257722 ], [ -73.864333564836485, 40.869652346594656 ], [ -73.864278016031605, 40.871371503780374 ], [ -73.856612280958089, 40.871245711791175 ], [ -73.856501183348328, 40.874222788868884 ], [ -73.848613253055305, 40.871665018421837 ], [ -73.835781479127917, 40.864998042994294 ], [ -73.831615318761877, 40.862649925862584 ], [ -73.829560012981304, 40.862146757905791 ] ] ] } },
{ "type": "Feature", "properties": { "id": "12", "CDTA2020": "BX12", "GEOCODE": 512, "GEONAME": "BX12 Wakefield-Williamsbridge-Eastchester (CD 12 Approximation)", "cd_population": 164962.0, "pop_within_walk": 45266.202651642554, "pct_pop_walk": 27.44038181620164 }, "geometry": { "type": "Polygon", "coordinates": [ [ [ -73.793231094589459, 40.882818574797476 ], [ -73.794508717101706, 40.883070158775872 ], [ -73.803285428272829, 40.88541827590759 ], [ -73.805174087638761, 40.886005305190515 ], [ -73.807895979077912, 40.885795651875185 ], [ -73.812784273907397, 40.886676195799581 ], [ -73.815172872517252, 40.886676195799581 ], [ -73.820227813761377, 40.885502137233722 ], [ -73.822060924322429, 40.886089166516648 ], [ -73.826615926322631, 40.884663523972392 ], [ -73.826060438273828, 40.884160356015599 ], [ -73.829060073737367, 40.882608921482145 ], [ -73.831448672347236, 40.881099417611757 ], [ -73.83378172215221, 40.878709369816981 ], [ -73.834670503030296, 40.876528975337528 ], [ -73.834781600640071, 40.873719620912091 ], [ -73.834337210201014, 40.872042394389439 ], [ -73.832670746054603, 40.8682267040504 ], [ -73.829560012981304, 40.862146757905791 ], [ -73.831615318761877, 40.862649925862584 ], [ -73.835781479127917, 40.864998042994294 ], [ -73.848613253055305, 40.871665018421837 ], [ -73.856501183348328, 40.874222788868884 ], [ -73.856612280958089, 40.871245711791175 ], [ -73.864278016031605, 40.871371503780374 ], [ -73.864333564836485, 40.869652346594656 ], [ -73.870555030983098, 40.869694277257722 ], [ -73.870332835763577, 40.875606500750074 ], [ -73.869388506080611, 40.878122340534048 ], [ -73.870943872617261, 40.878499716501651 ], [ -73.870166189348936, 40.880344665676567 ], [ -73.874776740154019, 40.88009308169817 ], [ -73.874721191349138, 40.881560654905485 ], [ -73.878109668446839, 40.882147684188418 ], [ -73.877609729202916, 40.884537731983194 ], [ -73.878054119641959, 40.887137433093308 ], [ -73.87816521725172, 40.888059907680763 ], [ -73.880164974227426, 40.892085251335132 ], [ -73.880387169446948, 40.893259309900991 ], [ -73.880053876617666, 40.895230051065106 ], [ -73.877109789958993, 40.895481635043502 ], [ -73.876443204300429, 40.896865346924692 ], [ -73.875221130593062, 40.898165197479749 ], [ -73.873721312861292, 40.899045741404137 ], [ -73.869943994129414, 40.900848759915988 ], [ -73.867888688348842, 40.902945293069301 ], [ -73.859445270007001, 40.900513314611459 ], [ -73.858889781958197, 40.901729303840384 ], [ -73.857112220202026, 40.903658114341432 ], [ -73.857001122592266, 40.904580588928887 ], [ -73.856001244104405, 40.905293410201018 ], [ -73.856945573787385, 40.905964300810076 ], [ -73.854223682348234, 40.907012567386737 ], [ -73.854612523982397, 40.908941377887786 ], [ -73.852946059835986, 40.910367020432041 ], [ -73.852279474177422, 40.909863852475247 ], [ -73.85350154788479, 40.90751573534353 ], [ -73.85094630286028, 40.906635191419142 ], [ -73.850168619591955, 40.90751573534353 ], [ -73.847057886518655, 40.906173954125407 ], [ -73.844835934323427, 40.905544994179415 ], [ -73.844891483128308, 40.904203212961292 ], [ -73.841391908420846, 40.904161282298226 ], [ -73.840669773957401, 40.901393858535847 ], [ -73.839225505030498, 40.899506978697865 ], [ -73.839669895469541, 40.897326584218419 ], [ -73.838392272957293, 40.894055992499247 ], [ -73.838058980128011, 40.894139853825379 ], [ -73.823671839663959, 40.889904856855679 ], [ -73.822838607590754, 40.891204707410736 ], [ -73.818283605590565, 40.889862926192613 ], [ -73.802896586638667, 40.886047235853582 ], [ -73.793842131443142, 40.883657188058805 ], [ -73.793231094589459, 40.882818574797476 ] ] ] } },
{ "type": "Feature", "properties": { "id": "13", "CDTA2020": "BX26", "GEOCODE": 526, "GEONAME": "BX26 Van Cortlandt Park (JIA 26 Equivalent)", "cd_population": 56.0, "pop_within_walk": 0.0, "pct_pop_walk": 0.0 }, "geometry": { "type": "Polygon", "coordinates": [ [ [ -73.867888688348842, 40.902945293069301 ], [ -73.869943994129414, 40.900848759915988 ], [ -73.873721312861292, 40.899045741404137 ], [ -73.875221130593062, 40.898165197479749 ], [ -73.876443204300429, 40.896865346924692 ], [ -73.877109789958993, 40.895481635043502 ], [ -73.880053876617666, 40.895230051065106 ], [ -73.880387169446948, 40.893259309900991 ], [ -73.880164974227426, 40.892085251335132 ], [ -73.87816521725172, 40.888059907680763 ], [ -73.878054119641959, 40.887137433093308 ], [ -73.881220401520153, 40.882692782808277 ], [ -73.882775768056803, 40.883405604080409 ], [ -73.884220036983692, 40.883195950765071 ], [ -73.887053026032603, 40.884370009330929 ], [ -73.887608514081407, 40.884244217341731 ], [ -73.899884799959992, 40.886550403810375 ], [ -73.89644077405741, 40.893636685868586 ], [ -73.897162908520855, 40.899381186708666 ], [ -73.89638522525253, 40.903196877047705 ], [ -73.896607420472051, 40.911415287008701 ], [ -73.886053147544757, 40.908312417941794 ], [ -73.883053512081204, 40.907348012691266 ], [ -73.867888688348842, 40.902945293069301 ] ] ] } },
{ "type": "Feature", "properties": { "id": "14", "CDTA2020": "BX27", "GEOCODE": 527, "GEONAME": "BX27 Bronx Park (JIA 27 Approximation)", "cd_population": 26.0, "pop_within_walk": 0.0, "pct_pop_walk": 0.0 }, "geometry": { "type": "Polygon", "coordinates": [ [ [ -73.870555030983098, 40.869694277257722 ], [ -73.870388384568457, 40.864662597689765 ], [ -73.870555030983098, 40.861392005970593 ], [ -73.871054970227021, 40.857366662316231 ], [ -73.868388627592765, 40.857785968946892 ], [ -73.869888445324534, 40.855689435793579 ], [ -73.868277529983004, 40.850951270867085 ], [ -73.86922185966597, 40.849232113681367 ], [ -73.869888445324534, 40.846632412571253 ], [ -73.870999421422141, 40.845919591299129 ], [ -73.871110519031902, 40.844913255385535 ], [ -73.872165946324628, 40.843655335493544 ], [ -73.873999056885694, 40.842523207590759 ], [ -73.874610093739378, 40.841516871677165 ], [ -73.87816521725172, 40.842607068916891 ], [ -73.877331985178515, 40.84399078079808 ], [ -73.882831316861683, 40.847806471137112 ], [ -73.883109060886085, 40.848225777767773 ], [ -73.88072046227623, 40.856695771707166 ], [ -73.880998206300632, 40.85824720624062 ], [ -73.880609364666469, 40.8608888380138 ], [ -73.881998084788478, 40.862062896579658 ], [ -73.883775646544649, 40.864159429732972 ], [ -73.883831195349529, 40.865207696309625 ], [ -73.882664670447042, 40.866088240234021 ], [ -73.883109060886085, 40.866591408190814 ], [ -73.876943143544352, 40.869945861236118 ], [ -73.875165581788181, 40.871581157095704 ], [ -73.872554787958791, 40.875187194119412 ], [ -73.870943872617261, 40.878499716501651 ], [ -73.869388506080611, 40.878122340534048 ], [ -73.870332835763577, 40.875606500750074 ], [ -73.870555030983098, 40.869694277257722 ] ] ] } },
{ "type": "Feature", "properties": { "id": "15", "CDTA2020": "BX28", "GEOCODE": 528, "GEONAME": "BX28 Pelham Bay Park (JIA 28 Approximation)", "cd_population": 57.0, "pop_within_walk": 0.0, "pct_pop_walk": 0.0 }, "geometry": { "type": "MultiPolygon", "coordinates": [ [ [ [ -73.802230000980103, 40.841642663666363 ], [ -73.802618842614265, 40.841097565046503 ], [ -73.805285185248522, 40.841139495709569 ], [ -73.806951649394932, 40.841474941014098 ], [ -73.806785002980291, 40.842481276927693 ], [ -73.803952013931394, 40.842607068916891 ], [ -73.802230000980103, 40.841642663666363 ] ] ], [ [ [ -73.793231094589459, 40.882818574797476 ], [ -73.794897558735869, 40.880554318991898 ], [ -73.79500865634563, 40.879757636393634 ], [ -73.796230730052997, 40.877032143294329 ], [ -73.797119510931097, 40.876193530032999 ], [ -73.797452803760379, 40.875145263456346 ], [ -73.799841402370234, 40.874138927542752 ], [ -73.8007857320532, 40.871497295769572 ], [ -73.802674391419146, 40.870155514551449 ], [ -73.802952135443547, 40.868729872007201 ], [ -73.804229757955795, 40.868687941344135 ], [ -73.807118295809573, 40.870700613171316 ], [ -73.80656280776077, 40.868646010681069 ], [ -73.80495189241924, 40.868310565376532 ], [ -73.804007562736274, 40.867136506810681 ], [ -73.803174330663069, 40.867094576147615 ], [ -73.803007684248428, 40.865752794929492 ], [ -73.801730061736166, 40.86642368553855 ], [ -73.7976749989799, 40.872377839693968 ], [ -73.794786461126108, 40.87321645295529 ], [ -73.793953229052903, 40.874558234173413 ], [ -73.793175545784578, 40.877074073957395 ], [ -73.794397619491946, 40.877661103240321 ], [ -73.792620057735775, 40.879673775067502 ], [ -73.790953593589364, 40.88009308169817 ], [ -73.790786947174723, 40.880847833633361 ], [ -73.789064934223418, 40.881225209600956 ], [ -73.789509324662461, 40.879002884458444 ], [ -73.78612084756476, 40.87904481512151 ], [ -73.784232188198814, 40.878290063186313 ], [ -73.784676578637857, 40.876067738043801 ], [ -73.785954201150119, 40.875145263456346 ], [ -73.787009628442846, 40.873803482238223 ], [ -73.787120726052606, 40.872755215661563 ], [ -73.785065420272019, 40.872000463726373 ], [ -73.783954444174412, 40.872881007650761 ], [ -73.783121212101207, 40.872293978367836 ], [ -73.783176760906088, 40.870910266486646 ], [ -73.784287737003694, 40.869778138583854 ], [ -73.785676457125717, 40.869191109300928 ], [ -73.788342799759974, 40.86927497062706 ], [ -73.790786947174723, 40.868310565376532 ], [ -73.792009020882091, 40.866507546864682 ], [ -73.792286764906493, 40.865165765646559 ], [ -73.792120118491852, 40.863614331113112 ], [ -73.791509081638168, 40.862356411221121 ], [ -73.79189792327233, 40.861056560666064 ], [ -73.793564387418741, 40.860511462046205 ], [ -73.794897558735869, 40.858079483588355 ], [ -73.794342070687065, 40.856528049054901 ], [ -73.796841766906695, 40.856276465076505 ], [ -73.799063719101909, 40.854054139933993 ], [ -73.797952743004302, 40.853005873357333 ], [ -73.798174938223823, 40.85057389489949 ], [ -73.799674755955593, 40.849483697659764 ], [ -73.800119146394636, 40.848309639093905 ], [ -73.801396768906883, 40.8486870150615 ], [ -73.80184115934594, 40.850112657605756 ], [ -73.804174209150915, 40.853341318661862 ], [ -73.804563050785077, 40.854725030543051 ], [ -73.803618721102112, 40.855395921152116 ], [ -73.804618599589958, 40.859966363426338 ], [ -73.804729697199718, 40.861475867296726 ], [ -73.806229514931488, 40.861433936633659 ], [ -73.805840673297325, 40.86005022475247 ], [ -73.807396039833989, 40.860134086078602 ], [ -73.808284820712075, 40.859714779447941 ], [ -73.809395796809682, 40.860553392709271 ], [ -73.810840065736571, 40.862314480558055 ], [ -73.81328421315132, 40.86323695514551 ], [ -73.813839701200123, 40.863907845754575 ], [ -73.815117323712371, 40.863069232493245 ], [ -73.816394946224619, 40.861182352655263 ], [ -73.813839701200123, 40.860553392709271 ], [ -73.812728725102502, 40.858876166186619 ], [ -73.81228433466346, 40.854179931923191 ], [ -73.816394946224619, 40.854096070597059 ], [ -73.817228178297825, 40.851831814791474 ], [ -73.816228299809978, 40.850112657605756 ], [ -73.815117323712371, 40.849064391029103 ], [ -73.816283848614859, 40.848561223072302 ], [ -73.820116716151617, 40.848016124452442 ], [ -73.820505557785779, 40.848519292409236 ], [ -73.824949462176221, 40.846087313951394 ], [ -73.825171657395742, 40.842690930243023 ], [ -73.826227084688469, 40.842984444884486 ], [ -73.826115987078708, 40.845332562016196 ], [ -73.82800464644464, 40.848645084398434 ], [ -73.827115865566554, 40.85187374545454 ], [ -73.827226963176315, 40.853341318661862 ], [ -73.828615683298324, 40.855731366456645 ], [ -73.831282025932595, 40.855437851815182 ], [ -73.832837392469244, 40.85610874242424 ], [ -73.831226477127714, 40.857492454305429 ], [ -73.828393488078802, 40.860930768676866 ], [ -73.827226963176315, 40.859211611491148 ], [ -73.821283241054104, 40.861140421992197 ], [ -73.819172386468651, 40.862314480558055 ], [ -73.816839336663662, 40.864327152385236 ], [ -73.815783909370936, 40.865752794929492 ], [ -73.821283241054104, 40.86906531731173 ], [ -73.823282998029796, 40.873090660966092 ], [ -73.821116594639463, 40.878960953795378 ], [ -73.820061167346736, 40.882105753525352 ], [ -73.820227813761377, 40.885502137233722 ], [ -73.815172872517252, 40.886676195799581 ], [ -73.812784273907397, 40.886676195799581 ], [ -73.807895979077912, 40.885795651875185 ], [ -73.805174087638761, 40.886005305190515 ], [ -73.803285428272829, 40.88541827590759 ], [ -73.794508717101706, 40.883070158775872 ], [ -73.793231094589459, 40.882818574797476 ] ] ] ] } },
{ "type": "Feature", "properties": { "id": "16", "CDTA2020": "BK01", "GEOCODE": 4701, "GEONAME": "BK01 Williamsburg-Greenpoint (CD 1 Equivalent)", "cd_population": 203002.0, "pop_within_walk": 127220.47921939282, "pct_pop_walk": 62.66956937340165 }, "geometry": { "type": "Polygon", "coordinates": [ [ [ -73.924048530083013, 40.714131517281729 ], [ -73.922215419521947, 40.712873597389738 ], [ -73.921548833863383, 40.711028648214821 ], [ -73.920771150595058, 40.710525480258021 ], [ -73.921882126692665, 40.709393352355235 ], [ -73.925937189448945, 40.7058292459946 ], [ -73.933936217351743, 40.702684446264627 ], [ -73.941935245254527, 40.700713705100505 ], [ -73.957044520182023, 40.698994547914786 ], [ -73.962821595889594, 40.698030142664265 ], [ -73.962155010231029, 40.700210537143711 ], [ -73.967209951475155, 40.70423588079808 ], [ -73.968376476377642, 40.706835581908187 ], [ -73.969265257255728, 40.707087165886584 ], [ -73.969931842914292, 40.709309491029103 ], [ -73.968487573987403, 40.713125181368135 ], [ -73.968820866816685, 40.713209042694267 ], [ -73.966598914621457, 40.71794720762076 ], [ -73.966543365816577, 40.718031068946893 ], [ -73.965765682548252, 40.718701959555951 ], [ -73.965099096889688, 40.720337255415537 ], [ -73.965043548084807, 40.720379186078603 ], [ -73.964376962426243, 40.720421116741669 ], [ -73.964376962426243, 40.720463047404735 ], [ -73.964210316011602, 40.720672700720073 ], [ -73.964043669596961, 40.720798492709271 ], [ -73.964043669596961, 40.720882354035403 ], [ -73.962988242304235, 40.722014481938189 ], [ -73.962099461426149, 40.723859431113112 ], [ -73.961988363816388, 40.723985223102311 ], [ -73.961155131743169, 40.725285073657361 ], [ -73.958322142694271, 40.724404529732972 ], [ -73.958433240304032, 40.725410865646559 ], [ -73.960099704450442, 40.725327004320427 ], [ -73.961599522182226, 40.725872102940293 ], [ -73.961044034133408, 40.728723388028797 ], [ -73.961266229352944, 40.73006516924692 ], [ -73.961266229352944, 40.730149030573052 ], [ -73.961655070987106, 40.731490811791176 ], [ -73.961710619791987, 40.731574673117308 ], [ -73.96226610784079, 40.734048582238223 ], [ -73.961599522182226, 40.735180710141009 ], [ -73.959821960426041, 40.737067589978999 ], [ -73.956933422572263, 40.738870608490849 ], [ -73.954767019181915, 40.739122192469246 ], [ -73.953211652645265, 40.738996400480048 ], [ -73.950378663596368, 40.738283579207916 ], [ -73.946434698449849, 40.736774075337529 ], [ -73.94237963569357, 40.735432294119413 ], [ -73.941157561986202, 40.734132443564356 ], [ -73.939768841864193, 40.731071505160514 ], [ -73.936935852815282, 40.729100763996399 ], [ -73.934936095839589, 40.728555665376533 ], [ -73.929603410571062, 40.727633190789078 ], [ -73.927881397619757, 40.725830172277227 ], [ -73.927770300009996, 40.724907697689765 ], [ -73.925603896619663, 40.720043740774074 ], [ -73.924492920522056, 40.719624434143412 ], [ -73.924826213351338, 40.71849230624062 ], [ -73.928381336863694, 40.717569831653165 ], [ -73.929714508180822, 40.717024733033298 ], [ -73.929492312961301, 40.715724882478249 ], [ -73.932103106790677, 40.715053991869183 ], [ -73.931214325912592, 40.71371221065106 ], [ -73.932658594839481, 40.712999389378936 ], [ -73.93093658188819, 40.709183699039905 ], [ -73.930269996229626, 40.708932115061501 ], [ -73.931825362766276, 40.712538152085209 ], [ -73.930436642644267, 40.713209042694267 ], [ -73.930825484278429, 40.714886269216919 ], [ -73.928436885668575, 40.715515229162911 ], [ -73.928881276107617, 40.716563495739571 ], [ -73.928103592839278, 40.717108594359431 ], [ -73.924604018131816, 40.71794720762076 ], [ -73.923048651595167, 40.71635384242424 ], [ -73.924826213351338, 40.715263645184514 ], [ -73.924048530083013, 40.714131517281729 ] ] ] } },
{ "type": "Feature", "properties": { "id": "17", "CDTA2020": "BK02", "GEOCODE": 4702, "GEONAME": "BK02 Downtown Brooklyn-Fort Greene (CD 2 Approximation)", "cd_population": 125637.0, "pop_within_walk": 73283.784900431332, "pct_pop_walk": 58.329779364702546 }, "geometry": { "type": "Polygon", "coordinates": [ [ [ -73.969265257255728, 40.707087165886584 ], [ -73.968376476377642, 40.706835581908187 ], [ -73.967209951475155, 40.70423588079808 ], [ -73.962155010231029, 40.700210537143711 ], [ -73.962821595889594, 40.698030142664265 ], [ -73.961044034133408, 40.698323657305728 ], [ -73.959433118791878, 40.690440692649261 ], [ -73.960266350865083, 40.690356831323129 ], [ -73.958822081938195, 40.683018965286529 ], [ -73.961655070987106, 40.682683519981993 ], [ -73.961321778157824, 40.680461194839481 ], [ -73.97376471045105, 40.683060895949595 ], [ -73.977430931573153, 40.684067231863182 ], [ -73.978041968426851, 40.684863914461445 ], [ -73.979597334963501, 40.682473866666662 ], [ -73.988262948524849, 40.685870250375032 ], [ -73.989151729402948, 40.684570399819982 ], [ -73.993928926622658, 40.686457279657965 ], [ -73.992373560086008, 40.689685940714071 ], [ -73.999928197549764, 40.691782473867384 ], [ -74.001761308110815, 40.692411433813376 ], [ -74.001261368866892, 40.693291977737772 ], [ -74.00098362484249, 40.694088660336028 ], [ -74.000261490379046, 40.694969204260424 ], [ -73.999483807110707, 40.696688361446142 ], [ -73.998872770257023, 40.69714959873987 ], [ -73.9983728310131, 40.698072073327332 ], [ -73.998039538183818, 40.69874296393639 ], [ -73.99670636686669, 40.700881427752776 ], [ -73.995039902720279, 40.703145683558354 ], [ -73.994817707500758, 40.703271475547552 ], [ -73.994873256305638, 40.703774643504346 ], [ -73.994762158695877, 40.70394236615661 ], [ -73.994595512281236, 40.704361672787279 ], [ -73.992151364866487, 40.704697118091808 ], [ -73.990929291159119, 40.704026227482743 ], [ -73.990096059085914, 40.704948702070205 ], [ -73.983430202500259, 40.705661523342329 ], [ -73.982485872817279, 40.70553573135313 ], [ -73.982319226402637, 40.70553573135313 ], [ -73.980930506280629, 40.705913107320733 ], [ -73.979264042134218, 40.705787315331534 ], [ -73.978041968426851, 40.704277811461147 ], [ -73.975986662646264, 40.704697118091808 ], [ -73.97693099232923, 40.702810238253825 ], [ -73.975986662646264, 40.701929694329429 ], [ -73.973209222402247, 40.701678110351033 ], [ -73.972820380768084, 40.702726376927693 ], [ -73.969820745304531, 40.700252467806777 ], [ -73.969487452475249, 40.700504051785174 ], [ -73.972820380768084, 40.703355336873685 ], [ -73.969265257255728, 40.70138459570957 ], [ -73.968987513231326, 40.701761971677165 ], [ -73.971431660646061, 40.703523059525949 ], [ -73.971042819011899, 40.703816574167412 ], [ -73.973375868816888, 40.705745384668461 ], [ -73.972542636743682, 40.706206621962195 ], [ -73.974653491329136, 40.707674195169517 ], [ -73.974209100890093, 40.708009640474046 ], [ -73.97120946542654, 40.705787315331534 ], [ -73.971042819011899, 40.706961373897386 ], [ -73.972764831963204, 40.708848253735368 ], [ -73.972320441524161, 40.709099837713772 ], [ -73.970265135743574, 40.706877512571253 ], [ -73.970154038133813, 40.704948702070205 ], [ -73.967598793109318, 40.703355336873685 ], [ -73.967487695499557, 40.70394236615661 ], [ -73.969320806060608, 40.705074494059403 ], [ -73.969265257255728, 40.707087165886584 ] ] ] } },
{ "type": "Feature", "properties": { "id": "18", "CDTA2020": "BK03", "GEOCODE": 4703, "GEONAME": "BK03 Bedford-Stuyvesant (CD 3 Approximation)", "cd_population": 180283.0, "pop_within_walk": 49331.428306588583, "pct_pop_walk": 27.363327827132114 }, "geometry": { "type": "Polygon", "coordinates": [ [ [ -73.918049259155922, 40.687212031593155 ], [ -73.916327246204617, 40.678574315001498 ], [ -73.921659931473144, 40.678867829642961 ], [ -73.921826577887785, 40.677022880468044 ], [ -73.952045127742778, 40.67865817632763 ], [ -73.955933544084417, 40.679329066936688 ], [ -73.961321778157824, 40.680461194839481 ], [ -73.961655070987106, 40.682683519981993 ], [ -73.958822081938195, 40.683018965286529 ], [ -73.960266350865083, 40.690356831323129 ], [ -73.959433118791878, 40.690440692649261 ], [ -73.961044034133408, 40.698323657305728 ], [ -73.957044520182023, 40.698994547914786 ], [ -73.941935245254527, 40.700713705100505 ], [ -73.929714508180822, 40.693879007020698 ], [ -73.918049259155922, 40.687212031593155 ] ] ] } },
{ "type": "Feature", "properties": { "id": "19", "CDTA2020": "BK04", "GEOCODE": 4704, "GEONAME": "BK04 Bushwick (CD 4 Equivalent)", "cd_population": 111975.0, "pop_within_walk": 44514.95053857239, "pct_pop_walk": 39.754365294550027 }, "geometry": { "type": "Polygon", "coordinates": [ [ [ -73.896551871667171, 40.68239000534053 ], [ -73.896885164496453, 40.680880501470142 ], [ -73.897496201350137, 40.680083818871886 ], [ -73.900218092789274, 40.679412928262821 ], [ -73.902606691399143, 40.680670848154811 ], [ -73.904050960326032, 40.67920327494749 ], [ -73.929714508180822, 40.693879007020698 ], [ -73.941935245254527, 40.700713705100505 ], [ -73.933936217351743, 40.702684446264627 ], [ -73.925937189448945, 40.7058292459946 ], [ -73.921882126692665, 40.709393352355235 ], [ -73.911827793009309, 40.703439198199817 ], [ -73.912883220302035, 40.702349000960091 ], [ -73.910661268106807, 40.701049150405041 ], [ -73.911827793009309, 40.699958953165314 ], [ -73.904273155545553, 40.695682025532548 ], [ -73.905772973277323, 40.694130590999094 ], [ -73.901384617691775, 40.691572820552054 ], [ -73.901884556935698, 40.69106965259526 ], [ -73.900440288008795, 40.688176436843683 ], [ -73.901162422472254, 40.68788292220222 ], [ -73.896551871667171, 40.68239000534053 ] ] ] } },
{ "type": "Feature", "properties": { "id": "20", "CDTA2020": "BK05", "GEOCODE": 4705, "GEONAME": "BK05 East New York-Cypress Hills (CD 5 Approximation)", "cd_population": 201036.0, "pop_within_walk": 40858.247139755091, "pct_pop_walk": 20.323846047352262 }, "geometry": { "type": "MultiPolygon", "coordinates": [ [ [ [ -73.888275099739971, 40.646707011071108 ], [ -73.888522544416261, 40.646947159414125 ], [ -73.888441746154612, 40.646916664386438 ], [ -73.888275099739971, 40.646707011071108 ] ] ], [ [ [ -73.888522544416261, 40.646947159414125 ], [ -73.888552843764373, 40.646958595049504 ], [ -73.888663941374134, 40.647084387038703 ], [ -73.888522544416261, 40.646947159414125 ] ] ], [ [ [ -73.857612159445949, 40.671655755595559 ], [ -73.855667951275123, 40.663856652265224 ], [ -73.858445391519155, 40.663437345634563 ], [ -73.857612159445949, 40.660124823252325 ], [ -73.860278502080206, 40.659621655295524 ], [ -73.863167039933998, 40.658279874077408 ], [ -73.862722649494955, 40.657608983468343 ], [ -73.863278137543759, 40.656938092859285 ], [ -73.863000393519357, 40.656015618271823 ], [ -73.86100063654365, 40.655218935673567 ], [ -73.860556246104608, 40.654631906390634 ], [ -73.862778198299836, 40.653248194509452 ], [ -73.86927740847085, 40.649767949474942 ], [ -73.871277165446543, 40.648551960246024 ], [ -73.87344356883689, 40.64679087239724 ], [ -73.879220644544461, 40.654589975727568 ], [ -73.8791095469347, 40.653709431803179 ], [ -73.873887959275933, 40.646329635103505 ], [ -73.87494338656866, 40.644987853885389 ], [ -73.876498753105309, 40.642597806090606 ], [ -73.878331863666361, 40.638865977077707 ], [ -73.880498267056709, 40.641130232883285 ], [ -73.880053876617666, 40.64201077680768 ], [ -73.881387047934794, 40.642346222112209 ], [ -73.882164731203119, 40.643729933993399 ], [ -73.883442353715367, 40.644526616591655 ], [ -73.885553208300834, 40.644023448634861 ], [ -73.887664062886287, 40.646329635103505 ], [ -73.887664062886287, 40.647797208310827 ], [ -73.888663941374134, 40.648006861626158 ], [ -73.889941563886396, 40.649264781518148 ], [ -73.890552600740079, 40.649222850855082 ], [ -73.891274735203524, 40.650019533453346 ], [ -73.889997112691276, 40.651151661356131 ], [ -73.891385832813285, 40.652367650585056 ], [ -73.893552236203618, 40.655218935673567 ], [ -73.897607298959898, 40.653457847824782 ], [ -73.895885286008607, 40.651864482628262 ], [ -73.903995411521151, 40.646623149744975 ], [ -73.90943919439944, 40.651529037323733 ], [ -73.908550413521354, 40.652116066606659 ], [ -73.907383888618867, 40.652828887878783 ], [ -73.90782827905791, 40.654589975727568 ], [ -73.903162179447946, 40.655302796999699 ], [ -73.900273641594154, 40.657189676837682 ], [ -73.898829372667265, 40.657399330153012 ], [ -73.89966260474047, 40.660753783198317 ], [ -73.900662483228317, 40.660586060546052 ], [ -73.901440166496656, 40.663646998949893 ], [ -73.900440288008795, 40.663814721602158 ], [ -73.903495472277228, 40.675513376597657 ], [ -73.900051446374633, 40.676897088478846 ], [ -73.904050960326032, 40.67920327494749 ], [ -73.902606691399143, 40.680670848154811 ], [ -73.900218092789274, 40.679412928262821 ], [ -73.897496201350137, 40.680083818871886 ], [ -73.896885164496453, 40.680880501470142 ], [ -73.896551871667171, 40.68239000534053 ], [ -73.894163273057302, 40.685283221092106 ], [ -73.892607906520652, 40.683480202580256 ], [ -73.890163759105917, 40.684989706450644 ], [ -73.889608271057099, 40.684234954515446 ], [ -73.88810845332533, 40.685283221092106 ], [ -73.884497781008108, 40.686666932973296 ], [ -73.883775646544649, 40.68788292220222 ], [ -73.879498388568862, 40.691153513921392 ], [ -73.873999056885694, 40.694172521662161 ], [ -73.868944115641568, 40.695136926912689 ], [ -73.868388627592765, 40.694717620282027 ], [ -73.868610822812286, 40.693879007020698 ], [ -73.867444297909785, 40.688386090159014 ], [ -73.86661106583658, 40.685283221092106 ], [ -73.866000028982896, 40.681928768046802 ], [ -73.864111369616964, 40.68239000534053 ], [ -73.863333686348639, 40.679370997599754 ], [ -73.862333807860793, 40.679161344284424 ], [ -73.860389599689967, 40.671236448964891 ], [ -73.857612159445949, 40.671655755595559 ] ] ] ] } },
{ "type": "Feature", "properties": { "id": "21", "CDTA2020": "BK06", "GEOCODE": 4706, "GEONAME": "BK06 Park Slope-Carroll Gardens (CD 6 Approximation)", "cd_population": 120957.0, "pop_within_walk": 36750.054319018796, "pct_pop_walk": 30.382742891290953 }, "geometry": { "type": "Polygon", "coordinates": [ [ [ -73.97376471045105, 40.683060895949595 ], [ -73.974709040134016, 40.68025154152415 ], [ -73.976153309060905, 40.678071147044705 ], [ -73.971876051085104, 40.676393920522052 ], [ -73.969487452475249, 40.675890752565252 ], [ -73.968709769206924, 40.673794219411938 ], [ -73.968931964426446, 40.672871744824477 ], [ -73.970431782158215, 40.672662091509146 ], [ -73.971820502280224, 40.670649419681965 ], [ -73.979652883768381, 40.66125695115511 ], [ -73.980152823012304, 40.661173089828978 ], [ -73.991706974427444, 40.666749868016801 ], [ -73.992762401720171, 40.66549194812481 ], [ -73.994706609890997, 40.666666006690669 ], [ -73.998761672647262, 40.671613824932493 ], [ -74.000317039183926, 40.668720609180916 ], [ -74.002205698549858, 40.668594817191718 ], [ -74.002872284208422, 40.667336897299727 ], [ -74.005094236403636, 40.667965857245726 ], [ -74.005983017281736, 40.667881995919586 ], [ -74.004760943574354, 40.670733281008097 ], [ -74.005427529232932, 40.670901003660362 ], [ -74.006594054135419, 40.668636747854784 ], [ -74.00987143362336, 40.668510955865585 ], [ -74.011537897769784, 40.665072641494149 ], [ -74.015759606940691, 40.664569473537348 ], [ -74.016926131843192, 40.664862988178818 ], [ -74.017870461526158, 40.665869324092405 ], [ -74.018592595989603, 40.670397835703568 ], [ -74.017537168696876, 40.67102679564956 ], [ -74.016703936623671, 40.665450017461744 ], [ -74.012260032233229, 40.665743532103207 ], [ -74.01087131211122, 40.668594817191718 ], [ -74.01087131211122, 40.66972694509451 ], [ -74.011648995379545, 40.670565558355833 ], [ -74.014259789208921, 40.671362240954096 ], [ -74.016315094989508, 40.67291367548755 ], [ -74.01814820555056, 40.671949270237022 ], [ -74.018814791209124, 40.672242784878485 ], [ -74.017259424672474, 40.673626496759674 ], [ -74.01820375435544, 40.674465110020996 ], [ -74.017981559135919, 40.676561643174317 ], [ -74.01975912089209, 40.676603573837383 ], [ -74.018425949574961, 40.67790342439244 ], [ -74.019259181648167, 40.679664512241224 ], [ -74.015204118891887, 40.681970698709868 ], [ -74.012815520282032, 40.683605994569454 ], [ -74.012148934623468, 40.68289317329733 ], [ -74.01409314279428, 40.681719114731472 ], [ -74.013037715501554, 40.680419264176415 ], [ -74.009649238403838, 40.683270549264925 ], [ -74.01076021450146, 40.684360746504645 ], [ -74.011926739403947, 40.683899509210917 ], [ -74.008149420672069, 40.686163765016502 ], [ -74.005649724452454, 40.686792724962494 ], [ -74.004983138793875, 40.68758940756075 ], [ -74.004594297159713, 40.688218367506749 ], [ -74.003816613891388, 40.688931188778874 ], [ -74.003427772257226, 40.689602079387939 ], [ -74.002983381818183, 40.690440692649261 ], [ -74.00098362484249, 40.690147178007798 ], [ -74.000705880818089, 40.690608415301526 ], [ -74.001983503330337, 40.69182440453045 ], [ -74.001761308110815, 40.692411433813376 ], [ -73.999928197549764, 40.691782473867384 ], [ -73.992373560086008, 40.689685940714071 ], [ -73.993928926622658, 40.686457279657965 ], [ -73.989151729402948, 40.684570399819982 ], [ -73.988262948524849, 40.685870250375032 ], [ -73.979597334963501, 40.682473866666662 ], [ -73.978041968426851, 40.684863914461445 ], [ -73.977430931573153, 40.684067231863182 ], [ -73.97376471045105, 40.683060895949595 ] ] ] } },
{ "type": "Feature", "properties": { "id": "22", "CDTA2020": "BK07", "GEOCODE": 4707, "GEONAME": "BK07 Sunset Park-Windsor Terrace (CD 7 Approximation)", "cd_population": 118689.0, "pop_within_walk": 36029.93107627784, "pct_pop_walk": 30.356588290640108 }, "geometry": { "type": "Polygon", "coordinates": [ [ [ -73.980152823012304, 40.661173089828978 ], [ -73.974486844914495, 40.658321804740474 ], [ -73.974098003280332, 40.657692844794475 ], [ -73.971376111841181, 40.648258445604561 ], [ -73.973153673597366, 40.647587554995496 ], [ -73.975264528182819, 40.647839138973893 ], [ -73.981819287158714, 40.647126317701769 ], [ -73.988374046134609, 40.644568547254721 ], [ -73.989040631793188, 40.644107309960994 ], [ -73.996039781208125, 40.648342306930694 ], [ -73.997039659695972, 40.64754562433243 ], [ -74.009538140794078, 40.635511524032403 ], [ -74.005538626842693, 40.633079545574553 ], [ -74.007038444574462, 40.632115140324032 ], [ -74.01076021450146, 40.634337465466544 ], [ -74.011926739403947, 40.633247268226818 ], [ -74.016315094989508, 40.635930830663064 ], [ -74.016759485428551, 40.63542766270627 ], [ -74.020592352965295, 40.637817710501047 ], [ -74.0214255850385, 40.638698254425442 ], [ -74.02225881711172, 40.640710926252623 ], [ -74.024758513331335, 40.638111225142509 ], [ -74.026924916721669, 40.639453006360633 ], [ -74.026258331063104, 40.640123896969698 ], [ -74.028869124892495, 40.641214094209417 ], [ -74.029813454575461, 40.642304291449143 ], [ -74.032313150795076, 40.643562211341134 ], [ -74.030535589038905, 40.645281368526852 ], [ -74.028202539233931, 40.644023448634861 ], [ -74.026036135843583, 40.646245773777373 ], [ -74.02975790577058, 40.648468098919892 ], [ -74.029369064136418, 40.648803544224421 ], [ -74.025702843014301, 40.646623149744975 ], [ -74.024147476477651, 40.647629485658562 ], [ -74.02553619659966, 40.649767949474942 ], [ -74.024925159745976, 40.651109730693065 ], [ -74.022703207550762, 40.65127745334533 ], [ -74.021536682648261, 40.650690424062404 ], [ -74.020925645794577, 40.651235522682263 ], [ -74.021981073087318, 40.652241858595858 ], [ -74.021203389818979, 40.652828887878783 ], [ -74.021147841014098, 40.654212599759973 ], [ -74.017870461526158, 40.654044877107708 ], [ -74.016370643794389, 40.655638242304228 ], [ -74.019092535233526, 40.657357399489946 ], [ -74.018592595989603, 40.65786056744674 ], [ -74.015870704550451, 40.656225271587154 ], [ -74.014426435623562, 40.657608983468343 ], [ -74.017481619891996, 40.65945393264326 ], [ -74.015537411721169, 40.660753783198317 ], [ -74.013648752355238, 40.660040961926192 ], [ -74.011815641794186, 40.6589088340234 ], [ -74.011093507330742, 40.659705516621656 ], [ -74.0140375939894, 40.66155046579658 ], [ -74.012648873867391, 40.661969772427241 ], [ -74.008593811111112, 40.659537793969392 ], [ -74.007482835013505, 40.660544129882986 ], [ -74.010371372867283, 40.662389079057903 ], [ -74.008704908720873, 40.663353484308431 ], [ -74.006149663696377, 40.661843980438043 ], [ -74.006205212501257, 40.662808385688564 ], [ -74.004872041184115, 40.665072641494149 ], [ -74.001150271257131, 40.662892247014696 ], [ -73.999539355915587, 40.664401750885084 ], [ -74.002927833013302, 40.666456353375338 ], [ -74.000705880818089, 40.667546550615057 ], [ -73.999983746354644, 40.667462689288925 ], [ -73.998650575037502, 40.669517291779172 ], [ -73.998761672647262, 40.671613824932493 ], [ -73.994706609890997, 40.666666006690669 ], [ -73.992762401720171, 40.66549194812481 ], [ -73.991706974427444, 40.666749868016801 ], [ -73.980152823012304, 40.661173089828978 ] ] ] } },
{ "type": "Feature", "properties": { "id": "23", "CDTA2020": "BK08", "GEOCODE": 4708, "GEONAME": "BK08 Crown Heights (North) (CD 8 Approximation)", "cd_population": 109719.0, "pop_within_walk": 61745.989678243925, "pct_pop_walk": 56.276478712204742 }, "geometry": { "type": "Polygon", "coordinates": [ [ [ -73.97376471045105, 40.683060895949595 ], [ -73.955933544084417, 40.679329066936688 ], [ -73.952045127742778, 40.67865817632763 ], [ -73.921826577887785, 40.677022880468044 ], [ -73.922770907570765, 40.66708531332133 ], [ -73.928714629692976, 40.664485612211216 ], [ -73.928325788058814, 40.668636747854784 ], [ -73.955266958425838, 40.670104321062105 ], [ -73.962543851865192, 40.671613824932493 ], [ -73.967487695499557, 40.672871744824477 ], [ -73.968931964426446, 40.672871744824477 ], [ -73.968709769206924, 40.673794219411938 ], [ -73.969487452475249, 40.675890752565252 ], [ -73.971876051085104, 40.676393920522052 ], [ -73.976153309060905, 40.678071147044705 ], [ -73.974709040134016, 40.68025154152415 ], [ -73.97376471045105, 40.683060895949595 ] ] ] } },
{ "type": "Feature", "properties": { "id": "24", "CDTA2020": "BK09", "GEOCODE": 4709, "GEONAME": "BK09 Crown Heights (South) (CD 9 Approximation)", "cd_population": 97675.0, "pop_within_walk": 41734.660577056558, "pct_pop_walk": 42.728088637887438 }, "geometry": { "type": "Polygon", "coordinates": [ [ [ -73.928714629692976, 40.664485612211216 ], [ -73.930658837863788, 40.663605068286827 ], [ -73.931603167546754, 40.663563137623761 ], [ -73.931325423522352, 40.660586060546052 ], [ -73.934213961376145, 40.660418337893788 ], [ -73.933991766156623, 40.658112151425144 ], [ -73.931103228302831, 40.658279874077408 ], [ -73.93088103308331, 40.656602647554756 ], [ -73.950045370767072, 40.655428588988897 ], [ -73.950156468376832, 40.65626720225022 ], [ -73.956377934523459, 40.655889826282625 ], [ -73.956322385718579, 40.655051213021302 ], [ -73.95971086281628, 40.654841559705972 ], [ -73.959877509230921, 40.655638242304228 ], [ -73.961877266206628, 40.654883490369038 ], [ -73.963099339913995, 40.662137495079506 ], [ -73.96226610784079, 40.663185761656166 ], [ -73.960932936523648, 40.663269622982298 ], [ -73.962543851865192, 40.671613824932493 ], [ -73.955266958425838, 40.670104321062105 ], [ -73.928325788058814, 40.668636747854784 ], [ -73.928714629692976, 40.664485612211216 ] ] ] } },
{ "type": "Feature", "properties": { "id": "25", "CDTA2020": "BK10", "GEOCODE": 4710, "GEONAME": "BK10 Bay Ridge-Dyker Heights (CD 10 Approximation)", "cd_population": 125053.0, "pop_within_walk": 32764.446238120654, "pct_pop_walk": 26.200448000544291 }, "geometry": { "type": "Polygon", "coordinates": [ [ [ -74.032313150795076, 40.643562211341134 ], [ -74.029813454575461, 40.642304291449143 ], [ -74.028869124892495, 40.641214094209417 ], [ -74.026258331063104, 40.640123896969698 ], [ -74.026924916721669, 40.639453006360633 ], [ -74.024758513331335, 40.638111225142509 ], [ -74.02225881711172, 40.640710926252623 ], [ -74.0214255850385, 40.638698254425442 ], [ -74.020592352965295, 40.637817710501047 ], [ -74.016759485428551, 40.63542766270627 ], [ -74.016315094989508, 40.635930830663064 ], [ -74.011926739403947, 40.633247268226818 ], [ -74.01076021450146, 40.634337465466544 ], [ -74.007038444574462, 40.632115140324032 ], [ -74.001927954525456, 40.629012271257125 ], [ -74.00253899137914, 40.628467172637258 ], [ -73.997261854915493, 40.625280442244225 ], [ -73.997706245354536, 40.623687077047705 ], [ -73.999317160696066, 40.624651482298226 ], [ -74.017037229452953, 40.607669563756374 ], [ -74.015481862916289, 40.606830950495045 ], [ -74.019425828062808, 40.602889468166815 ], [ -74.021036743404338, 40.603560358775873 ], [ -74.029313515331538, 40.604608625352533 ], [ -74.031035528282828, 40.605237585298525 ], [ -74.032701992429239, 40.606327782538251 ], [ -74.034868395819586, 40.608592038343829 ], [ -74.036034920722074, 40.60930485961596 ], [ -74.037256994429441, 40.611611046084604 ], [ -74.038812360966105, 40.612952827302728 ], [ -74.040478825112515, 40.615636389738974 ], [ -74.041589801210122, 40.620374554665467 ], [ -74.041867545234524, 40.624525690309028 ], [ -74.041034313161319, 40.630270191149116 ], [ -74.036701506380638, 40.63915949171917 ], [ -74.035701627892792, 40.640627064926491 ], [ -74.036701506380638, 40.641675331503151 ], [ -74.034090712551262, 40.644316963276324 ], [ -74.032313150795076, 40.643562211341134 ] ] ] } },
{ "type": "Feature", "properties": { "id": "26", "CDTA2020": "BK11", "GEOCODE": 4711, "GEONAME": "BK11 Bensonhurst-Bath Beach (CD 11 Approximation)", "cd_population": 182754.0, "pop_within_walk": 36530.24747225389, "pct_pop_walk": 19.988753992937987 }, "geometry": { "type": "Polygon", "coordinates": [ [ [ -73.972987027182725, 40.608801691659167 ], [ -73.972153795109506, 40.604189318721872 ], [ -73.972931478377845, 40.59932536180618 ], [ -73.971931599889984, 40.599409223132312 ], [ -73.971487209450942, 40.597186897989793 ], [ -73.980375018231825, 40.596180562076206 ], [ -73.979930627792783, 40.594084028922893 ], [ -73.984652276207626, 40.593538930303026 ], [ -73.986040996329635, 40.594461404890488 ], [ -73.989596119841991, 40.590981159855986 ], [ -73.990373803110316, 40.591442397149713 ], [ -73.991540328012803, 40.590394130573053 ], [ -73.993317889768974, 40.589597447974796 ], [ -73.993762280208017, 40.590352199909987 ], [ -73.997928440574057, 40.588381458745872 ], [ -73.998650575037502, 40.589178141344135 ], [ -73.99842837981798, 40.590226407920788 ], [ -73.997095208500852, 40.591274674497448 ], [ -73.997539598939895, 40.59190363444344 ], [ -73.999150514281425, 40.59114888250825 ], [ -73.999483807110707, 40.592951901020101 ], [ -74.001094722452251, 40.592532594389439 ], [ -74.002705637793781, 40.594964572847282 ], [ -74.005594175647573, 40.597564273957396 ], [ -74.009204847964796, 40.599828529762974 ], [ -74.01237112984299, 40.601338033633361 ], [ -74.014704179647964, 40.602050854905485 ], [ -74.019425828062808, 40.602889468166815 ], [ -74.015481862916289, 40.606830950495045 ], [ -74.017037229452953, 40.607669563756374 ], [ -73.999317160696066, 40.624651482298226 ], [ -73.997706245354536, 40.623687077047705 ], [ -73.997261854915493, 40.625280442244225 ], [ -73.99676191567157, 40.626831876777672 ], [ -73.985707703500353, 40.620122970687063 ], [ -73.986263191549156, 40.619577872067204 ], [ -73.974764588938896, 40.612659312661265 ], [ -73.974042454475452, 40.608717830333028 ], [ -73.972987027182725, 40.608801691659167 ] ] ] } },
{ "type": "Feature", "properties": { "id": "27", "CDTA2020": "BK12", "GEOCODE": 4712, "GEONAME": "BK12 Borough Park-Kensington (CD 12 Approximation)", "cd_population": 194695.0, "pop_within_walk": 41820.749812542686, "pct_pop_walk": 21.480135500419983 }, "geometry": { "type": "Polygon", "coordinates": [ [ [ -73.971376111841181, 40.648258445604561 ], [ -73.96804318354836, 40.636643651935188 ], [ -73.970265135743574, 40.636392067956791 ], [ -73.969876294109412, 40.634211673477346 ], [ -73.977153187548751, 40.630731428442843 ], [ -73.976208857865785, 40.625993263516349 ], [ -73.970931721402138, 40.626580292799275 ], [ -73.971376111841181, 40.628928409930992 ], [ -73.966098975377534, 40.629557369876984 ], [ -73.962877144694474, 40.612533520672066 ], [ -73.964765804060406, 40.612323867356736 ], [ -73.964321413621363, 40.609766096909688 ], [ -73.972987027182725, 40.608801691659167 ], [ -73.974042454475452, 40.608717830333028 ], [ -73.974764588938896, 40.612659312661265 ], [ -73.986263191549156, 40.619577872067204 ], [ -73.985707703500353, 40.620122970687063 ], [ -73.99676191567157, 40.626831876777672 ], [ -73.997261854915493, 40.625280442244225 ], [ -74.00253899137914, 40.628467172637258 ], [ -74.001927954525456, 40.629012271257125 ], [ -74.007038444574462, 40.632115140324032 ], [ -74.005538626842693, 40.633079545574553 ], [ -74.009538140794078, 40.635511524032403 ], [ -73.997039659695972, 40.64754562433243 ], [ -73.996039781208125, 40.648342306930694 ], [ -73.989040631793188, 40.644107309960994 ], [ -73.988374046134609, 40.644568547254721 ], [ -73.981819287158714, 40.647126317701769 ], [ -73.975264528182819, 40.647839138973893 ], [ -73.973153673597366, 40.647587554995496 ], [ -73.971376111841181, 40.648258445604561 ] ] ] } },
{ "type": "Feature", "properties": { "id": "28", "CDTA2020": "BK13", "GEOCODE": 4713, "GEONAME": "BK13 Coney Island-Brighton Beach (CD 13 Approximation)", "cd_population": 110145.0, "pop_within_walk": 13404.556249329262, "pct_pop_walk": 12.169918061944946 }, "geometry": { "type": "Polygon", "coordinates": [ [ [ -73.980708311061107, 40.594000167596761 ], [ -73.977708675597555, 40.592197149084903 ], [ -73.977486480378033, 40.59114888250825 ], [ -73.975597821012101, 40.589932893279325 ], [ -73.960655192499246, 40.591610119801977 ], [ -73.960044155645562, 40.583265917851783 ], [ -73.959099825962596, 40.582846611221122 ], [ -73.957322264206425, 40.583014333873386 ], [ -73.95643348332834, 40.582678888568857 ], [ -73.954155982328231, 40.583098195199518 ], [ -73.95237842057206, 40.57425082529253 ], [ -73.954378177547753, 40.574376617281729 ], [ -73.958433240304032, 40.574083102640259 ], [ -73.968543122792283, 40.573118697389738 ], [ -73.972487087938802, 40.572573598769871 ], [ -73.975486723402341, 40.571986569486945 ], [ -73.978430810061013, 40.571902708160813 ], [ -73.987263070037002, 40.571064094899491 ], [ -73.993151243354333, 40.570393204290426 ], [ -73.997372952525254, 40.570267412301227 ], [ -74.000372587988807, 40.570518996279624 ], [ -74.002039052135217, 40.570225481638161 ], [ -74.00248344257426, 40.571734985508549 ], [ -74.004816492379234, 40.572867113411341 ], [ -74.00670515174518, 40.573412212031201 ], [ -74.010093628842881, 40.573831518661862 ], [ -74.012037837013708, 40.574879785238522 ], [ -74.013037715501554, 40.577773000990099 ], [ -74.01237112984299, 40.579240574197421 ], [ -74.011482348964904, 40.580079187458743 ], [ -74.00826051828183, 40.581546760666065 ], [ -74.006038566086616, 40.581966067296726 ], [ -74.002927833013302, 40.581420968676866 ], [ -73.999650453525348, 40.581337107350734 ], [ -73.998261733403339, 40.581588691329131 ], [ -73.997872891769177, 40.580582355415537 ], [ -73.991818072037205, 40.579240574197421 ], [ -73.990373803110316, 40.579408296849685 ], [ -73.988985082988307, 40.578821267566752 ], [ -73.987374167646763, 40.579072851545149 ], [ -73.989929412671273, 40.580666216741669 ], [ -73.991651425622564, 40.581085523372337 ], [ -73.991706974427444, 40.581840275307528 ], [ -73.990318254305436, 40.584230323102311 ], [ -73.99265130411041, 40.583601363156312 ], [ -73.996039781208125, 40.58213378994899 ], [ -74.000205941574166, 40.583056264536452 ], [ -74.000372587988807, 40.584188392439245 ], [ -73.999317160696066, 40.584859283048303 ], [ -73.999372709500946, 40.58636878691869 ], [ -73.998150635793579, 40.586536509570955 ], [ -73.994095573037299, 40.588674973387334 ], [ -73.995373195549561, 40.5893458639964 ], [ -73.997928440574057, 40.588381458745872 ], [ -73.993762280208017, 40.590352199909987 ], [ -73.993317889768974, 40.589597447974796 ], [ -73.991540328012803, 40.590394130573053 ], [ -73.990373803110316, 40.591442397149713 ], [ -73.989596119841991, 40.590981159855986 ], [ -73.986040996329635, 40.594461404890488 ], [ -73.984652276207626, 40.593538930303026 ], [ -73.980708311061107, 40.594000167596761 ] ] ] } },
{ "type": "Feature", "properties": { "id": "29", "CDTA2020": "BK14", "GEOCODE": 4714, "GEONAME": "BK14 Flatbush-Midwood (CD 14 Approximation)", "cd_population": 159561.0, "pop_within_walk": 38388.859440969398, "pct_pop_walk": 24.059049166757163 }, "geometry": { "type": "Polygon", "coordinates": [ [ [ -73.956322385718579, 40.655051213021302 ], [ -73.955822446474656, 40.650522701410139 ], [ -73.958710984328434, 40.650396909420941 ], [ -73.95809994747475, 40.64649735775577 ], [ -73.955655800060001, 40.646623149744975 ], [ -73.954711470377035, 40.644778200570052 ], [ -73.954100433523351, 40.63915949171917 ], [ -73.953600494279428, 40.638404739783979 ], [ -73.9482678090109, 40.63861439309931 ], [ -73.947767869766977, 40.634002020162015 ], [ -73.945879210401046, 40.634127812151213 ], [ -73.945601466376644, 40.631779695019503 ], [ -73.946490247254729, 40.631695833693364 ], [ -73.944157197449741, 40.629515439213918 ], [ -73.947323479327935, 40.629179993909389 ], [ -73.946434698449849, 40.62439989831983 ], [ -73.945434819962003, 40.624483759645962 ], [ -73.944546039083903, 40.619703664056402 ], [ -73.946490247254729, 40.619494010741072 ], [ -73.945712563986405, 40.615342875097511 ], [ -73.947434576937695, 40.614210747194718 ], [ -73.950267565986607, 40.613917232553256 ], [ -73.94976762674267, 40.611359462106208 ], [ -73.962377205450551, 40.609975750225018 ], [ -73.962877144694474, 40.612533520672066 ], [ -73.966098975377534, 40.629557369876984 ], [ -73.971376111841181, 40.628928409930992 ], [ -73.970931721402138, 40.626580292799275 ], [ -73.976208857865785, 40.625993263516349 ], [ -73.977153187548751, 40.630731428442843 ], [ -73.969876294109412, 40.634211673477346 ], [ -73.970265135743574, 40.636392067956791 ], [ -73.96804318354836, 40.636643651935188 ], [ -73.971376111841181, 40.648258445604561 ], [ -73.964654706450645, 40.650900077377734 ], [ -73.966210072987295, 40.653206263846386 ], [ -73.961877266206628, 40.654883490369038 ], [ -73.959877509230921, 40.655638242304228 ], [ -73.95971086281628, 40.654841559705972 ], [ -73.956322385718579, 40.655051213021302 ] ] ] } },
{ "type": "Feature", "properties": { "id": "30", "CDTA2020": "BK15", "GEOCODE": 4715, "GEONAME": "BK15 Sheepshead Bay-Gravesend (East) (CD 15 Approximation)", "cd_population": 154611.0, "pop_within_walk": 17461.362932931497, "pct_pop_walk": 11.293739082556543 }, "geometry": { "type": "Polygon", "coordinates": [ [ [ -73.918104807960802, 40.586578440234021 ], [ -73.92099334581458, 40.585739826972699 ], [ -73.922326517131708, 40.586033341614161 ], [ -73.9252150549855, 40.585823688298831 ], [ -73.92682597032703, 40.587291261506145 ], [ -73.927770300009996, 40.588674973387334 ], [ -73.923937432473252, 40.59114888250825 ], [ -73.924215176497654, 40.591358535823581 ], [ -73.928159141644159, 40.588842696039599 ], [ -73.930047801010105, 40.589429725322532 ], [ -73.930547740254028, 40.590268338583854 ], [ -73.930269996229626, 40.592448733063307 ], [ -73.929714508180822, 40.593119623672365 ], [ -73.929992252205224, 40.594084028922893 ], [ -73.93099213069307, 40.594629127542753 ], [ -73.932825241254122, 40.594796850195017 ], [ -73.931547618741874, 40.592532594389439 ], [ -73.931103228302831, 40.5893458639964 ], [ -73.929714508180822, 40.587626706810681 ], [ -73.928103592839278, 40.586704232223219 ], [ -73.925826091839184, 40.584943144374435 ], [ -73.927214811961193, 40.584775421722171 ], [ -73.931380972327233, 40.586075272277228 ], [ -73.930103349814985, 40.584481907080708 ], [ -73.932047557985797, 40.584230323102311 ], [ -73.931880911571156, 40.583098195199518 ], [ -73.934213961376145, 40.58297240321032 ], [ -73.937102499229923, 40.583349779177915 ], [ -73.938102377717769, 40.583098195199518 ], [ -73.946268052035208, 40.583559432493246 ], [ -73.953489396669667, 40.58297240321032 ], [ -73.953322750255026, 40.582007997959792 ], [ -73.949712077937789, 40.582301512601255 ], [ -73.942712928522852, 40.581001662046205 ], [ -73.93249194842484, 40.581127454035403 ], [ -73.931047679497951, 40.576263497119712 ], [ -73.931492069936994, 40.575676467836779 ], [ -73.94249073330333, 40.575382953195316 ], [ -73.944490490279023, 40.575760329162911 ], [ -73.945934759205926, 40.575131369216919 ], [ -73.95237842057206, 40.57425082529253 ], [ -73.954155982328231, 40.583098195199518 ], [ -73.95643348332834, 40.582678888568857 ], [ -73.957322264206425, 40.583014333873386 ], [ -73.959099825962596, 40.582846611221122 ], [ -73.960044155645562, 40.583265917851783 ], [ -73.960655192499246, 40.591610119801977 ], [ -73.975597821012101, 40.589932893279325 ], [ -73.977486480378033, 40.59114888250825 ], [ -73.977708675597555, 40.592197149084903 ], [ -73.980708311061107, 40.594000167596761 ], [ -73.979930627792783, 40.594084028922893 ], [ -73.980375018231825, 40.596180562076206 ], [ -73.971487209450942, 40.597186897989793 ], [ -73.971931599889984, 40.599409223132312 ], [ -73.972931478377845, 40.59932536180618 ], [ -73.972153795109506, 40.604189318721872 ], [ -73.972987027182725, 40.608801691659167 ], [ -73.964321413621363, 40.609766096909688 ], [ -73.964765804060406, 40.612323867356736 ], [ -73.962877144694474, 40.612533520672066 ], [ -73.962377205450551, 40.609975750225018 ], [ -73.94976762674267, 40.611359462106208 ], [ -73.950267565986607, 40.613917232553256 ], [ -73.947434576937695, 40.614210747194718 ], [ -73.945712563986405, 40.615342875097511 ], [ -73.944823783108319, 40.616055696369635 ], [ -73.943546160596057, 40.609346790279027 ], [ -73.942324086888689, 40.6082565930393 ], [ -73.939324451425151, 40.610185403540349 ], [ -73.937546889668965, 40.608550107680763 ], [ -73.939713293059313, 40.607124465136515 ], [ -73.934269510181025, 40.602218577557757 ], [ -73.933547375717566, 40.602679814851484 ], [ -73.928159141644159, 40.597773927272726 ], [ -73.929547861766181, 40.596809522022198 ], [ -73.918104807960802, 40.586578440234021 ] ] ] } },
{ "type": "Feature", "properties": { "id": "31", "CDTA2020": "BK16", "GEOCODE": 4716, "GEONAME": "BK16 Ocean Hill-Brownsville (CD 16 Approximation)", "cd_population": 97145.0, "pop_within_walk": 4245.9681372864552, "pct_pop_walk": 4.3707531394168049 }, "geometry": { "type": "Polygon", "coordinates": [ [ [ -73.904050960326032, 40.67920327494749 ], [ -73.900051446374633, 40.676897088478846 ], [ -73.903495472277228, 40.675513376597657 ], [ -73.900440288008795, 40.663814721602158 ], [ -73.901440166496656, 40.663646998949893 ], [ -73.900662483228317, 40.660586060546052 ], [ -73.89966260474047, 40.660753783198317 ], [ -73.898829372667265, 40.657399330153012 ], [ -73.900273641594154, 40.657189676837682 ], [ -73.903162179447946, 40.655302796999699 ], [ -73.90782827905791, 40.654589975727568 ], [ -73.907383888618867, 40.652828887878783 ], [ -73.908550413521354, 40.652116066606659 ], [ -73.909328096789679, 40.652828887878783 ], [ -73.910105780058004, 40.655847895619559 ], [ -73.912383281058112, 40.65551245031503 ], [ -73.918160356765682, 40.66071185253525 ], [ -73.919104686448648, 40.664234028232819 ], [ -73.921659931473144, 40.663856652265224 ], [ -73.924381822912295, 40.666372492049206 ], [ -73.922770907570765, 40.66708531332133 ], [ -73.921659931473144, 40.678867829642961 ], [ -73.916327246204617, 40.678574315001498 ], [ -73.918049259155922, 40.687212031593155 ], [ -73.904050960326032, 40.67920327494749 ] ] ] } },
{ "type": "Feature", "properties": { "id": "32", "CDTA2020": "BK17", "GEOCODE": 4717, "GEONAME": "BK17 East Flatbush (CD 17 Approximation)", "cd_population": 157180.0, "pop_within_walk": 39453.181353983091, "pct_pop_walk": 25.10063707468068 }, "geometry": { "type": "Polygon", "coordinates": [ [ [ -73.908550413521354, 40.652116066606659 ], [ -73.919937918521853, 40.64469433924392 ], [ -73.919715723302332, 40.642765528742871 ], [ -73.923270846814688, 40.63991424365436 ], [ -73.92354859083909, 40.642513944764474 ], [ -73.925381701400141, 40.642388152775276 ], [ -73.926548226302629, 40.636475929282923 ], [ -73.927437007180714, 40.635259940054006 ], [ -73.937269145644564, 40.634630980108007 ], [ -73.936991401620162, 40.632324793639363 ], [ -73.945601466376644, 40.631779695019503 ], [ -73.945879210401046, 40.634127812151213 ], [ -73.947767869766977, 40.634002020162015 ], [ -73.9482678090109, 40.63861439309931 ], [ -73.953600494279428, 40.638404739783979 ], [ -73.954100433523351, 40.63915949171917 ], [ -73.954711470377035, 40.644778200570052 ], [ -73.955655800060001, 40.646623149744975 ], [ -73.95809994747475, 40.64649735775577 ], [ -73.958710984328434, 40.650396909420941 ], [ -73.955822446474656, 40.650522701410139 ], [ -73.956322385718579, 40.655051213021302 ], [ -73.956377934523459, 40.655889826282625 ], [ -73.950156468376832, 40.65626720225022 ], [ -73.950045370767072, 40.655428588988897 ], [ -73.93088103308331, 40.656602647554756 ], [ -73.931103228302831, 40.658279874077408 ], [ -73.933991766156623, 40.658112151425144 ], [ -73.934213961376145, 40.660418337893788 ], [ -73.931325423522352, 40.660586060546052 ], [ -73.931603167546754, 40.663563137623761 ], [ -73.930658837863788, 40.663605068286827 ], [ -73.928714629692976, 40.664485612211216 ], [ -73.924381822912295, 40.666372492049206 ], [ -73.921659931473144, 40.663856652265224 ], [ -73.919104686448648, 40.664234028232819 ], [ -73.918160356765682, 40.66071185253525 ], [ -73.912383281058112, 40.65551245031503 ], [ -73.910105780058004, 40.655847895619559 ], [ -73.909328096789679, 40.652828887878783 ], [ -73.908550413521354, 40.652116066606659 ] ] ] } },
{ "type": "Feature", "properties": { "id": "33", "CDTA2020": "BK18", "GEOCODE": 4718, "GEONAME": "BK18 Canarsie-Flatlands (CD 18 Approximation)", "cd_population": 193108.0, "pop_within_walk": 12260.817815553855, "pct_pop_walk": 6.3492024232832689 }, "geometry": { "type": "MultiPolygon", "coordinates": [ [ [ [ -73.931880911571156, 40.583098195199518 ], [ -73.932047557985797, 40.584230323102311 ], [ -73.930103349814985, 40.584481907080708 ], [ -73.931380972327233, 40.586075272277228 ], [ -73.927214811961193, 40.584775421722171 ], [ -73.925826091839184, 40.584943144374435 ], [ -73.919993467326734, 40.584649629732972 ], [ -73.918771393619366, 40.585236659015898 ], [ -73.91521627010701, 40.586284925592558 ], [ -73.913049866716676, 40.585907549624963 ], [ -73.912494378667873, 40.584691560396038 ], [ -73.912883220302035, 40.583056264536452 ], [ -73.911772244204428, 40.582888541884188 ], [ -73.911494500180012, 40.581840275307528 ], [ -73.914994074887488, 40.581546760666065 ], [ -73.918160356765682, 40.58213378994899 ], [ -73.923215298009808, 40.583433640504047 ], [ -73.927103714351432, 40.583559432493246 ], [ -73.931880911571156, 40.583098195199518 ] ] ], [ [ [ -73.919882369716973, 40.599618876447643 ], [ -73.918660296009605, 40.599493084458445 ], [ -73.916271697399736, 40.598151303240321 ], [ -73.916105050985095, 40.597606204620462 ], [ -73.914327489228924, 40.595887047434744 ], [ -73.913049866716676, 40.594084028922893 ], [ -73.913216513131317, 40.592155218421837 ], [ -73.914827428472847, 40.591526258475845 ], [ -73.915938404570454, 40.592113287758771 ], [ -73.916438343814377, 40.593119623672365 ], [ -73.91788261274128, 40.594712988868885 ], [ -73.921604382668264, 40.597144967326727 ], [ -73.922270968326828, 40.59848674854485 ], [ -73.920826699399939, 40.599535015121511 ], [ -73.919882369716973, 40.599618876447643 ] ] ], [ [ [ -73.890552600740079, 40.649222850855082 ], [ -73.891108088788883, 40.648803544224421 ], [ -73.889441624642458, 40.647168248364835 ], [ -73.888663941374134, 40.647084387038703 ], [ -73.888552843764373, 40.646958595049504 ], [ -73.885997598739877, 40.643646072667266 ], [ -73.883720097739769, 40.642430083438342 ], [ -73.88077601108111, 40.639746521002095 ], [ -73.879553937373743, 40.638237017131708 ], [ -73.878442961276122, 40.637440334533451 ], [ -73.877165338763874, 40.63597276132613 ], [ -73.8782207660566, 40.634589049444941 ], [ -73.879998327812785, 40.633498852205221 ], [ -73.881275950325033, 40.632366724302429 ], [ -73.882997963276324, 40.631611972367232 ], [ -73.884053390569051, 40.629557369876984 ], [ -73.882609121642162, 40.628257519321927 ], [ -73.883664548934888, 40.627544698049803 ], [ -73.885108817861791, 40.62884454860486 ], [ -73.88655308678868, 40.62863489528953 ], [ -73.888275099739971, 40.627880143354332 ], [ -73.890441503130319, 40.626286778157812 ], [ -73.891496930423045, 40.624483759645962 ], [ -73.892996748154815, 40.623351631743169 ], [ -73.895163151545148, 40.622513018481847 ], [ -73.902884435423545, 40.625867471527151 ], [ -73.904106509130912, 40.626286778157812 ], [ -73.914605233253326, 40.631066873747372 ], [ -73.915882855765574, 40.631947417671768 ], [ -73.91688273425342, 40.631947417671768 ], [ -73.917327124692477, 40.631024943084306 ], [ -73.916604990229018, 40.63043791380138 ], [ -73.909161450375038, 40.627209252745274 ], [ -73.902717789008904, 40.624232175667565 ], [ -73.900662483228317, 40.621758266546649 ], [ -73.898107238203821, 40.621842127872782 ], [ -73.896496322862291, 40.62142282124212 ], [ -73.895607541984205, 40.619745594719468 ], [ -73.896607420472051, 40.617145893609361 ], [ -73.89644077405741, 40.616097627032701 ], [ -73.895440895569564, 40.614420400510049 ], [ -73.894441017081704, 40.613917232553256 ], [ -73.892496808910892, 40.613791440564057 ], [ -73.890941442374242, 40.612827035313529 ], [ -73.891441381618165, 40.612114214041405 ], [ -73.894052175447541, 40.61144332343234 ], [ -73.893552236203618, 40.610982086138613 ], [ -73.890552600740079, 40.612114214041405 ], [ -73.889774917471755, 40.611694907410737 ], [ -73.890274856715678, 40.610311195529547 ], [ -73.89227461369137, 40.609179067626762 ], [ -73.892719004130413, 40.607208326462647 ], [ -73.896718518081812, 40.605656891929193 ], [ -73.898496079837983, 40.605279515961591 ], [ -73.900162543984393, 40.605614961266127 ], [ -73.901106873667374, 40.606998673147309 ], [ -73.900773580838091, 40.607543771767176 ], [ -73.900551385618556, 40.610436987518753 ], [ -73.906939498179824, 40.616055696369635 ], [ -73.908828157545756, 40.617313616261626 ], [ -73.909661389618961, 40.616558864326429 ], [ -73.907772730253029, 40.615259013771372 ], [ -73.904273155545553, 40.612030352715266 ], [ -73.90221784976498, 40.610353126192614 ], [ -73.901662361716177, 40.606076198559855 ], [ -73.901884556935698, 40.605740753255326 ], [ -73.905217485228519, 40.604902139993996 ], [ -73.905995168496844, 40.606369713201317 ], [ -73.909328096789679, 40.606495505190516 ], [ -73.909772487228722, 40.605824614581458 ], [ -73.908328218301833, 40.604063526732673 ], [ -73.910939012131209, 40.603518428112807 ], [ -73.913549805960599, 40.603937734743475 ], [ -73.916716087838779, 40.606830950495045 ], [ -73.916160599789976, 40.610520848844885 ], [ -73.914494135643565, 40.611652976747671 ], [ -73.914938526082608, 40.613959163216322 ], [ -73.916604990229018, 40.613455995259521 ], [ -73.915716209350933, 40.611820699399935 ], [ -73.918049259155922, 40.610269264866481 ], [ -73.917993710351041, 40.608885552985299 ], [ -73.91949352808281, 40.607963078397837 ], [ -73.917938161546161, 40.606201990549053 ], [ -73.918271454375443, 40.605866545244524 ], [ -73.904939741204117, 40.593874375607555 ], [ -73.900995776057613, 40.59010061593159 ], [ -73.89382998022802, 40.583685224482444 ], [ -73.891496930423045, 40.581756413981395 ], [ -73.88810845332533, 40.57873740624062 ], [ -73.887719611691168, 40.578066515631562 ], [ -73.891274735203524, 40.577856862316231 ], [ -73.891885772057208, 40.577521417011702 ], [ -73.895496444374444, 40.576766665076505 ], [ -73.896496322862291, 40.578988990219017 ], [ -73.896774066886692, 40.581253246024602 ], [ -73.896662969276932, 40.582930472547254 ], [ -73.89799614059406, 40.585152797689766 ], [ -73.89799614059406, 40.586033341614161 ], [ -73.898829372667265, 40.587458984158417 ], [ -73.900884678447852, 40.588046013441343 ], [ -73.90210675215522, 40.587375122832277 ], [ -73.904273155545553, 40.58691388553855 ], [ -73.906717302960303, 40.58796215211521 ], [ -73.906828400570063, 40.586997746864682 ], [ -73.910883463326329, 40.585949480288029 ], [ -73.911938890619069, 40.586410717581757 ], [ -73.911883341814189, 40.588213736093607 ], [ -73.911494500180012, 40.591106951845184 ], [ -73.911938890619069, 40.592616455715572 ], [ -73.91199443942395, 40.594293682238224 ], [ -73.912605476277633, 40.595551602130207 ], [ -73.915160721302129, 40.598780263186313 ], [ -73.918549198399845, 40.600792935013502 ], [ -73.919715723302332, 40.601002588328832 ], [ -73.921493285058503, 40.601925062916287 ], [ -73.923215298009808, 40.601086449654964 ], [ -73.923992981278133, 40.599744668436841 ], [ -73.92510395737574, 40.599912391089106 ], [ -73.929492312961301, 40.60272174551455 ], [ -73.928992373717378, 40.603686150765071 ], [ -73.931158777107711, 40.603853873417343 ], [ -73.931936460376036, 40.603141052145212 ], [ -73.931492069936994, 40.602092785568551 ], [ -73.929214568936899, 40.600499420372032 ], [ -73.928381336863694, 40.600541351035105 ], [ -73.925048408570859, 40.59827709522952 ], [ -73.922493163546349, 40.596054770087008 ], [ -73.921771029082905, 40.595048434173414 ], [ -73.920826699399939, 40.594880711521149 ], [ -73.91788261274128, 40.592826109030902 ], [ -73.916549441424138, 40.591106951845184 ], [ -73.914605233253326, 40.589890962616259 ], [ -73.914549684448446, 40.588758834713467 ], [ -73.917104929472941, 40.587584776147615 ], [ -73.918104807960802, 40.586578440234021 ], [ -73.929547861766181, 40.596809522022198 ], [ -73.928159141644159, 40.597773927272726 ], [ -73.933547375717566, 40.602679814851484 ], [ -73.934269510181025, 40.602218577557757 ], [ -73.939713293059313, 40.607124465136515 ], [ -73.937546889668965, 40.608550107680763 ], [ -73.939324451425151, 40.610185403540349 ], [ -73.942324086888689, 40.6082565930393 ], [ -73.943546160596057, 40.609346790279027 ], [ -73.944823783108319, 40.616055696369635 ], [ -73.945712563986405, 40.615342875097511 ], [ -73.946490247254729, 40.619494010741072 ], [ -73.944546039083903, 40.619703664056402 ], [ -73.945434819962003, 40.624483759645962 ], [ -73.946434698449849, 40.62439989831983 ], [ -73.947323479327935, 40.629179993909389 ], [ -73.944157197449741, 40.629515439213918 ], [ -73.946490247254729, 40.631695833693364 ], [ -73.945601466376644, 40.631779695019503 ], [ -73.936991401620162, 40.632324793639363 ], [ -73.937269145644564, 40.634630980108007 ], [ -73.927437007180714, 40.635259940054006 ], [ -73.926548226302629, 40.636475929282923 ], [ -73.925381701400141, 40.642388152775276 ], [ -73.92354859083909, 40.642513944764474 ], [ -73.923270846814688, 40.63991424365436 ], [ -73.919715723302332, 40.642765528742871 ], [ -73.919937918521853, 40.64469433924392 ], [ -73.90943919439944, 40.651529037323733 ], [ -73.903995411521151, 40.646623149744975 ], [ -73.895885286008607, 40.651864482628262 ], [ -73.897607298959898, 40.653457847824782 ], [ -73.893552236203618, 40.655218935673567 ], [ -73.891385832813285, 40.652367650585056 ], [ -73.889997112691276, 40.651151661356131 ], [ -73.891274735203524, 40.650019533453346 ], [ -73.890552600740079, 40.649222850855082 ] ] ] ] } },
{ "type": "Feature", "properties": { "id": "34", "CDTA2020": "BK55", "GEOCODE": 4755, "GEONAME": "BK55 Prospect Park (JIA 55 Approximation)", "cd_population": 0.0, "pop_within_walk": 0.0, "pct_pop_walk": 0.0 }, "geometry": { "type": "Polygon", "coordinates": [ [ [ -73.962543851865192, 40.671613824932493 ], [ -73.960932936523648, 40.663269622982298 ], [ -73.96226610784079, 40.663185761656166 ], [ -73.963099339913995, 40.662137495079506 ], [ -73.961877266206628, 40.654883490369038 ], [ -73.966210072987295, 40.653206263846386 ], [ -73.964654706450645, 40.650900077377734 ], [ -73.971376111841181, 40.648258445604561 ], [ -73.974098003280332, 40.657692844794475 ], [ -73.974486844914495, 40.658321804740474 ], [ -73.980152823012304, 40.661173089828978 ], [ -73.979652883768381, 40.66125695115511 ], [ -73.971820502280224, 40.670649419681965 ], [ -73.970431782158215, 40.672662091509146 ], [ -73.968931964426446, 40.672871744824477 ], [ -73.967487695499557, 40.672871744824477 ], [ -73.962543851865192, 40.671613824932493 ] ] ] } },
{ "type": "Feature", "properties": { "id": "35", "CDTA2020": "BK56", "GEOCODE": 4756, "GEONAME": "BK56 Jamaica Bay (West) (JIA 56 Approximation)", "cd_population": 13.0, "pop_within_walk": 0.0, "pct_pop_walk": 0.0 }, "geometry": { "type": "MultiPolygon", "coordinates": [ [ [ [ -73.863278137543759, 40.583894877797775 ], [ -73.864500211251126, 40.583601363156312 ], [ -73.867722041934186, 40.581672552655263 ], [ -73.868944115641568, 40.581714483318329 ], [ -73.870499482178218, 40.583349779177915 ], [ -73.870610579787979, 40.584901213711369 ], [ -73.871166067836782, 40.586871954875484 ], [ -73.869832896519654, 40.589471655985598 ], [ -73.868499725202525, 40.59010061593159 ], [ -73.866333321812178, 40.59190363444344 ], [ -73.863278137543759, 40.590897298529853 ], [ -73.861278380568052, 40.588004082778276 ], [ -73.861667222202215, 40.58615913360336 ], [ -73.863278137543759, 40.583894877797775 ] ] ], [ [ [ -73.852446120592063, 40.597312689978999 ], [ -73.854945816811679, 40.596306354065405 ], [ -73.857167769006907, 40.596054770087008 ], [ -73.860445148494847, 40.596474076717669 ], [ -73.860556246104608, 40.597061106000595 ], [ -73.862722649494955, 40.599073777827783 ], [ -73.863333686348639, 40.600331697719767 ], [ -73.861889417421736, 40.602176646894684 ], [ -73.861111734153411, 40.602554022862286 ], [ -73.859056428372838, 40.602050854905485 ], [ -73.854834719201918, 40.601883132253221 ], [ -73.852779413421345, 40.600960657665766 ], [ -73.850779656445638, 40.598822193849379 ], [ -73.852446120592063, 40.597312689978999 ] ] ], [ [ [ -73.846724593689373, 40.60486020933093 ], [ -73.844891483128308, 40.604524764026401 ], [ -73.844947031933188, 40.603686150765071 ], [ -73.846446849664972, 40.604063526732673 ], [ -73.846724593689373, 40.60486020933093 ] ] ], [ [ [ -73.887719611691168, 40.578066515631562 ], [ -73.88810845332533, 40.57873740624062 ], [ -73.891496930423045, 40.581756413981395 ], [ -73.89382998022802, 40.583685224482444 ], [ -73.900995776057613, 40.59010061593159 ], [ -73.904939741204117, 40.593874375607555 ], [ -73.918271454375443, 40.605866545244524 ], [ -73.917938161546161, 40.606201990549053 ], [ -73.915605111741172, 40.603937734743475 ], [ -73.913272061936198, 40.602260508220823 ], [ -73.909161450375038, 40.601631548274824 ], [ -73.90782827905791, 40.602260508220823 ], [ -73.905661875667562, 40.602595953525352 ], [ -73.903328825862587, 40.602595953525352 ], [ -73.901940105740579, 40.603182982808278 ], [ -73.899051567886787, 40.603518428112807 ], [ -73.898329433423342, 40.603224913471344 ], [ -73.895607541984205, 40.603015260156013 ], [ -73.891552479227926, 40.603434566786675 ], [ -73.890996991179122, 40.603895804080409 ], [ -73.887164123642364, 40.605321446624657 ], [ -73.884775525032509, 40.605153723972393 ], [ -73.88394229295929, 40.605531099939995 ], [ -73.882720219251922, 40.604189318721872 ], [ -73.883386804910486, 40.603015260156013 ], [ -73.881664791959196, 40.598947985838585 ], [ -73.881664791959196, 40.597941649924991 ], [ -73.880887108690871, 40.596516007380735 ], [ -73.88077601108111, 40.594629127542753 ], [ -73.878442961276122, 40.587249330843079 ], [ -73.876720948324831, 40.584901213711369 ], [ -73.879720583788384, 40.580121118121809 ], [ -73.881720340764076, 40.57957601950195 ], [ -73.881720340764076, 40.579156712871281 ], [ -73.886164245154518, 40.578150376957694 ], [ -73.887719611691168, 40.578066515631562 ] ] ], [ [ [ -73.835725930323036, 40.605782683918392 ], [ -73.834392759005894, 40.607837286408639 ], [ -73.834448307810774, 40.607208326462647 ], [ -73.835725930323036, 40.605782683918392 ] ] ], [ [ [ -73.866999907470742, 40.608088870387036 ], [ -73.868721920422047, 40.607040603810376 ], [ -73.868666371617167, 40.6082565930393 ], [ -73.866999907470742, 40.608088870387036 ] ] ], [ [ [ -73.869666250105013, 40.606537435853582 ], [ -73.871054970227021, 40.606285851875185 ], [ -73.87244369034903, 40.608172731713168 ], [ -73.872999178397833, 40.610562779507951 ], [ -73.871054970227021, 40.609724166246622 ], [ -73.869666250105013, 40.606537435853582 ] ] ], [ [ [ -73.850501912421237, 40.612323867356736 ], [ -73.849557582738271, 40.611527184758472 ], [ -73.84944648512851, 40.60984995823582 ], [ -73.851557339713978, 40.609053275637564 ], [ -73.853057157445747, 40.607963078397837 ], [ -73.854279231153114, 40.607837286408639 ], [ -73.855556853665362, 40.608969414311431 ], [ -73.855501304860482, 40.610143472877283 ], [ -73.853223803860388, 40.610143472877283 ], [ -73.851723986128619, 40.611569115421538 ], [ -73.850501912421237, 40.612323867356736 ] ] ], [ [ [ -73.844724836713667, 40.613959163216322 ], [ -73.842669530933094, 40.613162480618058 ], [ -73.840725322762282, 40.611652976747671 ], [ -73.839780993079302, 40.612365798019802 ], [ -73.838003431323131, 40.613078619291926 ], [ -73.83622586956696, 40.612198075367537 ], [ -73.838614468176814, 40.608969414311431 ], [ -73.838781114591455, 40.608088870387036 ], [ -73.841391908420846, 40.60645357452745 ], [ -73.841114164396444, 40.604692486678665 ], [ -73.84361386061606, 40.604398972037202 ], [ -73.844613739103906, 40.605027931983194 ], [ -73.84616910564057, 40.604776348004798 ], [ -73.847391179347937, 40.605069862646261 ], [ -73.847557825762578, 40.606998673147309 ], [ -73.845946910421048, 40.60804693972397 ], [ -73.845613617591752, 40.609891888898886 ], [ -73.845780264006407, 40.611275600780075 ], [ -73.845058129542949, 40.612323867356736 ], [ -73.845669166396632, 40.612952827302728 ], [ -73.844724836713667, 40.613959163216322 ] ] ], [ [ [ -73.83372617334733, 40.620961583948393 ], [ -73.834003917371732, 40.614378469846983 ], [ -73.834948247054712, 40.614462331173115 ], [ -73.837281296859686, 40.615762181728172 ], [ -73.835725930323036, 40.616726586978693 ], [ -73.834948247054712, 40.617774853555353 ], [ -73.835725930323036, 40.619745594719468 ], [ -73.83372617334733, 40.620961583948393 ] ] ], [ [ [ -73.850224168396835, 40.623309701080103 ], [ -73.84939093632363, 40.622471087818781 ], [ -73.849668680348032, 40.621380890579054 ], [ -73.850835205250519, 40.620332624002401 ], [ -73.853445999079909, 40.620206832013196 ], [ -73.856556732153209, 40.619703664056402 ], [ -73.857112220202026, 40.620961583948393 ], [ -73.855945695299525, 40.621800197209716 ], [ -73.854668072787277, 40.621590543894385 ], [ -73.85361264549455, 40.6204584159916 ], [ -73.851779534933499, 40.620584207980798 ], [ -73.851335144494456, 40.621925989198921 ], [ -73.852335022982302, 40.622890394449442 ], [ -73.851779534933499, 40.623351631743169 ], [ -73.850224168396835, 40.623309701080103 ] ] ], [ [ [ -73.845891361616168, 40.624986927602755 ], [ -73.844724836713667, 40.624777274287425 ], [ -73.843113921372137, 40.623351631743169 ], [ -73.84522477595759, 40.622974255775574 ], [ -73.84522477595759, 40.624357967656763 ], [ -73.845891361616168, 40.624986927602755 ] ] ], [ [ [ -73.868721920422047, 40.617355546924692 ], [ -73.869555152495252, 40.617229754935494 ], [ -73.873943508080814, 40.615846043054304 ], [ -73.876720948324831, 40.615762181728172 ], [ -73.878609607690763, 40.615929904380437 ], [ -73.879498388568862, 40.616558864326429 ], [ -73.879720583788384, 40.618906981458146 ], [ -73.879387290959102, 40.619871386708667 ], [ -73.877776375617557, 40.621632474557451 ], [ -73.874832288958899, 40.623603215721573 ], [ -73.866444419421939, 40.628257519321927 ], [ -73.865166796909691, 40.627670490039002 ], [ -73.864722406470648, 40.626538362136209 ], [ -73.86500015049505, 40.62565781821182 ], [ -73.866499968226819, 40.623770938373838 ], [ -73.864944601690169, 40.621129306600658 ], [ -73.865777833763374, 40.618487674827477 ], [ -73.866833261056101, 40.617816784218419 ], [ -73.868721920422047, 40.617355546924692 ] ] ], [ [ [ -73.853001608640866, 40.6320312789979 ], [ -73.852501669396943, 40.63119266573657 ], [ -73.856001244104405, 40.629892815181513 ], [ -73.85777880586059, 40.629934745844579 ], [ -73.858556489128915, 40.63043791380138 ], [ -73.85777880586059, 40.632534446954693 ], [ -73.855334658445841, 40.632827961596156 ], [ -73.854779170397038, 40.633582713531354 ], [ -73.85361264549455, 40.63383429750975 ], [ -73.852279474177422, 40.633289198889884 ], [ -73.853001608640866, 40.6320312789979 ] ] ], [ [ [ -73.846391300860091, 40.635301870717072 ], [ -73.848113313811382, 40.632618308280826 ], [ -73.850057521982194, 40.632324793639363 ], [ -73.849890875567553, 40.634085881488147 ], [ -73.848835448274826, 40.63542766270627 ], [ -73.848502155445544, 40.636937166576658 ], [ -73.847724472177219, 40.638195086468642 ], [ -73.84616910564057, 40.638572462436244 ], [ -73.84528032476247, 40.637230681218121 ], [ -73.844280446274624, 40.636685582598254 ], [ -73.844891483128308, 40.635763108010799 ], [ -73.846391300860091, 40.635301870717072 ] ] ], [ [ [ -73.878331863666361, 40.638865977077707 ], [ -73.876498753105309, 40.642597806090606 ], [ -73.87494338656866, 40.644987853885389 ], [ -73.873887959275933, 40.646329635103505 ], [ -73.873165824812475, 40.645449091179117 ], [ -73.873276922422249, 40.643897656645663 ], [ -73.870110640544056, 40.639830382328228 ], [ -73.869555152495252, 40.637943502490245 ], [ -73.873499117641771, 40.636266275967593 ], [ -73.875443325812583, 40.637272611881187 ], [ -73.877331985178515, 40.638740185088508 ], [ -73.878331863666361, 40.638865977077707 ] ] ], [ [ [ -73.87344356883689, 40.64679087239724 ], [ -73.871277165446543, 40.648551960246024 ], [ -73.86927740847085, 40.649767949474942 ], [ -73.862778198299836, 40.653248194509452 ], [ -73.860556246104608, 40.654631906390634 ], [ -73.857223317811787, 40.650271117431743 ], [ -73.858389842714274, 40.647294040354033 ], [ -73.857167769006907, 40.643688003330332 ], [ -73.859445270007001, 40.643142904710466 ], [ -73.862000515031497, 40.642891320732069 ], [ -73.863333686348639, 40.642304291449143 ], [ -73.865333443324332, 40.64075285691569 ], [ -73.867333200300024, 40.639872312991294 ], [ -73.868666371617167, 40.640920579567954 ], [ -73.869888445324534, 40.643268696699664 ], [ -73.869999542934295, 40.644065379297928 ], [ -73.871166067836782, 40.645323299189918 ], [ -73.872554787958791, 40.645574883168315 ], [ -73.87344356883689, 40.64679087239724 ] ] ] ] } },
{ "type": "Feature", "properties": { "id": "36", "CDTA2020": "MN01", "GEOCODE": 6101, "GEONAME": "MN01 Financial District-Tribeca (CD 1 Equivalent)", "cd_population": 71865.0, "pop_within_walk": 69457.377961432503, "pct_pop_walk": 96.649798874879991 }, "geometry": { "type": "MultiPolygon", "coordinates": [ [ [ [ -74.011926739403947, 40.683899509210917 ], [ -74.012148934623468, 40.684109162526248 ], [ -74.008371615891591, 40.686415348994899 ], [ -74.008149420672069, 40.686163765016502 ], [ -74.011926739403947, 40.683899509210917 ] ] ], [ [ [ -74.004983138793875, 40.68758940756075 ], [ -74.005649724452454, 40.686792724962494 ], [ -74.007816127842787, 40.68737975424542 ], [ -74.007427286208625, 40.688218367506749 ], [ -74.004983138793875, 40.68758940756075 ] ] ], [ [ [ -74.003816613891388, 40.688931188778874 ], [ -74.004594297159713, 40.688218367506749 ], [ -74.006760700550061, 40.688847327452741 ], [ -74.006371858915898, 40.689685940714071 ], [ -74.003816613891388, 40.688931188778874 ] ] ], [ [ [ -74.002983381818183, 40.690440692649261 ], [ -74.003427772257226, 40.689602079387939 ], [ -74.005760822062214, 40.690231039333931 ], [ -74.005316431623172, 40.691111583258326 ], [ -74.002983381818183, 40.690440692649261 ] ] ], [ [ [ -74.043867302210231, 40.690189108670864 ], [ -74.043645106990695, 40.688763466126609 ], [ -74.044811631893197, 40.688595743474345 ], [ -74.046255900820086, 40.689308564746469 ], [ -74.047200230503051, 40.690440692649261 ], [ -74.045978156795684, 40.691111583258326 ], [ -74.043867302210231, 40.690189108670864 ] ] ], [ [ [ -74.000705880818089, 40.690608415301526 ], [ -74.004816492379234, 40.691782473867384 ], [ -74.004427650745072, 40.692537225802575 ], [ -74.001983503330337, 40.69182440453045 ], [ -74.000705880818089, 40.690608415301526 ] ] ], [ [ [ -74.016759485428551, 40.693333908400838 ], [ -74.014204240404041, 40.692830740444045 ], [ -74.012204483428349, 40.691153513921392 ], [ -74.012315581038109, 40.689266634083403 ], [ -74.013148813111314, 40.688134506180617 ], [ -74.014870826062605, 40.687253962256221 ], [ -74.016037350965092, 40.687337823582354 ], [ -74.022758756355643, 40.684276885178512 ], [ -74.024647415721574, 40.683983370537049 ], [ -74.026036135843583, 40.684528469156916 ], [ -74.026591623892386, 40.68524129042904 ], [ -74.026147233453344, 40.686415348994899 ], [ -74.020203511331133, 40.692034057845781 ], [ -74.019425828062808, 40.69320811641164 ], [ -74.016759485428551, 40.693333908400838 ] ] ], [ [ [ -74.001761308110815, 40.692411433813376 ], [ -74.003983260306029, 40.69320811641164 ], [ -74.003427772257226, 40.694046729672962 ], [ -74.001261368866892, 40.693291977737772 ], [ -74.001761308110815, 40.692411433813376 ] ] ], [ [ [ -74.00098362484249, 40.694088660336028 ], [ -74.003038930623063, 40.694759550945093 ], [ -74.002372344964499, 40.695723956195614 ], [ -74.000261490379046, 40.694969204260424 ], [ -74.00098362484249, 40.694088660336028 ] ] ], [ [ [ -73.9983728310131, 40.698072073327332 ], [ -73.998872770257023, 40.69714959873987 ], [ -74.001039173647371, 40.697904350675067 ], [ -74.000483685598567, 40.69874296393639 ], [ -73.9983728310131, 40.698072073327332 ] ] ], [ [ [ -73.998039538183818, 40.69874296393639 ], [ -74.000039295159524, 40.699455785208521 ], [ -73.999483807110707, 40.700336329132909 ], [ -73.997484050135014, 40.699623507860785 ], [ -73.998039538183818, 40.69874296393639 ] ] ], [ [ [ -74.039923337063712, 40.700881427752776 ], [ -74.037701384868484, 40.699329993219322 ], [ -74.038256872917302, 40.698365587968794 ], [ -74.039367849014909, 40.698114003990398 ], [ -74.04125650838084, 40.699539646534653 ], [ -74.041756447624763, 40.699162270567051 ], [ -74.039923337063712, 40.697694697359736 ], [ -74.041645350015003, 40.696436777467746 ], [ -74.043700655795575, 40.698030142664265 ], [ -74.042978521332131, 40.698994547914786 ], [ -74.041089861966199, 40.700504051785174 ], [ -74.039923337063712, 40.700881427752776 ] ] ], [ [ [ -73.99670636686669, 40.700881427752776 ], [ -73.998150635793579, 40.701510387698768 ], [ -73.996206427622766, 40.703397267536751 ], [ -73.99515100033004, 40.70297796090609 ], [ -73.99670636686669, 40.700881427752776 ] ] ], [ [ [ -73.999317160696066, 40.717569831653165 ], [ -74.000816978427849, 40.71530557584758 ], [ -74.000816978427849, 40.711447954845482 ], [ -74.000483685598567, 40.710986717551755 ], [ -74.001428015281533, 40.709812658985896 ], [ -73.999150514281425, 40.70796770981098 ], [ -74.001205820062012, 40.706877512571253 ], [ -74.000594783208328, 40.705409939363932 ], [ -74.001428015281533, 40.704864840744072 ], [ -74.003316674647465, 40.705619592679263 ], [ -74.009315945574556, 40.701929694329429 ], [ -74.011037958525861, 40.701468457035702 ], [ -74.011093507330742, 40.700881427752776 ], [ -74.013482105940597, 40.700462121122108 ], [ -74.015148570087007, 40.70083949708971 ], [ -74.017426071087115, 40.703019891569156 ], [ -74.017592717501756, 40.704193950135014 ], [ -74.018425949574961, 40.704152019471948 ], [ -74.019314730453047, 40.706080829972997 ], [ -74.01820375435544, 40.707841917821781 ], [ -74.018870340014004, 40.708051571137112 ], [ -74.017814912721278, 40.712328498769871 ], [ -74.01664838781879, 40.712160776117607 ], [ -74.016315094989508, 40.713418696009597 ], [ -74.017592717501756, 40.713586418661862 ], [ -74.016703936623671, 40.718618098229818 ], [ -74.013204361916195, 40.718324583588355 ], [ -74.013426557135716, 40.720001810111008 ], [ -74.012537776257631, 40.721511313981395 ], [ -74.011982288208827, 40.72432066840684 ], [ -74.011260153745383, 40.724278737743774 ], [ -74.010926860916101, 40.725788241614161 ], [ -73.999317160696066, 40.717569831653165 ] ] ] ] } },
{ "type": "Feature", "properties": { "id": "37", "CDTA2020": "MN02", "GEOCODE": 6102, "GEONAME": "MN02 Greenwich Village-SoHo (CD 2 Equivalent)", "cd_population": 86202.0, "pop_within_walk": 80332.052442691624, "pct_pop_walk": 93.190474052448465 }, "geometry": { "type": "Polygon", "coordinates": [ [ [ -74.009149299159915, 40.74247664551455 ], [ -74.008704908720873, 40.742350853525352 ], [ -73.99681746447645, 40.737361104620462 ], [ -73.989929412671273, 40.734425958205819 ], [ -73.989873863866393, 40.733545414281423 ], [ -73.991318132793282, 40.727758982778276 ], [ -73.993540084988496, 40.721637105970593 ], [ -73.994817707500758, 40.718450375577554 ], [ -73.996039781208125, 40.716228050435042 ], [ -73.999317160696066, 40.717569831653165 ], [ -74.010926860916101, 40.725788241614161 ], [ -74.011260153745383, 40.724278737743774 ], [ -74.011982288208827, 40.72432066840684 ], [ -74.011648995379545, 40.725872102940293 ], [ -74.015148570087007, 40.726333340234021 ], [ -74.015148570087007, 40.726794577527748 ], [ -74.011537897769784, 40.726459132223219 ], [ -74.011371251355143, 40.728220220072004 ], [ -74.014370886818682, 40.7284718040504 ], [ -74.0140375939894, 40.730694129192919 ], [ -74.011149056135622, 40.730442545214522 ], [ -74.010371372867283, 40.739164123132312 ], [ -74.011593446574665, 40.73928991512151 ], [ -74.011371251355143, 40.741805754905485 ], [ -74.01081576330634, 40.742602437503749 ], [ -74.009149299159915, 40.74247664551455 ] ] ] } },
{ "type": "Feature", "properties": { "id": "38", "CDTA2020": "MN03", "GEOCODE": 6103, "GEONAME": "MN03 Lower East Side-Chinatown (CD 3 Equivalent)", "cd_population": 153288.0, "pop_within_walk": 55075.502794142129, "pct_pop_walk": 35.929428783820086 }, "geometry": { "type": "Polygon", "coordinates": [ [ [ -73.999150514281425, 40.70796770981098 ], [ -74.001428015281533, 40.709812658985896 ], [ -74.000483685598567, 40.710986717551755 ], [ -74.000816978427849, 40.711447954845482 ], [ -74.000816978427849, 40.71530557584758 ], [ -73.999317160696066, 40.717569831653165 ], [ -73.996039781208125, 40.716228050435042 ], [ -73.994817707500758, 40.718450375577554 ], [ -73.993540084988496, 40.721637105970593 ], [ -73.991318132793282, 40.727758982778276 ], [ -73.989873863866393, 40.733545414281423 ], [ -73.989929412671273, 40.734425958205819 ], [ -73.975653369816982, 40.7284718040504 ], [ -73.971653855865583, 40.726626854875484 ], [ -73.972987027182725, 40.720672700720073 ], [ -73.973598064036409, 40.718618098229818 ], [ -73.974931235353537, 40.71509592253225 ], [ -73.976431053085307, 40.71190919213921 ], [ -73.978264163646372, 40.710483549594954 ], [ -73.981263799109911, 40.710231965616558 ], [ -73.981263799109911, 40.709812658985896 ], [ -73.988151850915088, 40.709141768376838 ], [ -73.988762887768786, 40.709980381638161 ], [ -73.997261854915493, 40.70872246174617 ], [ -73.999150514281425, 40.70796770981098 ] ] ] } },
{ "type": "Feature", "properties": { "id": "39", "CDTA2020": "MN04", "GEOCODE": 6104, "GEONAME": "MN04 Chelsea-Hell's Kitchen (CD 4 Approximation)", "cd_population": 117099.0, "pop_within_walk": 93094.33709030383, "pct_pop_walk": 79.500539791376383 }, "geometry": { "type": "Polygon", "coordinates": [ [ [ -73.993817829012897, 40.772918306900685 ], [ -73.993762280208017, 40.772205485628561 ], [ -73.982374775207518, 40.767383459375935 ], [ -73.997095208500852, 40.747214810441044 ], [ -73.991429230403043, 40.744782831983194 ], [ -73.99681746447645, 40.737361104620462 ], [ -74.008704908720873, 40.742350853525352 ], [ -74.009149299159915, 40.74247664551455 ], [ -74.009538140794078, 40.743692634743475 ], [ -74.008704908720873, 40.744866693309326 ], [ -74.009538140794078, 40.745285999939995 ], [ -74.009038201550155, 40.747801839723969 ], [ -74.00992698242824, 40.748933967626762 ], [ -74.009093750355035, 40.750359610171017 ], [ -74.007593932623266, 40.754301092499247 ], [ -74.005427529232932, 40.757320100240022 ], [ -74.005038687598756, 40.758368366816683 ], [ -74.006982895769582, 40.759165049414939 ], [ -74.006538505330539, 40.759877870687063 ], [ -74.004483199549952, 40.759081188088807 ], [ -74.003150028232824, 40.761093859915988 ], [ -74.002316796159619, 40.761555097209715 ], [ -74.00098362484249, 40.763400046384639 ], [ -73.999928197549764, 40.763400046384639 ], [ -73.999150514281425, 40.764196728982895 ], [ -74.002261247354738, 40.765538510201019 ], [ -74.002039052135217, 40.765873955505548 ], [ -73.998872770257023, 40.764574104950491 ], [ -73.998261733403339, 40.765580440864085 ], [ -74.001539112891294, 40.766964152745274 ], [ -74.001316917671772, 40.767257667386737 ], [ -73.998039538183818, 40.765873955505548 ], [ -73.997372952525254, 40.766838360756076 ], [ -74.000650332013208, 40.768222072637258 ], [ -74.000372587988807, 40.768515587278728 ], [ -73.997150757305732, 40.767131875397538 ], [ -73.996484171647168, 40.768096280648059 ], [ -73.996595269256929, 40.769438061866182 ], [ -73.999039416671664, 40.770444397779777 ], [ -73.998761672647262, 40.770821773747372 ], [ -73.996317525232527, 40.769815437833778 ], [ -73.993817829012897, 40.772918306900685 ] ] ] } },
{ "type": "Feature", "properties": { "id": "40", "CDTA2020": "MN05", "GEOCODE": 6105, "GEONAME": "MN05 Midtown-Flatiron-Union Square (CD 5 Approximation)", "cd_population": 51619.0, "pop_within_walk": 51614.063291139239, "pct_pop_walk": 99.990436256299503 }, "geometry": { "type": "Polygon", "coordinates": [ [ [ -73.981485994329432, 40.767886627332729 ], [ -73.969820745304531, 40.762896878427838 ], [ -73.975820016231623, 40.754678468466842 ], [ -73.976542150695067, 40.754971983108305 ], [ -73.978375261256133, 40.752414212661265 ], [ -73.977653126792674, 40.752120698019802 ], [ -73.989873863866393, 40.735390363456347 ], [ -73.989929412671273, 40.734425958205819 ], [ -73.99681746447645, 40.737361104620462 ], [ -73.991429230403043, 40.744782831983194 ], [ -73.997095208500852, 40.747214810441044 ], [ -73.982374775207518, 40.767383459375935 ], [ -73.981485994329432, 40.767886627332729 ] ] ] } },
{ "type": "Feature", "properties": { "id": "41", "CDTA2020": "MN06", "GEOCODE": 6106, "GEONAME": "MN06 East Midtown-Murray Hill (CD 6 Approximation)", "cd_population": 145360.0, "pop_within_walk": 104602.20782996688, "pct_pop_walk": 71.960792398161033 }, "geometry": { "type": "Polygon", "coordinates": [ [ [ -73.958488789108912, 40.758536089468947 ], [ -73.960655192499246, 40.755936388358833 ], [ -73.961655070987106, 40.755139705760577 ], [ -73.965321292109209, 40.751030500780075 ], [ -73.970765074987497, 40.744405456015599 ], [ -73.971876051085104, 40.742728229492947 ], [ -73.972653734353443, 40.739206053795378 ], [ -73.972487087938802, 40.735809670087008 ], [ -73.974431296109614, 40.736396699369934 ], [ -73.974431296109614, 40.735306502130207 ], [ -73.973431417621768, 40.731281158475845 ], [ -73.971487209450942, 40.729268486648664 ], [ -73.971653855865583, 40.726626854875484 ], [ -73.975653369816982, 40.7284718040504 ], [ -73.989929412671273, 40.734425958205819 ], [ -73.989873863866393, 40.735390363456347 ], [ -73.977653126792674, 40.752120698019802 ], [ -73.978375261256133, 40.752414212661265 ], [ -73.976542150695067, 40.754971983108305 ], [ -73.975820016231623, 40.754678468466842 ], [ -73.969820745304531, 40.762896878427838 ], [ -73.958933179547955, 40.75832643615361 ], [ -73.958488789108912, 40.758536089468947 ] ] ] } },
{ "type": "Feature", "properties": { "id": "42", "CDTA2020": "MN07", "GEOCODE": 6107, "GEONAME": "MN07 Upper West Side (CD 7 Approximation)", "cd_population": 218761.0, "pop_within_walk": 137388.34098310597, "pct_pop_walk": 62.802940644404615 }, "geometry": { "type": "Polygon", "coordinates": [ [ [ -73.9596553140114, 40.801137643144315 ], [ -73.95815549627963, 40.800592544524449 ], [ -73.981652640744073, 40.768389795289529 ], [ -73.981485994329432, 40.767886627332729 ], [ -73.982374775207518, 40.767383459375935 ], [ -73.993762280208017, 40.772205485628561 ], [ -73.993817829012897, 40.772918306900685 ], [ -73.993928926622658, 40.773169890879089 ], [ -73.990929291159119, 40.777572610501046 ], [ -73.990373803110316, 40.777572610501046 ], [ -73.988873985378547, 40.779711074317426 ], [ -73.987985204500447, 40.78176567680768 ], [ -73.980541664646466, 40.792457995889585 ], [ -73.971098367816779, 40.805791946744669 ], [ -73.966710012231218, 40.804156650885083 ], [ -73.9596553140114, 40.801137643144315 ] ] ] } },
{ "type": "Feature", "properties": { "id": "43", "CDTA2020": "MN08", "GEOCODE": 6108, "GEONAME": "MN08 Upper East Side-Roosevelt Island (CD 8 Equivalent)", "cd_population": 212308.0, "pop_within_walk": 179158.61469906033, "pct_pop_walk": 84.386181726105619 }, "geometry": { "type": "MultiPolygon", "coordinates": [ [ [ [ -73.941824147644766, 40.769060685898587 ], [ -73.942879574937493, 40.768305933963397 ], [ -73.944823783108319, 40.765832024842481 ], [ -73.949434333913388, 40.760548761296128 ], [ -73.952100676547659, 40.757990990849081 ], [ -73.952545066986701, 40.757110446924692 ], [ -73.957933301060109, 40.752120698019802 ], [ -73.960932936523648, 40.749772580888084 ], [ -73.960710741304126, 40.75119822343234 ], [ -73.959488667596759, 40.752959311281124 ], [ -73.958433240304032, 40.753965647194718 ], [ -73.953656043084308, 40.759500494719468 ], [ -73.952100676547659, 40.760842275937591 ], [ -73.949989821962191, 40.763651630363036 ], [ -73.949101041084106, 40.764280590309028 ], [ -73.944712685498544, 40.769731576507645 ], [ -73.942101891669168, 40.772037762976296 ], [ -73.9408798179618, 40.772373208280825 ], [ -73.940213232303236, 40.771115288388835 ], [ -73.941102013181322, 40.769396131203116 ], [ -73.941824147644766, 40.769060685898587 ] ] ], [ [ [ -73.958488789108912, 40.758536089468947 ], [ -73.958933179547955, 40.75832643615361 ], [ -73.969820745304531, 40.762896878427838 ], [ -73.973042575987606, 40.764280590309028 ], [ -73.955766897669776, 40.787929484278422 ], [ -73.94404609983998, 40.782981666036598 ], [ -73.943657258205818, 40.782646220732069 ], [ -73.943879453425339, 40.781514092829283 ], [ -73.943435062986296, 40.779753004980492 ], [ -73.941990794059407, 40.776188898619857 ], [ -73.942935123742373, 40.774679394749469 ], [ -73.944879331913199, 40.772582861596156 ], [ -73.946379149644969, 40.771283011041099 ], [ -73.948656650645063, 40.768851032583257 ], [ -73.950045370767072, 40.76700608340834 ], [ -73.954433726352633, 40.762184057155714 ], [ -73.958488789108912, 40.758536089468947 ] ] ] ] } },
{ "type": "Feature", "properties": { "id": "44", "CDTA2020": "MN09", "GEOCODE": 6109, "GEONAME": "MN09 Morningside Heights-Hamilton Heights (CD 9 Equivalent)", "cd_population": 112774.0, "pop_within_walk": 17471.43631992862, "pct_pop_walk": 15.492432936606505 }, "geometry": { "type": "Polygon", "coordinates": [ [ [ -73.940157683498356, 40.830363315301526 ], [ -73.938657865766572, 40.829734355355534 ], [ -73.93926890262027, 40.828308712811278 ], [ -73.942935123742373, 40.823277033243322 ], [ -73.945157075937601, 40.820886985448546 ], [ -73.946101405620567, 40.821264361416141 ], [ -73.948656650645063, 40.815687583228318 ], [ -73.950323114791487, 40.813171743444343 ], [ -73.952100676547659, 40.811452586258625 ], [ -73.953600494279428, 40.80948184509451 ], [ -73.954989214401436, 40.810068874377436 ], [ -73.957711105840588, 40.80629511470147 ], [ -73.958266593889391, 40.80524684812481 ], [ -73.958266593889391, 40.80310838430843 ], [ -73.9596553140114, 40.801137643144315 ], [ -73.966710012231218, 40.804156650885083 ], [ -73.971098367816779, 40.805791946744669 ], [ -73.968876415621565, 40.808769023822379 ], [ -73.966654463426337, 40.812165407530749 ], [ -73.963377083938397, 40.816693919141912 ], [ -73.957933301060109, 40.822773865286528 ], [ -73.959544216401639, 40.823696339873983 ], [ -73.957266715401545, 40.82713465424542 ], [ -73.956322385718579, 40.827931336843683 ], [ -73.955044763206317, 40.827428168886883 ], [ -73.953600494279428, 40.829105395409542 ], [ -73.950212017181713, 40.834304797629763 ], [ -73.94821226020602, 40.833843560336028 ], [ -73.940157683498356, 40.830363315301526 ] ] ] } },
{ "type": "Feature", "properties": { "id": "45", "CDTA2020": "MN10", "GEOCODE": 6110, "GEONAME": "MN10 Harlem (CD 10 Equivalent)", "cd_population": 134893.0, "pop_within_walk": 61963.150191035973, "pct_pop_walk": 45.935037541633719 }, "geometry": { "type": "Polygon", "coordinates": [ [ [ -73.934436156595666, 40.835982024152415 ], [ -73.934936095839589, 40.835227272217217 ], [ -73.935158291059111, 40.832879155085507 ], [ -73.934436156595666, 40.827050792919287 ], [ -73.933991766156623, 40.819712926882687 ], [ -73.933825119741982, 40.819503273567356 ], [ -73.934047314961504, 40.817826047044704 ], [ -73.934880547034709, 40.816526196489647 ], [ -73.942768477327732, 40.805750016081603 ], [ -73.944323843864382, 40.806378976027602 ], [ -73.946156954425447, 40.803863136243621 ], [ -73.944601587888783, 40.803234176297629 ], [ -73.949212138693866, 40.796860715511549 ], [ -73.95815549627963, 40.800592544524449 ], [ -73.9596553140114, 40.801137643144315 ], [ -73.958266593889391, 40.80310838430843 ], [ -73.958266593889391, 40.80524684812481 ], [ -73.957711105840588, 40.80629511470147 ], [ -73.954989214401436, 40.810068874377436 ], [ -73.953600494279428, 40.80948184509451 ], [ -73.952100676547659, 40.811452586258625 ], [ -73.950323114791487, 40.813171743444343 ], [ -73.948656650645063, 40.815687583228318 ], [ -73.946101405620567, 40.821264361416141 ], [ -73.945157075937601, 40.820886985448546 ], [ -73.942935123742373, 40.823277033243322 ], [ -73.93926890262027, 40.828308712811278 ], [ -73.938657865766572, 40.829734355355534 ], [ -73.940157683498356, 40.830363315301526 ], [ -73.93821347532753, 40.833256531053102 ], [ -73.934436156595666, 40.835982024152415 ] ] ] } },
{ "type": "Feature", "properties": { "id": "46", "CDTA2020": "MN11", "GEOCODE": 6111, "GEONAME": "MN11 East Harlem (CD 11 Equivalent)", "cd_population": 124499.0, "pop_within_walk": 55174.296383745161, "pct_pop_walk": 44.317059883007218 }, "geometry": { "type": "MultiPolygon", "coordinates": [ [ [ [ -73.921326638643862, 40.800844128502845 ], [ -73.920326760156016, 40.799376555295524 ], [ -73.916604990229018, 40.797867051425143 ], [ -73.915438465326531, 40.79707036882688 ], [ -73.913827549985001, 40.794512598379832 ], [ -73.913772001180121, 40.793841707770774 ], [ -73.915160721302129, 40.791996758595857 ], [ -73.918493649594964, 40.78943898814881 ], [ -73.921882126692665, 40.78570715913591 ], [ -73.922826456375645, 40.783568695319531 ], [ -73.924492920522056, 40.78231077542754 ], [ -73.925714994229423, 40.782184983438341 ], [ -73.927325909570953, 40.781094786198615 ], [ -73.928492434473455, 40.781010924872483 ], [ -73.930658837863788, 40.782268844764474 ], [ -73.93504719344935, 40.783023596699664 ], [ -73.936047071937196, 40.784197655265523 ], [ -73.935713779107914, 40.785665228472844 ], [ -73.931492069936994, 40.79048725472547 ], [ -73.929714508180822, 40.791367798649866 ], [ -73.927881397619757, 40.790948492019197 ], [ -73.927159263156312, 40.791912897269725 ], [ -73.928270239253933, 40.792332203900386 ], [ -73.928270239253933, 40.793212747824782 ], [ -73.927325909570953, 40.794470667716766 ], [ -73.926881519131911, 40.796231755565557 ], [ -73.927492555985594, 40.79811863540354 ], [ -73.926492677497748, 40.800676405850581 ], [ -73.925270603790381, 40.802018187068704 ], [ -73.92265980996099, 40.801850464416439 ], [ -73.921326638643862, 40.800844128502845 ] ] ], [ [ [ -73.943657258205818, 40.782646220732069 ], [ -73.94404609983998, 40.782981666036598 ], [ -73.955766897669776, 40.787929484278422 ], [ -73.949212138693866, 40.796860715511549 ], [ -73.944601587888783, 40.803234176297629 ], [ -73.946156954425447, 40.803863136243621 ], [ -73.944323843864382, 40.806378976027602 ], [ -73.942768477327732, 40.805750016081603 ], [ -73.934880547034709, 40.816526196489647 ], [ -73.934047314961504, 40.817826047044704 ], [ -73.933825119741982, 40.819503273567356 ], [ -73.933991766156623, 40.812794367476748 ], [ -73.934325058985905, 40.809565706420642 ], [ -73.933547375717566, 40.80759496525652 ], [ -73.931158777107711, 40.804953333483347 ], [ -73.929992252205224, 40.803192245634563 ], [ -73.929047922522258, 40.801095712481242 ], [ -73.929047922522258, 40.796776854185417 ], [ -73.930214447424746, 40.794596459705971 ], [ -73.933491826912686, 40.792793441194114 ], [ -73.935824876717675, 40.791074284008396 ], [ -73.937046950425042, 40.789397057485743 ], [ -73.938102377717769, 40.787174732343232 ], [ -73.939824390669074, 40.785245921842183 ], [ -73.94249073330333, 40.78390414062406 ], [ -73.943657258205818, 40.782646220732069 ] ] ] ] } },
{ "type": "Feature", "properties": { "id": "47", "CDTA2020": "MN12", "GEOCODE": 6112, "GEONAME": "MN12 Washington Heights-Inwood (CD 12 Equivalent)", "cd_population": 188591.0, "pop_within_walk": 153568.44575730001, "pct_pop_walk": 81.429360763398051 }, "geometry": { "type": "Polygon", "coordinates": [ [ [ -73.934436156595666, 40.835982024152415 ], [ -73.93821347532753, 40.833256531053102 ], [ -73.940157683498356, 40.830363315301526 ], [ -73.94821226020602, 40.833843560336028 ], [ -73.950212017181713, 40.834304797629763 ], [ -73.949545431523148, 40.836862568076803 ], [ -73.948434455425542, 40.839881575817579 ], [ -73.946101405620567, 40.843906919471948 ], [ -73.946156954425447, 40.845374492679262 ], [ -73.946767991279131, 40.847009788538848 ], [ -73.94660134486449, 40.848267708430839 ], [ -73.947045735303533, 40.850238449594954 ], [ -73.94499042952296, 40.851747953465342 ], [ -73.943046221352134, 40.852628497389738 ], [ -73.941879696449647, 40.853886417281728 ], [ -73.940268781108117, 40.8566538410441 ], [ -73.937546889668965, 40.860092155415536 ], [ -73.936491462376239, 40.861937104590453 ], [ -73.933991766156623, 40.86503997365736 ], [ -73.932436399619959, 40.867555813441342 ], [ -73.931936460376036, 40.871119919801977 ], [ -73.928992373717378, 40.875732292739272 ], [ -73.926881519131911, 40.877199865946594 ], [ -73.924548469326936, 40.877409519261924 ], [ -73.922382065936588, 40.876738628652859 ], [ -73.92265980996099, 40.874851748814876 ], [ -73.922270968326828, 40.873761551575157 ], [ -73.920604504180417, 40.87300679963996 ], [ -73.919993467326734, 40.873845412901289 ], [ -73.920826699399939, 40.875480708760875 ], [ -73.918882491229127, 40.874684026162612 ], [ -73.919215784058409, 40.873593828922893 ], [ -73.916327246204617, 40.874516303510347 ], [ -73.91521627010701, 40.874474372847281 ], [ -73.912272183448351, 40.873635759585959 ], [ -73.910661268106807, 40.872293978367836 ], [ -73.91105010974097, 40.869149178637862 ], [ -73.912549927472753, 40.866507546864682 ], [ -73.913938647594762, 40.864746459015898 ], [ -73.91532736771677, 40.86407556840684 ], [ -73.91532736771677, 40.863153093819378 ], [ -73.917104929472941, 40.861853243264321 ], [ -73.91949352808281, 40.858792304860486 ], [ -73.921215541034101, 40.858834235523553 ], [ -73.921159992229221, 40.857534384968496 ], [ -73.922382065936588, 40.856569979717968 ], [ -73.922270968326828, 40.855647505130513 ], [ -73.92360413964397, 40.853970278607861 ], [ -73.929714508180822, 40.845248700690064 ], [ -73.930825484278429, 40.842732860906089 ], [ -73.934436156595666, 40.835982024152415 ] ] ] } },
{ "type": "Feature", "properties": { "id": "48", "CDTA2020": "MN64", "GEOCODE": 6164, "GEONAME": "MN64 Central Park (JIA 64 Equivalent)", "cd_population": 0.0, "pop_within_walk": 0.0, "pct_pop_walk": 0.0 }, "geometry": { "type": "Polygon", "coordinates": [ [ [ -73.949212138693866, 40.796860715511549 ], [ -73.955766897669776, 40.787929484278422 ], [ -73.973042575987606, 40.764280590309028 ], [ -73.981485994329432, 40.767886627332729 ], [ -73.981652640744073, 40.768389795289529 ], [ -73.95815549627963, 40.800592544524449 ], [ -73.949212138693866, 40.796860715511549 ] ] ] } },
{ "type": "Feature", "properties": { "id": "49", "CDTA2020": "QN01", "GEOCODE": 8101, "GEONAME": "QN01 Astoria-Queensbridge (CD 1 Equivalent)", "cd_population": 179054.0, "pop_within_walk": 47158.449448160172, "pct_pop_walk": 26.337557076725556 }, "geometry": { "type": "MultiPolygon", "coordinates": [ [ [ [ -73.889441624642458, 40.773547266846684 ], [ -73.888663941374134, 40.768976824572455 ], [ -73.887719611691168, 40.766922222082208 ], [ -73.890885893569362, 40.765873955505548 ], [ -73.891108088788883, 40.766335192799275 ], [ -73.8938855290329, 40.766419054125407 ], [ -73.894607663496345, 40.765706232853283 ], [ -73.895218700350028, 40.764238659645962 ], [ -73.89632967644765, 40.763358115721573 ], [ -73.898773823862385, 40.759919801350129 ], [ -73.899718153545351, 40.757571684218419 ], [ -73.898718275057504, 40.754133369846983 ], [ -73.910216877667764, 40.752959311281124 ], [ -73.909828036033602, 40.751659460726067 ], [ -73.913160964326437, 40.750946639453943 ], [ -73.91527181891189, 40.750862778127811 ], [ -73.920548955375537, 40.749730650225018 ], [ -73.92099334581458, 40.750988570117009 ], [ -73.922548712351229, 40.751575599399935 ], [ -73.924659566936697, 40.751659460726067 ], [ -73.931492069936994, 40.751156292769274 ], [ -73.933936217351743, 40.750275748844885 ], [ -73.936880304010401, 40.748430799669961 ], [ -73.938102377717769, 40.749814511551151 ], [ -73.9439905510351, 40.752330351335132 ], [ -73.944879331913199, 40.752623865976595 ], [ -73.950823054035411, 40.755223567086709 ], [ -73.945990308010806, 40.761303513231319 ], [ -73.943490611791177, 40.764490243624358 ], [ -73.941324208400843, 40.766922222082208 ], [ -73.939824390669074, 40.767970488658861 ], [ -73.93821347532753, 40.768683309930992 ], [ -73.936824755205521, 40.768892963246323 ], [ -73.935213839863991, 40.769689645844579 ], [ -73.934713900620068, 40.770444397779777 ], [ -73.935547132693273, 40.771911970987098 ], [ -73.935602681498153, 40.771911970987098 ], [ -73.937491340864085, 40.77254093093309 ], [ -73.937880182498247, 40.774092365466544 ], [ -73.937657987278726, 40.775098701380138 ], [ -73.936380364766478, 40.776901719891988 ], [ -73.93510274225423, 40.777949986468641 ], [ -73.931769813961395, 40.777866125142509 ], [ -73.929881154595463, 40.776230829282923 ], [ -73.928603532083216, 40.776608205250525 ], [ -73.926326031083107, 40.778243501110111 ], [ -73.924881762156218, 40.778620877077707 ], [ -73.922937553985406, 40.780423895589557 ], [ -73.922104321912187, 40.780843202220218 ], [ -73.919104686448648, 40.7833590420042 ], [ -73.917160478277822, 40.784197655265523 ], [ -73.91682718544854, 40.785203991179117 ], [ -73.912605476277633, 40.789397057485743 ], [ -73.912216634643471, 40.789187404170413 ], [ -73.909883584838482, 40.790948492019197 ], [ -73.906495107740781, 40.790193740084007 ], [ -73.900329190399034, 40.789019681518148 ], [ -73.896940713301333, 40.786629633723372 ], [ -73.895829737203726, 40.785203991179117 ], [ -73.898829372667265, 40.782813943384333 ], [ -73.898662726252624, 40.781975330123011 ], [ -73.896051932423248, 40.783149388688869 ], [ -73.894607663496345, 40.782143052775275 ], [ -73.89377443142314, 40.782352706090606 ], [ -73.891608028032806, 40.780633548904888 ], [ -73.891219186398644, 40.77857894641464 ], [ -73.892496808910892, 40.777404887848782 ], [ -73.891774674447447, 40.776608205250525 ], [ -73.890108210301037, 40.777782263816377 ], [ -73.889497173447339, 40.775518008010799 ], [ -73.889886015081515, 40.774008504140411 ], [ -73.889441624642458, 40.773547266846684 ] ] ], [ [ [ -73.872888080788073, 40.785958743114307 ], [ -73.873499117641771, 40.785749089798976 ], [ -73.876776497129711, 40.785791020462042 ], [ -73.878331863666361, 40.785371713831381 ], [ -73.885942049934997, 40.78675542571257 ], [ -73.888330648544851, 40.787007009690967 ], [ -73.889386075837578, 40.787803692289224 ], [ -73.890552600740079, 40.790109878757875 ], [ -73.892163516081609, 40.790403393399338 ], [ -73.892830101740174, 40.79283537185718 ], [ -73.891774674447447, 40.796776854185417 ], [ -73.89060814954496, 40.797783190099004 ], [ -73.887164123642364, 40.798286358055805 ], [ -73.88394229295929, 40.795812448934889 ], [ -73.881664791959196, 40.795057696999699 ], [ -73.879776132593264, 40.794889974347434 ], [ -73.877887473227318, 40.794302945064501 ], [ -73.875832167446745, 40.793170817161716 ], [ -73.87494338656866, 40.79229027323732 ], [ -73.872888080788073, 40.791451659975998 ], [ -73.871221616641662, 40.789984086768676 ], [ -73.8708327750075, 40.787887553615356 ], [ -73.871610458275825, 40.786797356375637 ], [ -73.872888080788073, 40.785958743114307 ] ] ] ] } },
{ "type": "Feature", "properties": { "id": "50", "CDTA2020": "QN02", "GEOCODE": 8102, "GEONAME": "QN02 Long Island City-Sunnyside-Woodside (CD 2 Approximation)", "cd_population": 123823.0, "pop_within_walk": 51425.014346539916, "pct_pop_walk": 41.531068013648451 }, "geometry": { "type": "Polygon", "coordinates": [ [ [ -73.898718275057504, 40.754133369846983 ], [ -73.89794059178918, 40.752959311281124 ], [ -73.897051810911094, 40.749940303540349 ], [ -73.895663090789085, 40.748472730333027 ], [ -73.891663576837686, 40.742141200210021 ], [ -73.890885893569362, 40.7406736270027 ], [ -73.894663212301225, 40.740212389708965 ], [ -73.887275221252125, 40.738828677827783 ], [ -73.887552965276527, 40.736774075337529 ], [ -73.889386075837578, 40.735851600750074 ], [ -73.888497294959492, 40.734551750195017 ], [ -73.892330162496251, 40.734467888868885 ], [ -73.895107602740268, 40.735012987488744 ], [ -73.898329433423342, 40.735180710141009 ], [ -73.900606934423436, 40.734467888868885 ], [ -73.905161936423639, 40.728974972007201 ], [ -73.907050595789585, 40.727465468136813 ], [ -73.910105780058004, 40.72931041731173 ], [ -73.911716695399534, 40.729981307920788 ], [ -73.91204998822883, 40.728555665376533 ], [ -73.915049623692369, 40.728597596039599 ], [ -73.915049623692369, 40.727968636093607 ], [ -73.917993710351041, 40.728513734713466 ], [ -73.918382551985204, 40.72591403360336 ], [ -73.921771029082905, 40.726375270897087 ], [ -73.926437128692868, 40.728136358745871 ], [ -73.927881397619757, 40.72826215073507 ], [ -73.928492434473455, 40.727758982778276 ], [ -73.931325423522352, 40.728723388028797 ], [ -73.934547254205427, 40.729100763996399 ], [ -73.936491462376239, 40.729687793279325 ], [ -73.939102256205615, 40.731365019801977 ], [ -73.940046585888595, 40.733755067596761 ], [ -73.941824147644766, 40.735977392739272 ], [ -73.945934759205926, 40.73748689660966 ], [ -73.941435306010604, 40.739247984458444 ], [ -73.940379878717877, 40.740338181698171 ], [ -73.939102256205615, 40.742602437503749 ], [ -73.939657744254433, 40.742728229492947 ], [ -73.941213110791082, 40.740296251035105 ], [ -73.942879574937493, 40.738996400480048 ], [ -73.947156832913294, 40.737906203240321 ], [ -73.951934030133017, 40.739499568436841 ], [ -73.953822689498949, 40.73983501374137 ], [ -73.957488910621066, 40.739541499099907 ], [ -73.960710741304126, 40.738073925892586 ], [ -73.962155010231029, 40.738283579207916 ], [ -73.962432754255431, 40.739667291089106 ], [ -73.961321778157824, 40.740463973687369 ], [ -73.961543973377346, 40.741973477557757 ], [ -73.960544094889485, 40.744028080048004 ], [ -73.960544094889485, 40.744111941374136 ], [ -73.9596553140114, 40.743944218721872 ], [ -73.958766533133314, 40.744950554635459 ], [ -73.959155374767477, 40.745998821212119 ], [ -73.957544459425947, 40.748305007680763 ], [ -73.957488910621066, 40.748346938343829 ], [ -73.957044520182023, 40.748933967626762 ], [ -73.955044763206317, 40.749646788898886 ], [ -73.954489275157513, 40.751240154095406 ], [ -73.952933908620864, 40.752749657965794 ], [ -73.950823054035411, 40.755223567086709 ], [ -73.944879331913199, 40.752623865976595 ], [ -73.9439905510351, 40.752330351335132 ], [ -73.938102377717769, 40.749814511551151 ], [ -73.936880304010401, 40.748430799669961 ], [ -73.933936217351743, 40.750275748844885 ], [ -73.931492069936994, 40.751156292769274 ], [ -73.924659566936697, 40.751659460726067 ], [ -73.922548712351229, 40.751575599399935 ], [ -73.92099334581458, 40.750988570117009 ], [ -73.920548955375537, 40.749730650225018 ], [ -73.91527181891189, 40.750862778127811 ], [ -73.913160964326437, 40.750946639453943 ], [ -73.909828036033602, 40.751659460726067 ], [ -73.910216877667764, 40.752959311281124 ], [ -73.898718275057504, 40.754133369846983 ] ] ] } },
{ "type": "Feature", "properties": { "id": "51", "CDTA2020": "QN03", "GEOCODE": 8103, "GEONAME": "QN03 Jackson Heights-East Elmhurst (CD 3 Approximation)", "cd_population": 161945.0, "pop_within_walk": 39142.404035843458, "pct_pop_walk": 24.170183726477173 }, "geometry": { "type": "Polygon", "coordinates": [ [ [ -73.86094508773877, 40.763735491689168 ], [ -73.859111977177719, 40.761261582568252 ], [ -73.855279109640961, 40.759165049414939 ], [ -73.854223682348234, 40.757865198859882 ], [ -73.853334901470149, 40.756020249684966 ], [ -73.852223925372542, 40.752665796639661 ], [ -73.861111734153411, 40.750024164866481 ], [ -73.891774674447447, 40.746795503810375 ], [ -73.895663090789085, 40.748472730333027 ], [ -73.897051810911094, 40.749940303540349 ], [ -73.89794059178918, 40.752959311281124 ], [ -73.898718275057504, 40.754133369846983 ], [ -73.899718153545351, 40.757571684218419 ], [ -73.898773823862385, 40.759919801350129 ], [ -73.89632967644765, 40.763358115721573 ], [ -73.895218700350028, 40.764238659645962 ], [ -73.894607663496345, 40.765706232853283 ], [ -73.8938855290329, 40.766419054125407 ], [ -73.891108088788883, 40.766335192799275 ], [ -73.890885893569362, 40.765873955505548 ], [ -73.887719611691168, 40.766922222082208 ], [ -73.884331134593467, 40.767970488658861 ], [ -73.878054119641959, 40.771073357725768 ], [ -73.875554423422344, 40.771744248334834 ], [ -73.873832410471053, 40.771870040324032 ], [ -73.871277165446543, 40.771660387008701 ], [ -73.867999785958602, 40.770234744464446 ], [ -73.866000028982896, 40.768851032583257 ], [ -73.862944844714477, 40.766083608820878 ], [ -73.86094508773877, 40.763735491689168 ] ] ] } },
{ "type": "Feature", "properties": { "id": "52", "CDTA2020": "QN04", "GEOCODE": 8104, "GEONAME": "QN04 Elmhurst-Corona (CD 4 Approximation)", "cd_population": 168616.0, "pop_within_walk": 42706.005600088814, "pct_pop_walk": 25.327374389197239 }, "geometry": { "type": "Polygon", "coordinates": [ [ [ -73.847557825762578, 40.73908026180618 ], [ -73.851335144494456, 40.737570757935792 ], [ -73.85511246322632, 40.736816006000595 ], [ -73.858778684348437, 40.735767739423942 ], [ -73.859445270007001, 40.735767739423942 ], [ -73.864611308860887, 40.73430016621662 ], [ -73.875221130593062, 40.730736059855985 ], [ -73.879720583788384, 40.729100763996399 ], [ -73.881053755105512, 40.728765318691863 ], [ -73.885886501130116, 40.728304081398136 ], [ -73.887219672447245, 40.727884774767475 ], [ -73.887275221252125, 40.729268486648664 ], [ -73.88805290452045, 40.730107099909986 ], [ -73.888497294959492, 40.734551750195017 ], [ -73.889386075837578, 40.735851600750074 ], [ -73.887552965276527, 40.736774075337529 ], [ -73.887275221252125, 40.738828677827783 ], [ -73.894663212301225, 40.740212389708965 ], [ -73.890885893569362, 40.7406736270027 ], [ -73.891663576837686, 40.742141200210021 ], [ -73.895663090789085, 40.748472730333027 ], [ -73.891774674447447, 40.746795503810375 ], [ -73.861111734153411, 40.750024164866481 ], [ -73.852223925372542, 40.752665796639661 ], [ -73.850890754055399, 40.749982234203415 ], [ -73.854445877567755, 40.74885010630063 ], [ -73.85361264549455, 40.747508325082507 ], [ -73.850113070787074, 40.740715557665766 ], [ -73.848113313811382, 40.740044667056701 ], [ -73.847557825762578, 40.73908026180618 ] ] ] } },
{ "type": "Feature", "properties": { "id": "53", "CDTA2020": "QN05", "GEOCODE": 8105, "GEONAME": "QN05 Ridgewood-Maspeth-Middle Village (CD 5 Approximation)", "cd_population": 181189.0, "pop_within_walk": 20101.485518720248, "pct_pop_walk": 11.094208543962518 }, "geometry": { "type": "Polygon", "coordinates": [ [ [ -73.888497294959492, 40.734551750195017 ], [ -73.88805290452045, 40.730107099909986 ], [ -73.887275221252125, 40.729268486648664 ], [ -73.887219672447245, 40.727884774767475 ], [ -73.885886501130116, 40.728304081398136 ], [ -73.881053755105512, 40.728765318691863 ], [ -73.879720583788384, 40.729100763996399 ], [ -73.875221130593062, 40.730736059855985 ], [ -73.871443811861184, 40.72931041731173 ], [ -73.870943872617261, 40.72771705211521 ], [ -73.86927740847085, 40.724446460396038 ], [ -73.865222345714571, 40.719959879447941 ], [ -73.860056306860685, 40.714928199879985 ], [ -73.859667465226522, 40.71400572529253 ], [ -73.859778562836283, 40.711825330813078 ], [ -73.857278866616667, 40.711447954845482 ], [ -73.856667829762969, 40.707674195169517 ], [ -73.855945695299525, 40.706416275277526 ], [ -73.854723621592157, 40.706751720582055 ], [ -73.854723621592157, 40.705200286048601 ], [ -73.852501669396943, 40.702307070297024 ], [ -73.855279109640961, 40.702600584938494 ], [ -73.855279109640961, 40.701971624992495 ], [ -73.858945330763078, 40.701300734383437 ], [ -73.858223196299633, 40.702852168916891 ], [ -73.862833747104716, 40.703397267536751 ], [ -73.86916631086109, 40.702894099579957 ], [ -73.869499603690372, 40.7015942490249 ], [ -73.869332957275731, 40.699371923882389 ], [ -73.870666128592859, 40.697820489348935 ], [ -73.868944115641568, 40.695136926912689 ], [ -73.873999056885694, 40.694172521662161 ], [ -73.879498388568862, 40.691153513921392 ], [ -73.883775646544649, 40.68788292220222 ], [ -73.884497781008108, 40.686666932973296 ], [ -73.88810845332533, 40.685283221092106 ], [ -73.889608271057099, 40.684234954515446 ], [ -73.890163759105917, 40.684989706450644 ], [ -73.892607906520652, 40.683480202580256 ], [ -73.894163273057302, 40.685283221092106 ], [ -73.896551871667171, 40.68239000534053 ], [ -73.901162422472254, 40.68788292220222 ], [ -73.900440288008795, 40.688176436843683 ], [ -73.901884556935698, 40.69106965259526 ], [ -73.901384617691775, 40.691572820552054 ], [ -73.905772973277323, 40.694130590999094 ], [ -73.904273155545553, 40.695682025532548 ], [ -73.911827793009309, 40.699958953165314 ], [ -73.910661268106807, 40.701049150405041 ], [ -73.912883220302035, 40.702349000960091 ], [ -73.911827793009309, 40.703439198199817 ], [ -73.921882126692665, 40.709393352355235 ], [ -73.920771150595058, 40.710525480258021 ], [ -73.921548833863383, 40.711028648214821 ], [ -73.922215419521947, 40.712873597389738 ], [ -73.924048530083013, 40.714131517281729 ], [ -73.924104078887893, 40.715137853195316 ], [ -73.922326517131708, 40.716060327782778 ], [ -73.922770907570765, 40.717527900990099 ], [ -73.923937432473252, 40.719037404860487 ], [ -73.924270725302534, 40.721427452655263 ], [ -73.92515950618062, 40.722349927242725 ], [ -73.924215176497654, 40.724278737743774 ], [ -73.926548226302629, 40.725662449624963 ], [ -73.928492434473455, 40.727758982778276 ], [ -73.927881397619757, 40.72826215073507 ], [ -73.926437128692868, 40.728136358745871 ], [ -73.921771029082905, 40.726375270897087 ], [ -73.918382551985204, 40.72591403360336 ], [ -73.917993710351041, 40.728513734713466 ], [ -73.915049623692369, 40.727968636093607 ], [ -73.915049623692369, 40.728597596039599 ], [ -73.91204998822883, 40.728555665376533 ], [ -73.911716695399534, 40.729981307920788 ], [ -73.910105780058004, 40.72931041731173 ], [ -73.907050595789585, 40.727465468136813 ], [ -73.905161936423639, 40.728974972007201 ], [ -73.900606934423436, 40.734467888868885 ], [ -73.898329433423342, 40.735180710141009 ], [ -73.895107602740268, 40.735012987488744 ], [ -73.892330162496251, 40.734467888868885 ], [ -73.888497294959492, 40.734551750195017 ] ] ] } },
{ "type": "Feature", "properties": { "id": "54", "CDTA2020": "QN06", "GEOCODE": 8106, "GEONAME": "QN06 Forest Hills-Rego Park (CD 6 Approximation)", "cd_population": 121131.0, "pop_within_walk": 32716.984711374142, "pct_pop_walk": 27.009588554023448 }, "geometry": { "type": "Polygon", "coordinates": [ [ [ -73.831004281908193, 40.714299239933993 ], [ -73.836003674347438, 40.711699538823879 ], [ -73.841336359615966, 40.709938450975095 ], [ -73.844558190299026, 40.708680531083104 ], [ -73.846669044884493, 40.708303155115509 ], [ -73.849502033933391, 40.708345085778575 ], [ -73.854723621592157, 40.706751720582055 ], [ -73.855945695299525, 40.706416275277526 ], [ -73.856667829762969, 40.707674195169517 ], [ -73.857278866616667, 40.711447954845482 ], [ -73.859778562836283, 40.711825330813078 ], [ -73.859667465226522, 40.71400572529253 ], [ -73.860056306860685, 40.714928199879985 ], [ -73.865222345714571, 40.719959879447941 ], [ -73.86927740847085, 40.724446460396038 ], [ -73.870943872617261, 40.72771705211521 ], [ -73.871443811861184, 40.72931041731173 ], [ -73.875221130593062, 40.730736059855985 ], [ -73.864611308860887, 40.73430016621662 ], [ -73.859445270007001, 40.735767739423942 ], [ -73.858778684348437, 40.735767739423942 ], [ -73.85511246322632, 40.736816006000595 ], [ -73.851335144494456, 40.737570757935792 ], [ -73.847557825762578, 40.73908026180618 ], [ -73.846891240104014, 40.738660955175519 ], [ -73.846058008030809, 40.737109520642065 ], [ -73.845446971177111, 40.734929126162612 ], [ -73.844169348664863, 40.732622939693968 ], [ -73.842836177347735, 40.731155366486647 ], [ -73.840336481128119, 40.728807249354936 ], [ -73.839058858615857, 40.72687843885388 ], [ -73.837336845664566, 40.723565916471642 ], [ -73.835392637493754, 40.720714631383139 ], [ -73.834781600640071, 40.719205127512751 ], [ -73.829837757005706, 40.715557159825977 ], [ -73.831004281908193, 40.714299239933993 ] ] ] } },
{ "type": "Feature", "properties": { "id": "55", "CDTA2020": "QN07", "GEOCODE": 8107, "GEONAME": "QN07 Flushing-Murray Hill-Whitestone (CD 7 Approximation)", "cd_population": 246517.0, "pop_within_walk": 32745.627409298289, "pct_pop_walk": 13.283314095700616 }, "geometry": { "type": "Polygon", "coordinates": [ [ [ -73.767623095539548, 40.778285431773178 ], [ -73.768622974027394, 40.779082114371434 ], [ -73.775511025832586, 40.777027511881187 ], [ -73.775844318661868, 40.778620877077707 ], [ -73.776788648344834, 40.778411223762376 ], [ -73.786565238003803, 40.775559938673865 ], [ -73.791620179247928, 40.774218157455742 ], [ -73.793675485028501, 40.77337954419442 ], [ -73.795675242004194, 40.773044098889883 ], [ -73.793175545784578, 40.77040246711671 ], [ -73.793953229052903, 40.764699896939689 ], [ -73.793008899369937, 40.764616035613557 ], [ -73.79345328980898, 40.760758414611459 ], [ -73.790786947174723, 40.76096806792679 ], [ -73.790342556735666, 40.757823268196816 ], [ -73.794953107540749, 40.75778133753375 ], [ -73.794564265906587, 40.753546340564057 ], [ -73.794730912321228, 40.750611194149414 ], [ -73.797286157345738, 40.749437135583555 ], [ -73.794730912321228, 40.747592186408639 ], [ -73.794508717101706, 40.744489317341731 ], [ -73.795230851565151, 40.743482981428137 ], [ -73.797230608540858, 40.741679962916287 ], [ -73.797286157345738, 40.740338181698171 ], [ -73.796397376467652, 40.738325509870982 ], [ -73.798230487028704, 40.73824164854485 ], [ -73.81322866434644, 40.738744816501651 ], [ -73.815061774907491, 40.738996400480048 ], [ -73.816783787858782, 40.738367440534049 ], [ -73.820061167346736, 40.738828677827783 ], [ -73.8247272669567, 40.73983501374137 ], [ -73.827004767956794, 40.738577093849379 ], [ -73.82794909763976, 40.738493232523247 ], [ -73.828115744054401, 40.737067589978999 ], [ -73.829448915371543, 40.737025659315933 ], [ -73.83055989146915, 40.737528827272726 ], [ -73.831337574737475, 40.739164123132312 ], [ -73.831170928322834, 40.742350853525352 ], [ -73.835837027932797, 40.74323139744974 ], [ -73.835670381518156, 40.744866693309326 ], [ -73.834614954225415, 40.746879365136515 ], [ -73.833059587688766, 40.747969562376234 ], [ -73.83222635561556, 40.75140787674767 ], [ -73.832281904420441, 40.751952975367537 ], [ -73.835614832713276, 40.751365946084604 ], [ -73.838225626542652, 40.755265497749775 ], [ -73.838614468176814, 40.75702658559856 ], [ -73.843225018981897, 40.755349359075908 ], [ -73.845946910421048, 40.760716483948393 ], [ -73.846724593689373, 40.761345443894385 ], [ -73.844113799859983, 40.763148462406235 ], [ -73.843058372567256, 40.76360969969997 ], [ -73.843002823762376, 40.764406382298226 ], [ -73.839114407420738, 40.765999747494746 ], [ -73.840336481128119, 40.766293262136209 ], [ -73.843947153445342, 40.765496579537952 ], [ -73.84528032476247, 40.765664302190217 ], [ -73.8477800209821, 40.766754499429943 ], [ -73.849002094689467, 40.76914454722472 ], [ -73.848613253055305, 40.770612120432041 ], [ -73.849946424372433, 40.772037762976296 ], [ -73.848946545884587, 40.773756920162015 ], [ -73.849224289908989, 40.774553602760271 ], [ -73.848946545884587, 40.777908055805575 ], [ -73.849779777957792, 40.778746669066905 ], [ -73.849502033933391, 40.780046519621962 ], [ -73.849890875567553, 40.781094786198615 ], [ -73.849279838713869, 40.782268844764474 ], [ -73.850224168396835, 40.782436567416738 ], [ -73.855390207250721, 40.782059191449143 ], [ -73.855445756055602, 40.783149388688869 ], [ -73.858056549884992, 40.783736417971795 ], [ -73.858001001080112, 40.78465889255925 ], [ -73.859111977177719, 40.785665228472844 ], [ -73.858112098689872, 40.787048940354033 ], [ -73.857001122592266, 40.786629633723372 ], [ -73.854779170397038, 40.788600374887487 ], [ -73.854445877567755, 40.790277601410139 ], [ -73.852668315811584, 40.79124200666066 ], [ -73.853723743104311, 40.79229027323732 ], [ -73.85355709668967, 40.794135222412237 ], [ -73.852779413421345, 40.794386806390634 ], [ -73.849335387518749, 40.793380470477047 ], [ -73.848724350665066, 40.795435072967294 ], [ -73.84622465444545, 40.796147894239418 ], [ -73.844502641494145, 40.794889974347434 ], [ -73.841891847664769, 40.795602795619558 ], [ -73.840614225152521, 40.796818784848483 ], [ -73.838392272957293, 40.796734923522351 ], [ -73.836614711201122, 40.792499926552651 ], [ -73.837503492079207, 40.791032353345329 ], [ -73.837225748054806, 40.789606710801081 ], [ -73.835559283908395, 40.789522849474942 ], [ -73.83378172215221, 40.788516513561355 ], [ -73.8321152580058, 40.788768097539752 ], [ -73.831726416371637, 40.790990422682263 ], [ -73.83061544027403, 40.791661313291328 ], [ -73.829115622542247, 40.791912897269725 ], [ -73.827782451225119, 40.793296609150914 ], [ -73.82800464644464, 40.7949319050105 ], [ -73.829115622542247, 40.79631561689169 ], [ -73.826115987078708, 40.79728002214221 ], [ -73.825227206200623, 40.79728002214221 ], [ -73.822560863566352, 40.798957248664863 ], [ -73.821005497029702, 40.80046675253525 ], [ -73.819838972127215, 40.800802197839779 ], [ -73.815950555785577, 40.798496011371135 ], [ -73.812895371517158, 40.797196160816078 ], [ -73.811839944224417, 40.797447744794475 ], [ -73.804618599589958, 40.796147894239418 ], [ -73.803507623492351, 40.796483339543954 ], [ -73.800674634443439, 40.796357547554756 ], [ -73.798563779857986, 40.795896310261021 ], [ -73.796175181248117, 40.795015766336633 ], [ -73.794619814711467, 40.7949319050105 ], [ -73.794286521882185, 40.794051361086105 ], [ -73.794953107540749, 40.791912897269725 ], [ -73.793786582638262, 40.789103542844281 ], [ -73.792675606540655, 40.788768097539752 ], [ -73.790287007930786, 40.790319532073205 ], [ -73.785676457125717, 40.790361462736271 ], [ -73.783843346564652, 40.790654977377734 ], [ -73.781065906320634, 40.791661313291328 ], [ -73.780677064686472, 40.793632054455443 ], [ -73.781788040784079, 40.794806113021302 ], [ -73.781565845564558, 40.795644726282625 ], [ -73.778288466076603, 40.796734923522351 ], [ -73.77617761149115, 40.796105963576352 ], [ -73.774011208100802, 40.794009430423039 ], [ -73.77362236646664, 40.792751510531048 ], [ -73.772344743954392, 40.79153552130213 ], [ -73.77212254873487, 40.790109878757875 ], [ -73.770622731003101, 40.788474582898289 ], [ -73.771733707100708, 40.787468246984695 ], [ -73.773789012881281, 40.786839287038703 ], [ -73.774066756905682, 40.785916812451241 ], [ -73.771622609490947, 40.782981666036598 ], [ -73.769067364466451, 40.780549687578755 ], [ -73.767623095539548, 40.778285431773178 ] ] ] } },
{ "type": "Feature", "properties": { "id": "56", "CDTA2020": "QN08", "GEOCODE": 8108, "GEONAME": "QN08 Fresh Meadows-Hillcrest-Briarwood (CD 8 Approximation)", "cd_population": 154886.0, "pop_within_walk": 14557.579802328171, "pct_pop_walk": 9.3988997083843415 }, "geometry": { "type": "Polygon", "coordinates": [ [ [ -73.756791078587852, 40.726291409570955 ], [ -73.754957968026801, 40.724152945754575 ], [ -73.759457421222123, 40.721050076687668 ], [ -73.764456813661369, 40.718869682208215 ], [ -73.767345351515146, 40.717276317011702 ], [ -73.773566817661759, 40.715137853195316 ], [ -73.787009628442846, 40.71190919213921 ], [ -73.7893982270527, 40.711993053465342 ], [ -73.794730912321228, 40.710022312301227 ], [ -73.797786096589661, 40.709141768376838 ], [ -73.798674877467747, 40.710651272247219 ], [ -73.801285671297123, 40.709728797659764 ], [ -73.803007684248428, 40.708135432463244 ], [ -73.805507380468043, 40.710106173627359 ], [ -73.808062625492553, 40.709351421692169 ], [ -73.806951649394932, 40.707380680528047 ], [ -73.812006590639058, 40.705955037983799 ], [ -73.811506651395135, 40.702265139633958 ], [ -73.814006347614765, 40.702558654275428 ], [ -73.8164504950295, 40.702432862286223 ], [ -73.819116837663771, 40.707883848484848 ], [ -73.821338789858984, 40.710567410921087 ], [ -73.824171778907896, 40.713125181368135 ], [ -73.824282876517657, 40.713879933303325 ], [ -73.825560499029905, 40.715766813141315 ], [ -73.823338546834677, 40.716563495739571 ], [ -73.820116716151617, 40.716521565076505 ], [ -73.819505679297933, 40.717360178337834 ], [ -73.825393852615264, 40.717402109000901 ], [ -73.825560499029905, 40.719708295469545 ], [ -73.827115865566554, 40.72432066840684 ], [ -73.828226841664161, 40.725410865646559 ], [ -73.829782208200825, 40.72591403360336 ], [ -73.830837635493552, 40.726710716201616 ], [ -73.833059587688766, 40.729939377257722 ], [ -73.83383727095709, 40.730568337203721 ], [ -73.834003917371732, 40.731574673117308 ], [ -73.836059223152319, 40.734258235553554 ], [ -73.835392637493754, 40.736899867326727 ], [ -73.835670381518156, 40.738493232523247 ], [ -73.836725808810883, 40.739709221752172 ], [ -73.837003552835284, 40.742099269546955 ], [ -73.835837027932797, 40.74323139744974 ], [ -73.831170928322834, 40.742350853525352 ], [ -73.831337574737475, 40.739164123132312 ], [ -73.83055989146915, 40.737528827272726 ], [ -73.829448915371543, 40.737025659315933 ], [ -73.828115744054401, 40.737067589978999 ], [ -73.82794909763976, 40.738493232523247 ], [ -73.827004767956794, 40.738577093849379 ], [ -73.8247272669567, 40.73983501374137 ], [ -73.820061167346736, 40.738828677827783 ], [ -73.816783787858782, 40.738367440534049 ], [ -73.815061774907491, 40.738996400480048 ], [ -73.81322866434644, 40.738744816501651 ], [ -73.798230487028704, 40.73824164854485 ], [ -73.796397376467652, 40.738325509870982 ], [ -73.795341949174912, 40.738535163186313 ], [ -73.78039932066207, 40.742644368166815 ], [ -73.773455720051999, 40.743734565406541 ], [ -73.771400414271426, 40.744279664026401 ], [ -73.767789741954189, 40.745831098559854 ], [ -73.766956509880984, 40.744237733363335 ], [ -73.765567789758975, 40.743273328112807 ], [ -73.762512605490542, 40.736899867326727 ], [ -73.762734800710064, 40.735264571467141 ], [ -73.765123399319933, 40.734551750195017 ], [ -73.763679130393044, 40.732874523672365 ], [ -73.765567789758975, 40.732539078367836 ], [ -73.762290410271021, 40.729603931953193 ], [ -73.758457542734277, 40.727549329462946 ], [ -73.756791078587852, 40.726291409570955 ] ] ] } },
{ "type": "Feature", "properties": { "id": "57", "CDTA2020": "QN09", "GEOCODE": 8109, "GEONAME": "QN09 Kew Gardens-Richmond Hill-Woodhaven (CD 9 Approximation)", "cd_population": 149365.0, "pop_within_walk": 38923.408518949414, "pct_pop_walk": 26.05925653195154 }, "geometry": { "type": "Polygon", "coordinates": [ [ [ -73.8164504950295, 40.702432862286223 ], [ -73.814228542834286, 40.698030142664265 ], [ -73.81072896812681, 40.691908265856583 ], [ -73.813561957175722, 40.691195444584459 ], [ -73.825005010981101, 40.687966783528353 ], [ -73.826004889468948, 40.689937524692468 ], [ -73.828504585688563, 40.689224703420336 ], [ -73.827504707200717, 40.687253962256221 ], [ -73.838058980128011, 40.684234954515446 ], [ -73.836948004030404, 40.681970698709868 ], [ -73.840114285908584, 40.681132085448546 ], [ -73.841169713201324, 40.683354410591058 ], [ -73.847891118591861, 40.681467530753075 ], [ -73.85200173015302, 40.682557727992794 ], [ -73.85100185166516, 40.680586986828679 ], [ -73.854001487128713, 40.679664512241224 ], [ -73.858223196299633, 40.679412928262821 ], [ -73.858778684348437, 40.680628917491745 ], [ -73.863333686348639, 40.679370997599754 ], [ -73.864111369616964, 40.68239000534053 ], [ -73.866000028982896, 40.681928768046802 ], [ -73.86661106583658, 40.685283221092106 ], [ -73.867444297909785, 40.688386090159014 ], [ -73.868610822812286, 40.693879007020698 ], [ -73.868388627592765, 40.694717620282027 ], [ -73.856556732153209, 40.697065737413737 ], [ -73.852723864616465, 40.697568905370538 ], [ -73.852834962226225, 40.698407518631861 ], [ -73.854501426372636, 40.70054598244824 ], [ -73.850724107640758, 40.700210537143711 ], [ -73.849113192299228, 40.698281726642662 ], [ -73.845002580738068, 40.699371923882389 ], [ -73.841558554835487, 40.701091081068107 ], [ -73.8395032490549, 40.702684446264627 ], [ -73.836948004030404, 40.704193950135014 ], [ -73.838058980128011, 40.705955037983799 ], [ -73.837170199249925, 40.70796770981098 ], [ -73.838281175347532, 40.708428947104707 ], [ -73.843169470177017, 40.709225629702971 ], [ -73.841336359615966, 40.709938450975095 ], [ -73.836003674347438, 40.711699538823879 ], [ -73.831004281908193, 40.714299239933993 ], [ -73.825560499029905, 40.715766813141315 ], [ -73.824282876517657, 40.713879933303325 ], [ -73.824171778907896, 40.713125181368135 ], [ -73.821338789858984, 40.710567410921087 ], [ -73.819116837663771, 40.707883848484848 ], [ -73.8164504950295, 40.702432862286223 ] ] ] } },
{ "type": "Feature", "properties": { "id": "58", "CDTA2020": "QN10", "GEOCODE": 8110, "GEONAME": "QN10 South Ozone Park-Howard Beach (CD 10 Approximation)", "cd_population": 135400.0, "pop_within_walk": 23683.134275702494, "pct_pop_walk": 17.49123654040066 }, "geometry": { "type": "MultiPolygon", "coordinates": [ [ [ [ -73.857223317811787, 40.650271117431743 ], [ -73.860556246104608, 40.654631906390634 ], [ -73.86100063654365, 40.655218935673567 ], [ -73.85938972120212, 40.653877154455444 ], [ -73.859000879567958, 40.652661165226519 ], [ -73.857334415421548, 40.651235522682263 ], [ -73.857223317811787, 40.650271117431743 ] ] ], [ [ [ -73.801618964126405, 40.666749868016801 ], [ -73.802174452175223, 40.665240364146413 ], [ -73.806118417321727, 40.664904918841884 ], [ -73.808451467126716, 40.66444368154815 ], [ -73.811562200200015, 40.663185761656166 ], [ -73.814117445224525, 40.662808385688564 ], [ -73.822949705200514, 40.663856652265224 ], [ -73.823060802810275, 40.663563137623761 ], [ -73.826893670347033, 40.66368892961296 ], [ -73.832726294859484, 40.665408086798678 ], [ -73.829893305810586, 40.65966358595859 ], [ -73.828615683298324, 40.657189676837682 ], [ -73.82639373110311, 40.648342306930694 ], [ -73.828449036883683, 40.64913898952895 ], [ -73.831559769956996, 40.651151661356131 ], [ -73.830782086688671, 40.648971266876686 ], [ -73.831504221152116, 40.647881069636959 ], [ -73.834559405420535, 40.648006861626158 ], [ -73.835670381518156, 40.648510029582958 ], [ -73.835948125542558, 40.649348642844281 ], [ -73.838447821762173, 40.659370071317127 ], [ -73.838892212201216, 40.661382743144316 ], [ -73.840003188298823, 40.661885911101109 ], [ -73.835948125542558, 40.645491021842183 ], [ -73.838614468176814, 40.645365229852985 ], [ -73.845780264006407, 40.644107309960994 ], [ -73.849502033933391, 40.64414924062406 ], [ -73.852057278957901, 40.646161912451241 ], [ -73.852390571787183, 40.647503693669364 ], [ -73.850557461226117, 40.650354978757875 ], [ -73.850779656445638, 40.651529037323733 ], [ -73.852501669396943, 40.650564632073205 ], [ -73.853890389518952, 40.650648493399338 ], [ -73.855890146494644, 40.65127745334533 ], [ -73.856890024982505, 40.652954679867982 ], [ -73.858500940324035, 40.653332055835584 ], [ -73.85933417239724, 40.654925421032104 ], [ -73.860833990129009, 40.656183340924088 ], [ -73.859834111641163, 40.65731546882688 ], [ -73.859611916421642, 40.658447596729673 ], [ -73.861167282958291, 40.658824972697268 ], [ -73.860334050885086, 40.657231607500748 ], [ -73.861611673397334, 40.656980023522351 ], [ -73.862722649494955, 40.657608983468343 ], [ -73.863167039933998, 40.658279874077408 ], [ -73.860278502080206, 40.659621655295524 ], [ -73.857612159445949, 40.660124823252325 ], [ -73.858445391519155, 40.663437345634563 ], [ -73.855667951275123, 40.663856652265224 ], [ -73.857612159445949, 40.671655755595559 ], [ -73.860389599689967, 40.671236448964891 ], [ -73.862333807860793, 40.679161344284424 ], [ -73.863333686348639, 40.679370997599754 ], [ -73.858778684348437, 40.680628917491745 ], [ -73.858223196299633, 40.679412928262821 ], [ -73.854001487128713, 40.679664512241224 ], [ -73.85100185166516, 40.680586986828679 ], [ -73.85200173015302, 40.682557727992794 ], [ -73.847891118591861, 40.681467530753075 ], [ -73.841169713201324, 40.683354410591058 ], [ -73.840114285908584, 40.681132085448546 ], [ -73.836948004030404, 40.681970698709868 ], [ -73.838058980128011, 40.684234954515446 ], [ -73.827504707200717, 40.687253962256221 ], [ -73.828504585688563, 40.689224703420336 ], [ -73.826004889468948, 40.689937524692468 ], [ -73.825005010981101, 40.687966783528353 ], [ -73.813561957175722, 40.691195444584459 ], [ -73.81072896812681, 40.691908265856583 ], [ -73.807173844614454, 40.685618666396635 ], [ -73.80178561054106, 40.674381248694864 ], [ -73.801341220102003, 40.672787883498344 ], [ -73.801230122492242, 40.669852737083708 ], [ -73.801618964126405, 40.666749868016801 ] ] ] ] } },
{ "type": "Feature", "properties": { "id": "59", "CDTA2020": "QN11", "GEOCODE": 8111, "GEONAME": "QN11 Auburndale-Bayside-Douglaston (CD 11 Approximation)", "cd_population": 121282.0, "pop_within_walk": 0.0, "pct_pop_walk": 0.0 }, "geometry": { "type": "Polygon", "coordinates": [ [ [ -73.713351913171309, 40.759710148034799 ], [ -73.71612935341534, 40.7595843560456 ], [ -73.71779581756175, 40.759206980078005 ], [ -73.719517830513055, 40.758410297479749 ], [ -73.721128745854585, 40.756942724272427 ], [ -73.722739661196115, 40.754343023162313 ], [ -73.723739539683962, 40.753420548574852 ], [ -73.726239235903591, 40.751869114041405 ], [ -73.727794602440241, 40.750233818181819 ], [ -73.729405517781771, 40.746669711821177 ], [ -73.732349604440444, 40.743650704080409 ], [ -73.738348875367535, 40.740338181698171 ], [ -73.739959790709065, 40.738912539153915 ], [ -73.741570706050609, 40.736899867326727 ], [ -73.743848207050704, 40.734803334173414 ], [ -73.746736744904481, 40.732581009030902 ], [ -73.750680710051, 40.729184625322532 ], [ -73.753013759855989, 40.727758982778276 ], [ -73.756791078587852, 40.726291409570955 ], [ -73.758457542734277, 40.727549329462946 ], [ -73.762290410271021, 40.729603931953193 ], [ -73.765567789758975, 40.732539078367836 ], [ -73.763679130393044, 40.732874523672365 ], [ -73.765123399319933, 40.734551750195017 ], [ -73.762734800710064, 40.735264571467141 ], [ -73.762512605490542, 40.736899867326727 ], [ -73.765567789758975, 40.743273328112807 ], [ -73.766956509880984, 40.744237733363335 ], [ -73.767789741954189, 40.745831098559854 ], [ -73.771400414271426, 40.744279664026401 ], [ -73.773455720051999, 40.743734565406541 ], [ -73.78039932066207, 40.742644368166815 ], [ -73.795341949174912, 40.738535163186313 ], [ -73.796397376467652, 40.738325509870982 ], [ -73.797286157345738, 40.740338181698171 ], [ -73.797230608540858, 40.741679962916287 ], [ -73.795230851565151, 40.743482981428137 ], [ -73.794508717101706, 40.744489317341731 ], [ -73.794730912321228, 40.747592186408639 ], [ -73.797286157345738, 40.749437135583555 ], [ -73.794730912321228, 40.750611194149414 ], [ -73.794564265906587, 40.753546340564057 ], [ -73.794953107540749, 40.75778133753375 ], [ -73.790342556735666, 40.757823268196816 ], [ -73.790786947174723, 40.76096806792679 ], [ -73.79345328980898, 40.760758414611459 ], [ -73.793008899369937, 40.764616035613557 ], [ -73.793953229052903, 40.764699896939689 ], [ -73.793175545784578, 40.77040246711671 ], [ -73.795675242004194, 40.773044098889883 ], [ -73.793675485028501, 40.77337954419442 ], [ -73.791620179247928, 40.774218157455742 ], [ -73.786565238003803, 40.775559938673865 ], [ -73.776788648344834, 40.778411223762376 ], [ -73.775844318661868, 40.778620877077707 ], [ -73.775511025832586, 40.777027511881187 ], [ -73.768622974027394, 40.779082114371434 ], [ -73.767623095539548, 40.778285431773178 ], [ -73.767012058685864, 40.776692066576658 ], [ -73.765734436173616, 40.774595533423337 ], [ -73.764179069636967, 40.772834445574553 ], [ -73.758790835563559, 40.768180141974192 ], [ -73.758624189148918, 40.767341528712869 ], [ -73.754957968026801, 40.766083608820878 ], [ -73.755069065636562, 40.767676974017398 ], [ -73.754680224002399, 40.769689645844579 ], [ -73.755569004880485, 40.771534595019503 ], [ -73.754402479977998, 40.772037762976296 ], [ -73.753347052685271, 40.773211821542155 ], [ -73.754235833563357, 40.775266424032402 ], [ -73.755124614441442, 40.776398551935188 ], [ -73.753902540734074, 40.779794935643565 ], [ -73.753013759855989, 40.781304439513946 ], [ -73.751847234953487, 40.782352706090606 ], [ -73.750180770807077, 40.782394636753672 ], [ -73.746847842514256, 40.778872461056103 ], [ -73.745403573587353, 40.778998253045302 ], [ -73.744014853465345, 40.77857894641464 ], [ -73.737682289708971, 40.774805186738668 ], [ -73.721517587488748, 40.764825688928887 ], [ -73.720962099439944, 40.764741827602755 ], [ -73.716573743854383, 40.761764750525053 ], [ -73.713351913171309, 40.759710148034799 ] ] ] } },
{ "type": "Feature", "properties": { "id": "60", "CDTA2020": "QN12", "GEOCODE": 8112, "GEONAME": "QN12 Jamaica-St. Albans-Hollis (CD 12 Approximation)", "cd_population": 254693.0, "pop_within_walk": 39042.692901050235, "pct_pop_walk": 15.329315254463308 }, "geometry": { "type": "Polygon", "coordinates": [ [ [ -73.801618964126405, 40.666749868016801 ], [ -73.801230122492242, 40.669852737083708 ], [ -73.801341220102003, 40.672787883498344 ], [ -73.80178561054106, 40.674381248694864 ], [ -73.807173844614454, 40.685618666396635 ], [ -73.81072896812681, 40.691908265856583 ], [ -73.814228542834286, 40.698030142664265 ], [ -73.8164504950295, 40.702432862286223 ], [ -73.814006347614765, 40.702558654275428 ], [ -73.811506651395135, 40.702265139633958 ], [ -73.812006590639058, 40.705955037983799 ], [ -73.806951649394932, 40.707380680528047 ], [ -73.808062625492553, 40.709351421692169 ], [ -73.805507380468043, 40.710106173627359 ], [ -73.803007684248428, 40.708135432463244 ], [ -73.801285671297123, 40.709728797659764 ], [ -73.798674877467747, 40.710651272247219 ], [ -73.797786096589661, 40.709141768376838 ], [ -73.794730912321228, 40.710022312301227 ], [ -73.7893982270527, 40.711993053465342 ], [ -73.787009628442846, 40.71190919213921 ], [ -73.773566817661759, 40.715137853195316 ], [ -73.767345351515146, 40.717276317011702 ], [ -73.764456813661369, 40.718869682208215 ], [ -73.759457421222123, 40.721050076687668 ], [ -73.753735894319433, 40.713334834683465 ], [ -73.751236198099804, 40.707296819201915 ], [ -73.746181256855678, 40.696101332163217 ], [ -73.743570463026302, 40.696227124152415 ], [ -73.74484808553855, 40.693124255085507 ], [ -73.746236805660558, 40.691279305910591 ], [ -73.748514306660667, 40.687799060876088 ], [ -73.750014124392436, 40.685912181038098 ], [ -73.75223607658765, 40.681509461416141 ], [ -73.75484687041704, 40.677945355055506 ], [ -73.755735651295126, 40.675890752565252 ], [ -73.756902176197613, 40.676519712511251 ], [ -73.760290653295328, 40.675094069966995 ], [ -73.758790835563559, 40.672997536813682 ], [ -73.75634668814881, 40.672410507530749 ], [ -73.75645778575857, 40.669685014431444 ], [ -73.757624310661058, 40.666456353375338 ], [ -73.771567060686067, 40.667965857245726 ], [ -73.773400171247118, 40.668007787908792 ], [ -73.786954079637965, 40.66708531332133 ], [ -73.7893982270527, 40.666833729342933 ], [ -73.793064448174817, 40.66708531332133 ], [ -73.797286157345738, 40.666959521332132 ], [ -73.799397011931191, 40.66654021470147 ], [ -73.801618964126405, 40.666749868016801 ] ] ] } },
{ "type": "Feature", "properties": { "id": "61", "CDTA2020": "QN13", "GEOCODE": 8113, "GEONAME": "QN13 Queens Village-Bellerose-Rosedale (CD 13 Approximation)", "cd_population": 205191.0, "pop_within_walk": 0.0, "pct_pop_walk": 0.0 }, "geometry": { "type": "Polygon", "coordinates": [ [ [ -73.713351913171309, 40.759710148034799 ], [ -73.70785258148814, 40.756229903000296 ], [ -73.701631115341527, 40.752498073987397 ], [ -73.700908980878083, 40.747047087788779 ], [ -73.700575688048801, 40.743189466786674 ], [ -73.7000202, 40.739247984458444 ], [ -73.700797883268322, 40.738451301860181 ], [ -73.707685935073499, 40.727842844104408 ], [ -73.710518924122411, 40.727213884158417 ], [ -73.716907036683665, 40.726375270897087 ], [ -73.725683747854788, 40.724027153765377 ], [ -73.730349847464751, 40.722140273927387 ], [ -73.72918332256225, 40.719163196849685 ], [ -73.726961370367036, 40.710735133573358 ], [ -73.727072467976797, 40.709519144344434 ], [ -73.726628077537754, 40.701133011731173 ], [ -73.726183687098711, 40.688469951485146 ], [ -73.725794845464549, 40.684360746504645 ], [ -73.725905943074309, 40.682641589318926 ], [ -73.725628199049908, 40.679580650915092 ], [ -73.726239235903591, 40.677232533783375 ], [ -73.72757240722072, 40.674171595379534 ], [ -73.728294541684164, 40.666414422712272 ], [ -73.727850151245121, 40.665072641494149 ], [ -73.727905700050002, 40.661760119111911 ], [ -73.726461431123113, 40.659160418001797 ], [ -73.725572650245027, 40.656728439543954 ], [ -73.724961613391343, 40.654254530423039 ], [ -73.725239357415745, 40.651990274617461 ], [ -73.730294298659857, 40.650354978757875 ], [ -73.735127044684461, 40.649726018811876 ], [ -73.73907100983098, 40.648216514941495 ], [ -73.741459608440849, 40.646874733723372 ], [ -73.74168180366037, 40.642178499459945 ], [ -73.742070645294532, 40.641465678187814 ], [ -73.741404059635968, 40.640501272937293 ], [ -73.742292840514054, 40.640123896969698 ], [ -73.741237413221313, 40.638907907740773 ], [ -73.739459851465142, 40.635721177347733 ], [ -73.742070645294532, 40.634966425412536 ], [ -73.742126194099413, 40.636056622652262 ], [ -73.740959669196911, 40.637314542544253 ], [ -73.742737230953097, 40.638278947794774 ], [ -73.744237048684866, 40.638027363816377 ], [ -73.74490363434343, 40.637188750555055 ], [ -73.746236805660558, 40.636433998619857 ], [ -73.747014488928897, 40.637146819891989 ], [ -73.746958940124017, 40.63756612652265 ], [ -73.746347903270319, 40.639327214371434 ], [ -73.746292354465439, 40.641381816861681 ], [ -73.747236684148419, 40.643142904710466 ], [ -73.748125465026504, 40.644065379297928 ], [ -73.752069430173009, 40.646665080408042 ], [ -73.751569490929086, 40.647252109690967 ], [ -73.764067972027206, 40.654338391749171 ], [ -73.773844561686161, 40.65966358595859 ], [ -73.776899745954594, 40.660669921872184 ], [ -73.77934389336933, 40.661843980438043 ], [ -73.783398956125609, 40.663101900330034 ], [ -73.787509567686769, 40.663814721602158 ], [ -73.795841888418835, 40.66494684950495 ], [ -73.799841402370234, 40.665240364146413 ], [ -73.802174452175223, 40.665240364146413 ], [ -73.801618964126405, 40.666749868016801 ], [ -73.799397011931191, 40.66654021470147 ], [ -73.797286157345738, 40.666959521332132 ], [ -73.793064448174817, 40.66708531332133 ], [ -73.7893982270527, 40.666833729342933 ], [ -73.786954079637965, 40.66708531332133 ], [ -73.773400171247118, 40.668007787908792 ], [ -73.771567060686067, 40.667965857245726 ], [ -73.757624310661058, 40.666456353375338 ], [ -73.75645778575857, 40.669685014431444 ], [ -73.75634668814881, 40.672410507530749 ], [ -73.758790835563559, 40.672997536813682 ], [ -73.760290653295328, 40.675094069966995 ], [ -73.756902176197613, 40.676519712511251 ], [ -73.755735651295126, 40.675890752565252 ], [ -73.75484687041704, 40.677945355055506 ], [ -73.75223607658765, 40.681509461416141 ], [ -73.750014124392436, 40.685912181038098 ], [ -73.748514306660667, 40.687799060876088 ], [ -73.746236805660558, 40.691279305910591 ], [ -73.74484808553855, 40.693124255085507 ], [ -73.743570463026302, 40.696227124152415 ], [ -73.746181256855678, 40.696101332163217 ], [ -73.751236198099804, 40.707296819201915 ], [ -73.753735894319433, 40.713334834683465 ], [ -73.759457421222123, 40.721050076687668 ], [ -73.754957968026801, 40.724152945754575 ], [ -73.756791078587852, 40.726291409570955 ], [ -73.753013759855989, 40.727758982778276 ], [ -73.750680710051, 40.729184625322532 ], [ -73.746736744904481, 40.732581009030902 ], [ -73.743848207050704, 40.734803334173414 ], [ -73.741570706050609, 40.736899867326727 ], [ -73.739959790709065, 40.738912539153915 ], [ -73.738348875367535, 40.740338181698171 ], [ -73.732349604440444, 40.743650704080409 ], [ -73.729405517781771, 40.746669711821177 ], [ -73.727794602440241, 40.750233818181819 ], [ -73.726239235903591, 40.751869114041405 ], [ -73.723739539683962, 40.753420548574852 ], [ -73.722739661196115, 40.754343023162313 ], [ -73.721128745854585, 40.756942724272427 ], [ -73.719517830513055, 40.758410297479749 ], [ -73.71779581756175, 40.759206980078005 ], [ -73.71612935341534, 40.7595843560456 ], [ -73.713351913171309, 40.759710148034799 ] ] ] } },
{ "type": "Feature", "properties": { "id": "62", "CDTA2020": "QN14", "GEOCODE": 8114, "GEONAME": "QN14 The Rockaways (CD 14 Approximation)", "cd_population": 130562.0, "pop_within_walk": 28336.835873803007, "pct_pop_walk": 21.703739123024317 }, "geometry": { "type": "MultiPolygon", "coordinates": [ [ [ [ -73.883109060886085, 40.568380532463244 ], [ -73.882775768056803, 40.567583849864981 ], [ -73.903328825862587, 40.561839349024901 ], [ -73.909939133643363, 40.560497567806777 ], [ -73.910105780058004, 40.557310837413738 ], [ -73.909883584838482, 40.556681877467746 ], [ -73.91360535476548, 40.556472224152415 ], [ -73.92099334581458, 40.556262570837085 ], [ -73.922048773107306, 40.555130442934292 ], [ -73.929103471327139, 40.553075840444045 ], [ -73.929825605790583, 40.554082176357632 ], [ -73.931158777107711, 40.557017322772275 ], [ -73.932214204400438, 40.557688213381333 ], [ -73.926159384668466, 40.561545834383438 ], [ -73.923270846814688, 40.562090933003297 ], [ -73.921104443424341, 40.562090933003297 ], [ -73.917660417521759, 40.562845684938495 ], [ -73.91521627010701, 40.564103604830478 ], [ -73.912216634643471, 40.565068010081006 ], [ -73.910105780058004, 40.564900287428742 ], [ -73.909272547984799, 40.56397781284128 ], [ -73.906161814911485, 40.562677962286223 ], [ -73.904495350765075, 40.562887615601561 ], [ -73.902884435423545, 40.563516575547553 ], [ -73.901717910521057, 40.562719892949289 ], [ -73.899829251155111, 40.563306922232222 ], [ -73.896107481228128, 40.565361524722469 ], [ -73.895496444374444, 40.566871028592857 ], [ -73.893163394569456, 40.568380532463244 ], [ -73.891441381618165, 40.568422463126311 ], [ -73.889608271057099, 40.567961225832583 ], [ -73.88488662264227, 40.568506324452443 ], [ -73.883109060886085, 40.568380532463244 ] ] ], [ [ [ -73.862889295909596, 40.566829097929791 ], [ -73.864444662446246, 40.569135284398435 ], [ -73.86666661464146, 40.57299290540054 ], [ -73.863333686348639, 40.574041171977193 ], [ -73.863944723202323, 40.575047507890787 ], [ -73.862889295909596, 40.576053843804381 ], [ -73.853057157445747, 40.581253246024602 ], [ -73.850446363616356, 40.58213378994899 ], [ -73.848613253055305, 40.582175720612057 ], [ -73.84522477595759, 40.581588691329131 ], [ -73.839281053835379, 40.581882205970594 ], [ -73.838670016981695, 40.582720819231923 ], [ -73.835837027932797, 40.582888541884188 ], [ -73.828504585688563, 40.584859283048303 ], [ -73.827838000029999, 40.586117202940294 ], [ -73.823282998029796, 40.587458984158417 ], [ -73.821449887468745, 40.586788093549352 ], [ -73.818839093639369, 40.588255666756673 ], [ -73.810840065736571, 40.592071357095705 ], [ -73.809895736053605, 40.592281010411035 ], [ -73.809006955175519, 40.593329276987696 ], [ -73.806896100590052, 40.592281010411035 ], [ -73.804340855565556, 40.591316605160515 ], [ -73.804174209150915, 40.591861703780374 ], [ -73.808062625492553, 40.593664722292225 ], [ -73.807118295809573, 40.595258087488745 ], [ -73.806007319711966, 40.595551602130207 ], [ -73.804618599589958, 40.594922642184216 ], [ -73.803952013931394, 40.593119623672365 ], [ -73.802452196199624, 40.592658386378638 ], [ -73.802563293809385, 40.594377543564356 ], [ -73.803118781858188, 40.59454526621662 ], [ -73.805118538833881, 40.597144967326727 ], [ -73.802896586638667, 40.598864124512446 ], [ -73.801230122492242, 40.599115708490849 ], [ -73.794342070687065, 40.599451153795378 ], [ -73.791564630443048, 40.600373628382833 ], [ -73.787842860516051, 40.603099121482146 ], [ -73.786509689198923, 40.60326684413441 ], [ -73.78767621410141, 40.601338033633361 ], [ -73.790342556735666, 40.599199569816982 ], [ -73.791231337613766, 40.596641799369934 ], [ -73.790842495979604, 40.595006503510348 ], [ -73.789176031833179, 40.595174226162612 ], [ -73.789176031833179, 40.597899719261925 ], [ -73.786009749954999, 40.600289767056701 ], [ -73.785287615491555, 40.601589617611758 ], [ -73.78351005373537, 40.602554022862286 ], [ -73.783121212101207, 40.603602289438939 ], [ -73.783954444174412, 40.60486020933093 ], [ -73.781010357515754, 40.607921147734771 ], [ -73.778566210101005, 40.609640304920489 ], [ -73.776955294759475, 40.60984995823582 ], [ -73.774899988978902, 40.609514512931291 ], [ -73.774177854515443, 40.608633969006895 ], [ -73.774899988978902, 40.605237585298525 ], [ -73.776455355515552, 40.602470161536154 ], [ -73.778288466076603, 40.600373628382833 ], [ -73.779899381418147, 40.600751004350435 ], [ -73.7820102360036, 40.598989916501651 ], [ -73.781343650345036, 40.597773927272726 ], [ -73.780177125442549, 40.59722882865286 ], [ -73.777399685198517, 40.598822193849379 ], [ -73.776288709100911, 40.601086449654964 ], [ -73.774955537783782, 40.601757340264022 ], [ -73.774122305710563, 40.599618876447643 ], [ -73.774233403320324, 40.598989916501651 ], [ -73.773011329612956, 40.597899719261925 ], [ -73.76890071805181, 40.598402887218718 ], [ -73.771178219051905, 40.599493084458445 ], [ -73.770956023832383, 40.601170310981097 ], [ -73.770178340564058, 40.602763676177617 ], [ -73.77051163339334, 40.604902139993996 ], [ -73.769845047734776, 40.606201990549053 ], [ -73.769789498929896, 40.607879217071705 ], [ -73.769122913271332, 40.609598374257423 ], [ -73.771233767856785, 40.61039505685568 ], [ -73.77212254873487, 40.61144332343234 ], [ -73.773789012881281, 40.611275600780075 ], [ -73.773844561686161, 40.612868965976595 ], [ -73.773455720051999, 40.613623717911786 ], [ -73.771844804710469, 40.613959163216322 ], [ -73.769178462076212, 40.614001093879388 ], [ -73.766956509880984, 40.614294608520851 ], [ -73.765178948124813, 40.613749509900991 ], [ -73.765067850515052, 40.612072283378339 ], [ -73.762290410271021, 40.611359462106208 ], [ -73.761734922222217, 40.611862630063001 ], [ -73.759457421222123, 40.610353126192614 ], [ -73.75645778575857, 40.610185403540349 ], [ -73.753458150295032, 40.610520848844885 ], [ -73.750069673197316, 40.611652976747671 ], [ -73.747236684148419, 40.612198075367537 ], [ -73.745736866416635, 40.6119884220522 ], [ -73.743126072587259, 40.607711494419441 ], [ -73.743403816611661, 40.607459910441044 ], [ -73.740293083538347, 40.604608625352533 ], [ -73.73918210744074, 40.604021596069607 ], [ -73.738237777757774, 40.602554022862286 ], [ -73.738348875367535, 40.597606204620462 ], [ -73.738848814611458, 40.596767591359132 ], [ -73.738015582538253, 40.59454526621662 ], [ -73.739959790709065, 40.594503335553554 ], [ -73.742903877367738, 40.594838780858083 ], [ -73.746681196099601, 40.594293682238224 ], [ -73.749125343514351, 40.593203484998497 ], [ -73.751680588538846, 40.591316605160515 ], [ -73.753402601490151, 40.590981159855986 ], [ -73.755902297709767, 40.590855367866787 ], [ -73.757902054685474, 40.591358535823581 ], [ -73.761346080588055, 40.591735911791176 ], [ -73.762734800710064, 40.591610119801977 ], [ -73.768123034783471, 40.590729575877589 ], [ -73.777344136393637, 40.59010061593159 ], [ -73.780565967076711, 40.58955551731173 ], [ -73.784509932223216, 40.588465320072004 ], [ -73.796675120492054, 40.58636878691869 ], [ -73.800619085638559, 40.585488242994295 ], [ -73.803729818711872, 40.585027005700567 ], [ -73.808062625492553, 40.583978739123907 ], [ -73.813506408370841, 40.583475571167114 ], [ -73.819283484078412, 40.581756413981395 ], [ -73.82228311954195, 40.581085523372337 ], [ -73.824949462176221, 40.580121118121809 ], [ -73.829560012981304, 40.578779336903686 ], [ -73.833892819761971, 40.577647209000901 ], [ -73.837781236103609, 40.575928051815183 ], [ -73.84616910564057, 40.573034836063606 ], [ -73.852223925372542, 40.570728649594955 ], [ -73.857223317811787, 40.569093353735369 ], [ -73.862889295909596, 40.566829097929791 ] ] ], [ [ [ -73.81650604383438, 40.614965499129909 ], [ -73.815561714151414, 40.614294608520851 ], [ -73.816006104590457, 40.612365798019802 ], [ -73.814784030883089, 40.608843622322233 ], [ -73.815228421322132, 40.607040603810376 ], [ -73.8164504950295, 40.605237585298525 ], [ -73.817394824712466, 40.605153723972393 ], [ -73.817228178297825, 40.603937734743475 ], [ -73.818283605590565, 40.601338033633361 ], [ -73.818505800810087, 40.599409223132312 ], [ -73.819283484078412, 40.59752234329433 ], [ -73.820172264956497, 40.596893383348331 ], [ -73.821227692249224, 40.594712988868885 ], [ -73.824116230103016, 40.594629127542753 ], [ -73.825504950225024, 40.59509036483648 ], [ -73.827226963176315, 40.594754919531951 ], [ -73.833226234103407, 40.594209820912091 ], [ -73.834726051835176, 40.595048434173414 ], [ -73.834226112591253, 40.596641799369934 ], [ -73.832393002030202, 40.597815857935792 ], [ -73.830782086688671, 40.597438481968197 ], [ -73.829504464176424, 40.598151303240321 ], [ -73.82806019524952, 40.597690065946594 ], [ -73.826060438273828, 40.599451153795378 ], [ -73.825504950225024, 40.59848674854485 ], [ -73.824449522932298, 40.598235164566454 ], [ -73.823782937273734, 40.600038183078304 ], [ -73.823171900420036, 40.599996252415238 ], [ -73.823005254005395, 40.599912391089106 ], [ -73.821949826712668, 40.599786599099907 ], [ -73.821727631493147, 40.600122044404436 ], [ -73.824449522932298, 40.600331697719767 ], [ -73.822949705200514, 40.602595953525352 ], [ -73.822894156395634, 40.605866545244524 ], [ -73.821283241054104, 40.607124465136515 ], [ -73.820005618541856, 40.608927483648365 ], [ -73.819616776907694, 40.610478918181819 ], [ -73.820505557785779, 40.611946491389133 ], [ -73.821283241054104, 40.611317531443142 ], [ -73.820505557785779, 40.610227334203415 ], [ -73.821394338663865, 40.608550107680763 ], [ -73.822116473127309, 40.610143472877283 ], [ -73.822894156395634, 40.610353126192614 ], [ -73.824116230103016, 40.612323867356736 ], [ -73.821394338663865, 40.615049360456041 ], [ -73.820172264956497, 40.615175152445239 ], [ -73.817505922322226, 40.614210747194718 ], [ -73.81650604383438, 40.614965499129909 ] ] ] ] } },
{ "type": "Feature", "properties": { "id": "63", "CDTA2020": "QN80", "GEOCODE": 8180, "GEONAME": "QN80 LaGuardia Airport (JIA 80 Approximation)", "cd_population": 0.0, "pop_within_walk": 0.0, "pct_pop_walk": 0.0 }, "geometry": { "type": "Polygon", "coordinates": [ [ [ -73.889441624642458, 40.773547266846684 ], [ -73.884331134593467, 40.774176226792676 ], [ -73.885053269056911, 40.778411223762376 ], [ -73.88494217144715, 40.779920727632764 ], [ -73.881387047934794, 40.780591618241822 ], [ -73.878720705300523, 40.780591618241822 ], [ -73.879331742154221, 40.781849538133812 ], [ -73.878331863666361, 40.783023596699664 ], [ -73.875165581788181, 40.781514092829283 ], [ -73.874832288958899, 40.781681815481548 ], [ -73.871221616641662, 40.786042604440439 ], [ -73.869777347714773, 40.785329783168315 ], [ -73.86922185966597, 40.785958743114307 ], [ -73.86916631086109, 40.785958743114307 ], [ -73.869888445324534, 40.785078199189918 ], [ -73.869444054885491, 40.783610625982597 ], [ -73.870499482178218, 40.78231077542754 ], [ -73.871443811861184, 40.782143052775275 ], [ -73.872554787958791, 40.780801271557152 ], [ -73.864722406470648, 40.776733997239724 ], [ -73.85772325705571, 40.77337954419442 ], [ -73.855056914421439, 40.772205485628561 ], [ -73.85766770825083, 40.768264003300331 ], [ -73.858778684348437, 40.767341528712869 ], [ -73.860167404470445, 40.766922222082208 ], [ -73.862667100690075, 40.766880291419142 ], [ -73.860445148494847, 40.763861283678366 ], [ -73.86094508773877, 40.763735491689168 ], [ -73.862944844714477, 40.766083608820878 ], [ -73.866000028982896, 40.768851032583257 ], [ -73.867999785958602, 40.770234744464446 ], [ -73.871277165446543, 40.771660387008701 ], [ -73.873832410471053, 40.771870040324032 ], [ -73.875554423422344, 40.771744248334834 ], [ -73.878054119641959, 40.771073357725768 ], [ -73.884331134593467, 40.767970488658861 ], [ -73.887719611691168, 40.766922222082208 ], [ -73.888663941374134, 40.768976824572455 ], [ -73.889441624642458, 40.773547266846684 ] ] ] } },
{ "type": "Feature", "properties": { "id": "64", "CDTA2020": "QN81", "GEOCODE": 8181, "GEONAME": "QN81 Flushing Meadows-Corona Park (JIA 81 Approximation)", "cd_population": 0.0, "pop_within_walk": 0.0, "pct_pop_walk": 0.0 }, "geometry": { "type": "Polygon", "coordinates": [ [ [ -73.846724593689373, 40.761345443894385 ], [ -73.845946910421048, 40.760716483948393 ], [ -73.843225018981897, 40.755349359075908 ], [ -73.838614468176814, 40.75702658559856 ], [ -73.838225626542652, 40.755265497749775 ], [ -73.835614832713276, 40.751365946084604 ], [ -73.832281904420441, 40.751952975367537 ], [ -73.83222635561556, 40.75140787674767 ], [ -73.833059587688766, 40.747969562376234 ], [ -73.834614954225415, 40.746879365136515 ], [ -73.835670381518156, 40.744866693309326 ], [ -73.835837027932797, 40.74323139744974 ], [ -73.837003552835284, 40.742099269546955 ], [ -73.836725808810883, 40.739709221752172 ], [ -73.835670381518156, 40.738493232523247 ], [ -73.835392637493754, 40.736899867326727 ], [ -73.836059223152319, 40.734258235553554 ], [ -73.834003917371732, 40.731574673117308 ], [ -73.83383727095709, 40.730568337203721 ], [ -73.833059587688766, 40.729939377257722 ], [ -73.830837635493552, 40.726710716201616 ], [ -73.829782208200825, 40.72591403360336 ], [ -73.828226841664161, 40.725410865646559 ], [ -73.827115865566554, 40.72432066840684 ], [ -73.825560499029905, 40.719708295469545 ], [ -73.825393852615264, 40.717402109000901 ], [ -73.819505679297933, 40.717360178337834 ], [ -73.820116716151617, 40.716521565076505 ], [ -73.823338546834677, 40.716563495739571 ], [ -73.825560499029905, 40.715766813141315 ], [ -73.831004281908193, 40.714299239933993 ], [ -73.829837757005706, 40.715557159825977 ], [ -73.834781600640071, 40.719205127512751 ], [ -73.835392637493754, 40.720714631383139 ], [ -73.837336845664566, 40.723565916471642 ], [ -73.839058858615857, 40.72687843885388 ], [ -73.840336481128119, 40.728807249354936 ], [ -73.842836177347735, 40.731155366486647 ], [ -73.844169348664863, 40.732622939693968 ], [ -73.845446971177111, 40.734929126162612 ], [ -73.846058008030809, 40.737109520642065 ], [ -73.846891240104014, 40.738660955175519 ], [ -73.847557825762578, 40.73908026180618 ], [ -73.848113313811382, 40.740044667056701 ], [ -73.850113070787074, 40.740715557665766 ], [ -73.85361264549455, 40.747508325082507 ], [ -73.854445877567755, 40.74885010630063 ], [ -73.850890754055399, 40.749982234203415 ], [ -73.852223925372542, 40.752665796639661 ], [ -73.853334901470149, 40.756020249684966 ], [ -73.854223682348234, 40.757865198859882 ], [ -73.855279109640961, 40.759165049414939 ], [ -73.859111977177719, 40.761261582568252 ], [ -73.86094508773877, 40.763735491689168 ], [ -73.860445148494847, 40.763861283678366 ], [ -73.85938972120212, 40.762477571797177 ], [ -73.857112220202026, 40.76117772124212 ], [ -73.853723743104311, 40.760255246654665 ], [ -73.851612888518858, 40.75937470273027 ], [ -73.848668801860185, 40.760129454665467 ], [ -73.846724593689373, 40.761345443894385 ] ] ] } },
{ "type": "Feature", "properties": { "id": "65", "CDTA2020": "QN82", "GEOCODE": 8182, "GEONAME": "QN82 Forest Park (JIA 82 Approximation)", "cd_population": 0.0, "pop_within_walk": 0.0, "pct_pop_walk": 0.0 }, "geometry": { "type": "Polygon", "coordinates": [ [ [ -73.868388627592765, 40.694717620282027 ], [ -73.868944115641568, 40.695136926912689 ], [ -73.870666128592859, 40.697820489348935 ], [ -73.869332957275731, 40.699371923882389 ], [ -73.869499603690372, 40.7015942490249 ], [ -73.86916631086109, 40.702894099579957 ], [ -73.862833747104716, 40.703397267536751 ], [ -73.858223196299633, 40.702852168916891 ], [ -73.858945330763078, 40.701300734383437 ], [ -73.855279109640961, 40.701971624992495 ], [ -73.855279109640961, 40.702600584938494 ], [ -73.852501669396943, 40.702307070297024 ], [ -73.854723621592157, 40.705200286048601 ], [ -73.854723621592157, 40.706751720582055 ], [ -73.849502033933391, 40.708345085778575 ], [ -73.846669044884493, 40.708303155115509 ], [ -73.844558190299026, 40.708680531083104 ], [ -73.843169470177017, 40.709225629702971 ], [ -73.838281175347532, 40.708428947104707 ], [ -73.837170199249925, 40.70796770981098 ], [ -73.838058980128011, 40.705955037983799 ], [ -73.836948004030404, 40.704193950135014 ], [ -73.8395032490549, 40.702684446264627 ], [ -73.841558554835487, 40.701091081068107 ], [ -73.845002580738068, 40.699371923882389 ], [ -73.849113192299228, 40.698281726642662 ], [ -73.850724107640758, 40.700210537143711 ], [ -73.854501426372636, 40.70054598244824 ], [ -73.852834962226225, 40.698407518631861 ], [ -73.852723864616465, 40.697568905370538 ], [ -73.856556732153209, 40.697065737413737 ], [ -73.868388627592765, 40.694717620282027 ] ] ] } },
{ "type": "Feature", "properties": { "id": "66", "CDTA2020": "QN83", "GEOCODE": 8183, "GEONAME": "QN83 JFK International Airport (JIA 83 Approximation)", "cd_population": 0.0, "pop_within_walk": 0.0, "pct_pop_walk": 0.0 }, "geometry": { "type": "Polygon", "coordinates": [ [ [ -73.802174452175223, 40.665240364146413 ], [ -73.799841402370234, 40.665240364146413 ], [ -73.795841888418835, 40.66494684950495 ], [ -73.787509567686769, 40.663814721602158 ], [ -73.783398956125609, 40.663101900330034 ], [ -73.77934389336933, 40.661843980438043 ], [ -73.776899745954594, 40.660669921872184 ], [ -73.773844561686161, 40.65966358595859 ], [ -73.764067972027206, 40.654338391749171 ], [ -73.751569490929086, 40.647252109690967 ], [ -73.752069430173009, 40.646665080408042 ], [ -73.754513577587758, 40.647923000300025 ], [ -73.754624675197519, 40.647210179027901 ], [ -73.75056961244124, 40.644736269906986 ], [ -73.748680953075308, 40.643352558025803 ], [ -73.74740333056306, 40.641381816861681 ], [ -73.747514428172821, 40.6393691450345 ], [ -73.748458757855786, 40.635637316021601 ], [ -73.752624918221827, 40.63362464419442 ], [ -73.75901303078308, 40.631486180378033 ], [ -73.76051284851485, 40.630647567116711 ], [ -73.766401021832181, 40.62834138064806 ], [ -73.76884516924693, 40.623938661026102 ], [ -73.768567425222514, 40.623100047764773 ], [ -73.769511754905494, 40.622051781188119 ], [ -73.770233889368939, 40.619829456045601 ], [ -73.771233767856785, 40.620039109360931 ], [ -73.771733707100708, 40.620961583948393 ], [ -73.770900475027503, 40.622387226492648 ], [ -73.772678036783674, 40.624567620972094 ], [ -73.773511268856879, 40.625070788928888 ], [ -73.773511268856879, 40.625112719591954 ], [ -73.776566453125312, 40.627670490039002 ], [ -73.77945499097909, 40.627335044734473 ], [ -73.784176639393934, 40.620877722622261 ], [ -73.789564873467341, 40.62280653312331 ], [ -73.784898773857378, 40.626622223462341 ], [ -73.783287858515848, 40.628970340594059 ], [ -73.78351005373537, 40.630144399159917 ], [ -73.784343285808575, 40.631360388388835 ], [ -73.786898530833085, 40.632282862976297 ], [ -73.789453775857581, 40.634127812151213 ], [ -73.790731398369829, 40.63383429750975 ], [ -73.792231216101612, 40.6358889 ], [ -73.794730912321228, 40.636643651935188 ], [ -73.797230608540858, 40.638027363816377 ], [ -73.79923036551655, 40.638404739783979 ], [ -73.800452439223918, 40.639117561056104 ], [ -73.806729454175411, 40.641759192829284 ], [ -73.808618113541357, 40.642807459405937 ], [ -73.81078451693169, 40.643478350015002 ], [ -73.812006590639058, 40.644316963276324 ], [ -73.813617505980602, 40.64469433924392 ], [ -73.816172751005098, 40.645784536483646 ], [ -73.818839093639369, 40.646581219081909 ], [ -73.82217202193219, 40.650145325442544 ], [ -73.822616412371232, 40.652786957215717 ], [ -73.823227449224916, 40.65412873843384 ], [ -73.823394095639557, 40.656015618271823 ], [ -73.822449765956591, 40.659160418001797 ], [ -73.821505436273625, 40.659999031263126 ], [ -73.818672447224728, 40.661089228502846 ], [ -73.813117566736679, 40.660208684578457 ], [ -73.811506651395135, 40.660753783198317 ], [ -73.818283605590565, 40.661969772427241 ], [ -73.820061167346736, 40.661592396459646 ], [ -73.823449644444437, 40.660040961926192 ], [ -73.824949462176221, 40.655680172967294 ], [ -73.823449644444437, 40.650480770747073 ], [ -73.824116230103016, 40.649264781518148 ], [ -73.826227084688469, 40.649474434833479 ], [ -73.82639373110311, 40.648342306930694 ], [ -73.828615683298324, 40.657189676837682 ], [ -73.829893305810586, 40.65966358595859 ], [ -73.832726294859484, 40.665408086798678 ], [ -73.826893670347033, 40.66368892961296 ], [ -73.823060802810275, 40.663563137623761 ], [ -73.822949705200514, 40.663856652265224 ], [ -73.814117445224525, 40.662808385688564 ], [ -73.811562200200015, 40.663185761656166 ], [ -73.808451467126716, 40.66444368154815 ], [ -73.806118417321727, 40.664904918841884 ], [ -73.802174452175223, 40.665240364146413 ] ] ] } },
{ "type": "Feature", "properties": { "id": "67", "CDTA2020": "QN84", "GEOCODE": 8184, "GEONAME": "QN84 Jamaica Bay (East) (JIA 84 Approximation)", "cd_population": 8.0, "pop_within_walk": 0.0, "pct_pop_walk": 0.0 }, "geometry": { "type": "MultiPolygon", "coordinates": [ [ [ [ -73.862889295909596, 40.566829097929791 ], [ -73.863555881568161, 40.567038751245121 ], [ -73.86927740847085, 40.565403455385535 ], [ -73.872554787958791, 40.564103604830478 ], [ -73.876221009080908, 40.563097268916891 ], [ -73.880387169446948, 40.561461973057305 ], [ -73.883275707300726, 40.560833013111306 ], [ -73.88494217144715, 40.560162122502248 ], [ -73.887664062886287, 40.559533162556257 ], [ -73.892107967276729, 40.558065589348935 ], [ -73.893496687398738, 40.557939797359737 ], [ -73.894996505130507, 40.557268906750672 ], [ -73.896996262106214, 40.556891530783076 ], [ -73.898218335813581, 40.557059253435341 ], [ -73.900551385618556, 40.556514154815481 ], [ -73.903439923472348, 40.55663994680468 ], [ -73.906939498179824, 40.555591680228019 ], [ -73.916271697399736, 40.551985643204318 ], [ -73.91949352808281, 40.550643861986195 ], [ -73.926437128692868, 40.548169952865287 ], [ -73.930547740254028, 40.546408865016502 ], [ -73.935769327912794, 40.544647777167718 ], [ -73.938713414571453, 40.543305995949595 ], [ -73.940490976327638, 40.54284475865586 ], [ -73.940102134693475, 40.548002230213022 ], [ -73.940268781108117, 40.552195296519649 ], [ -73.939935488278834, 40.553830592379235 ], [ -73.938657865766572, 40.555675541554152 ], [ -73.936824755205521, 40.556765738793878 ], [ -73.935491583888393, 40.557185045424539 ], [ -73.932214204400438, 40.557688213381333 ], [ -73.931158777107711, 40.557017322772275 ], [ -73.929825605790583, 40.554082176357632 ], [ -73.929103471327139, 40.553075840444045 ], [ -73.922048773107306, 40.555130442934292 ], [ -73.92099334581458, 40.556262570837085 ], [ -73.91360535476548, 40.556472224152415 ], [ -73.909883584838482, 40.556681877467746 ], [ -73.910105780058004, 40.557310837413738 ], [ -73.909939133643363, 40.560497567806777 ], [ -73.903328825862587, 40.561839349024901 ], [ -73.882775768056803, 40.567583849864981 ], [ -73.883109060886085, 40.568380532463244 ], [ -73.881220401520153, 40.56875790843084 ], [ -73.878276314861481, 40.568674047104707 ], [ -73.875998813861386, 40.569512660366037 ], [ -73.865555638543853, 40.574628201260126 ], [ -73.862889295909596, 40.576053843804381 ], [ -73.863944723202323, 40.575047507890787 ], [ -73.863333686348639, 40.574041171977193 ], [ -73.86666661464146, 40.57299290540054 ], [ -73.864444662446246, 40.569135284398435 ], [ -73.862889295909596, 40.566829097929791 ] ] ], [ [ [ -73.831948611591159, 40.593455068976894 ], [ -73.831170928322834, 40.591484327812779 ], [ -73.833559526932689, 40.589052349354937 ], [ -73.836448064786481, 40.589471655985598 ], [ -73.84050312754276, 40.591190813171316 ], [ -73.843391665396538, 40.593455068976894 ], [ -73.843502763006299, 40.59509036483648 ], [ -73.840558676347641, 40.597312689978999 ], [ -73.837447943274327, 40.596851452685264 ], [ -73.835670381518156, 40.594796850195017 ], [ -73.834003917371732, 40.593622791629159 ], [ -73.831948611591159, 40.593455068976894 ] ] ], [ [ [ -73.809951284858485, 40.60008011374137 ], [ -73.810284577687767, 40.598989916501651 ], [ -73.811562200200015, 40.598151303240321 ], [ -73.813062017931799, 40.599493084458445 ], [ -73.81495067729773, 40.602176646894684 ], [ -73.81483957968797, 40.603979665406541 ], [ -73.814284091639166, 40.604440902700269 ], [ -73.810840065736571, 40.603224913471344 ], [ -73.810062382468246, 40.602637884188418 ], [ -73.809951284858485, 40.60008011374137 ] ] ], [ [ [ -73.800341341614157, 40.607082534473442 ], [ -73.798063840614063, 40.606705158505846 ], [ -73.796341827662772, 40.605782683918392 ], [ -73.796619571687174, 40.604440902700269 ], [ -73.797341706150618, 40.604063526732673 ], [ -73.799619207150712, 40.604357041374136 ], [ -73.802452196199624, 40.604231249384938 ], [ -73.803952013931394, 40.605573030603061 ], [ -73.803063233053308, 40.606411643864384 ], [ -73.801730061736166, 40.60645357452745 ], [ -73.800341341614157, 40.607082534473442 ] ] ], [ [ [ -73.796675120492054, 40.608969414311431 ], [ -73.795730790809074, 40.607921147734771 ], [ -73.795286400370031, 40.606495505190516 ], [ -73.796397376467652, 40.606201990549053 ], [ -73.797897194199422, 40.606872881158111 ], [ -73.801063476077601, 40.607166395799581 ], [ -73.80184115934594, 40.606705158505846 ], [ -73.803174330663069, 40.607376049114912 ], [ -73.801007927272721, 40.608675899669961 ], [ -73.796675120492054, 40.608969414311431 ] ] ], [ [ [ -73.827282511981196, 40.609472582268225 ], [ -73.826004889468948, 40.60909520630063 ], [ -73.825449401420144, 40.606830950495045 ], [ -73.824505071737178, 40.605027931983194 ], [ -73.827838000029999, 40.605279515961591 ], [ -73.829060073737367, 40.605824614581458 ], [ -73.829282268956902, 40.607040603810376 ], [ -73.827782451225119, 40.607753425082507 ], [ -73.827282511981196, 40.609472582268225 ] ] ], [ [ [ -73.835725930323036, 40.605782683918392 ], [ -73.834448307810774, 40.607208326462647 ], [ -73.834392759005894, 40.607837286408639 ], [ -73.8321152580058, 40.609514512931291 ], [ -73.830226598639868, 40.608130801050102 ], [ -73.830004403420347, 40.606201990549053 ], [ -73.831115379517954, 40.605237585298525 ], [ -73.834948247054712, 40.605237585298525 ], [ -73.835725930323036, 40.605782683918392 ] ] ], [ [ [ -73.766734314661463, 40.615007429792975 ], [ -73.770900475027503, 40.615846043054304 ], [ -73.768567425222514, 40.620542277317732 ], [ -73.767456449124907, 40.620500346654666 ], [ -73.766734314661463, 40.615007429792975 ] ] ], [ [ [ -73.789564873467341, 40.62280653312331 ], [ -73.784176639393934, 40.620877722622261 ], [ -73.784898773857378, 40.6204584159916 ], [ -73.78517651788178, 40.618655397479749 ], [ -73.784454383418336, 40.617020101620163 ], [ -73.783232309710968, 40.615594459075908 ], [ -73.782510175247523, 40.615552528412842 ], [ -73.780788162296233, 40.614588123162314 ], [ -73.781288101540156, 40.613330203270323 ], [ -73.783732248954891, 40.611862630063001 ], [ -73.78523206668666, 40.611401392769274 ], [ -73.787287372467247, 40.610311195529547 ], [ -73.788731641394136, 40.609975750225018 ], [ -73.789953715101504, 40.608969414311431 ], [ -73.791453532833287, 40.608717830333028 ], [ -73.793675485028501, 40.608969414311431 ], [ -73.79506420515051, 40.610478918181819 ], [ -73.799119267906789, 40.611611046084604 ], [ -73.800507988028798, 40.611652976747671 ], [ -73.799008170297029, 40.615594459075908 ], [ -73.797230608540858, 40.616726586978693 ], [ -73.797008413321336, 40.618361882838279 ], [ -73.794342070687065, 40.622638810471045 ], [ -73.790731398369829, 40.622345295829582 ], [ -73.789564873467341, 40.62280653312331 ] ] ], [ [ [ -73.833670624542449, 40.621380890579054 ], [ -73.833559526932689, 40.623603215721573 ], [ -73.833559526932689, 40.623938661026102 ], [ -73.832281904420441, 40.623729007710772 ], [ -73.833670624542449, 40.621380890579054 ] ] ], [ [ [ -73.812228785858579, 40.625280442244225 ], [ -73.813062017931799, 40.62385479969997 ], [ -73.814395189248927, 40.62565781821182 ], [ -73.812228785858579, 40.626370639483945 ], [ -73.812228785858579, 40.625280442244225 ] ] ], [ [ [ -73.798841523882388, 40.625322372907291 ], [ -73.799952499979995, 40.624441828982896 ], [ -73.798674877467747, 40.623435493069302 ], [ -73.800230244004396, 40.619577872067204 ], [ -73.801341220102003, 40.618613466816676 ], [ -73.801896708150821, 40.616768517641759 ], [ -73.80345207468747, 40.614420400510049 ], [ -73.803618721102112, 40.616013765706569 ], [ -73.804507501980197, 40.616978170957097 ], [ -73.80495189241924, 40.61857153615361 ], [ -73.806396161346129, 40.621129306600658 ], [ -73.805951770907086, 40.623393562406235 ], [ -73.801618964126405, 40.625615887548754 ], [ -73.798841523882388, 40.626538362136209 ], [ -73.798841523882388, 40.625322372907291 ] ] ], [ [ [ -73.814284091639166, 40.629138063246323 ], [ -73.815339518931893, 40.627754351365134 ], [ -73.8164504950295, 40.629850884518447 ], [ -73.814672933273329, 40.629976676507646 ], [ -73.814284091639166, 40.629138063246323 ] ] ], [ [ [ -73.81650604383438, 40.614965499129909 ], [ -73.817505922322226, 40.614210747194718 ], [ -73.820172264956497, 40.615175152445239 ], [ -73.821394338663865, 40.615049360456041 ], [ -73.824116230103016, 40.612323867356736 ], [ -73.825560499029905, 40.614126885868586 ], [ -73.827060316761674, 40.613414064596455 ], [ -73.828449036883683, 40.614210747194718 ], [ -73.831504221152116, 40.615007429792975 ], [ -73.834003917371732, 40.614378469846983 ], [ -73.83372617334733, 40.620961583948393 ], [ -73.832559648444843, 40.621758266546649 ], [ -73.832726294859484, 40.622554949144913 ], [ -73.830948733103313, 40.624567620972094 ], [ -73.830782086688671, 40.62674801545154 ], [ -73.832448550835082, 40.627586628712869 ], [ -73.832892941274125, 40.628886479267926 ], [ -73.831948611591159, 40.629641231203117 ], [ -73.831115379517954, 40.632744100270024 ], [ -73.831948611591159, 40.634253604140412 ], [ -73.833392880518048, 40.638488601110112 ], [ -73.83222635561556, 40.638907907740773 ], [ -73.828671232103204, 40.636601721272122 ], [ -73.82806019524952, 40.6358889 ], [ -73.826227084688469, 40.635763108010799 ], [ -73.824449522932298, 40.636224345304527 ], [ -73.824116230103016, 40.638782115751575 ], [ -73.823394095639557, 40.638991769066905 ], [ -73.822783058785873, 40.635595385358535 ], [ -73.821949826712668, 40.633414990879082 ], [ -73.821838729102907, 40.6320312789979 ], [ -73.821061045834583, 40.629725092529249 ], [ -73.819950069736976, 40.627670490039002 ], [ -73.818283605590565, 40.626999599429944 ], [ -73.817894763956389, 40.625909402190217 ], [ -73.816228299809978, 40.624693412961292 ], [ -73.816728239053901, 40.623938661026102 ], [ -73.817950312761269, 40.624106383678367 ], [ -73.818672447224728, 40.622890394449442 ], [ -73.816728239053901, 40.621548613231319 ], [ -73.815395067736773, 40.621506682568253 ], [ -73.815450616541654, 40.620122970687063 ], [ -73.817172629492944, 40.619284357425741 ], [ -73.817783666346628, 40.617313616261626 ], [ -73.817117080688064, 40.615300944434438 ], [ -73.81650604383438, 40.614965499129909 ] ] ] ] } },
{ "type": "Feature", "properties": { "id": "68", "CDTA2020": "SI01", "GEOCODE": 8501, "GEONAME": "SI01 North Shore (CD 1 Equivalent)", "cd_population": 181349.0, "pop_within_walk": 2328.780153030008, "pct_pop_walk": 1.2841428146998373 }, "geometry": { "type": "MultiPolygon", "coordinates": [ [ [ [ -74.159464365166528, 40.641465678187814 ], [ -74.161130829312938, 40.641843054155416 ], [ -74.161519670947101, 40.64414924062406 ], [ -74.158075645044505, 40.643771864656465 ], [ -74.157575705800582, 40.643226766036598 ], [ -74.159464365166528, 40.641465678187814 ] ] ], [ [ [ -74.056754624942499, 40.607879217071705 ], [ -74.065198043284326, 40.604231249384938 ], [ -74.063975969576958, 40.602134716231618 ], [ -74.067197800260033, 40.603182982808278 ], [ -74.071808351065116, 40.604944070657062 ], [ -74.0758078650165, 40.605950406570656 ], [ -74.081251647894788, 40.606160059885987 ], [ -74.083695795309538, 40.60645357452745 ], [ -74.086473235553555, 40.607292187788779 ], [ -74.092583604090407, 40.609808027572754 ], [ -74.0954721419442, 40.610478918181819 ], [ -74.096638666846687, 40.610520848844885 ], [ -74.108581659895989, 40.610101542214217 ], [ -74.112581173847389, 40.610856294149414 ], [ -74.116302943774386, 40.611024016801679 ], [ -74.121357885018512, 40.609682235583556 ], [ -74.126968314311441, 40.608717830333028 ], [ -74.130967828262825, 40.608340454365432 ], [ -74.142855272507262, 40.607711494419441 ], [ -74.145299419921997, 40.607837286408639 ], [ -74.148187957775775, 40.608592038343829 ], [ -74.150521007580764, 40.609891888898886 ], [ -74.15729796177618, 40.615175152445239 ], [ -74.161852963776383, 40.618152229522948 ], [ -74.164797050435055, 40.619661733393336 ], [ -74.16874101558156, 40.62121316792679 ], [ -74.172684980728079, 40.621758266546649 ], [ -74.175740164996512, 40.623225839753971 ], [ -74.179295288508854, 40.626370639483945 ], [ -74.183572546484655, 40.628802617941794 ], [ -74.186738828362849, 40.629976676507646 ], [ -74.191404927972798, 40.632115140324032 ], [ -74.196182125192522, 40.634672910771073 ], [ -74.193737977777786, 40.63756612652265 ], [ -74.186516633143313, 40.64339448868887 ], [ -74.182961509630971, 40.644778200570052 ], [ -74.179350837313734, 40.644400824602457 ], [ -74.179350837313734, 40.643226766036598 ], [ -74.178795349264931, 40.642513944764474 ], [ -74.176684494679478, 40.64339448868887 ], [ -74.175462420972096, 40.643478350015002 ], [ -74.175684616191617, 40.644568547254721 ], [ -74.174129249654968, 40.645071715211522 ], [ -74.17296272475248, 40.644233101950192 ], [ -74.172462785508557, 40.642849390069003 ], [ -74.171518455825591, 40.641759192829284 ], [ -74.169074308410842, 40.642136568796879 ], [ -74.165630282508261, 40.641214094209417 ], [ -74.163463879117913, 40.639872312991294 ], [ -74.163241683898391, 40.64096251023102 ], [ -74.161686317361742, 40.640627064926491 ], [ -74.162297354215426, 40.638782115751575 ], [ -74.157908998629864, 40.637985433153311 ], [ -74.154798265556565, 40.637733849174914 ], [ -74.154242777507761, 40.637188750555055 ], [ -74.152687410971097, 40.637649987848782 ], [ -74.149798873117319, 40.637901571827179 ], [ -74.148798994629473, 40.638865977077707 ], [ -74.144855029482954, 40.6393691450345 ], [ -74.143966248604869, 40.638865977077707 ], [ -74.142299784458444, 40.640291619621962 ], [ -74.134356305360541, 40.641884984818482 ], [ -74.131078925872586, 40.641046371557152 ], [ -74.129301364116415, 40.640333550285028 ], [ -74.126357277457757, 40.640375480948094 ], [ -74.124135325262529, 40.640123896969698 ], [ -74.121468982628272, 40.64150760885088 ], [ -74.120691299359933, 40.641046371557152 ], [ -74.119524774457446, 40.641465678187814 ], [ -74.117691663896395, 40.641549539513946 ], [ -74.113303308310833, 40.643729933993399 ], [ -74.1111369049205, 40.645113645874588 ], [ -74.108859403920391, 40.645574883168315 ], [ -74.103082328212821, 40.645658744494447 ], [ -74.100138241554163, 40.645071715211522 ], [ -74.098527326212619, 40.645365229852985 ], [ -74.094694458675875, 40.645574883168315 ], [ -74.089417322212228, 40.647294040354033 ], [ -74.087695309260923, 40.648216514941495 ], [ -74.084862320212025, 40.648887405550553 ], [ -74.082140428772874, 40.648258445604561 ], [ -74.081418294309429, 40.648510029582958 ], [ -74.078974146894694, 40.648132653615356 ], [ -74.076529999479945, 40.646958595049504 ], [ -74.074474693699372, 40.645071715211522 ], [ -74.072030546284637, 40.644400824602457 ], [ -74.071475058235833, 40.642807459405937 ], [ -74.073252619992004, 40.642178499459945 ], [ -74.073085973577363, 40.63861439309931 ], [ -74.073530364016406, 40.637649987848782 ], [ -74.072919327162722, 40.63362464419442 ], [ -74.073308168796885, 40.632073209660966 ], [ -74.072974875967603, 40.630312121812182 ], [ -74.068031032333238, 40.628802617941794 ], [ -74.068142129942999, 40.628551033963397 ], [ -74.072919327162722, 40.629976676507646 ], [ -74.072308290309039, 40.627125391419142 ], [ -74.072697131943201, 40.626873807440745 ], [ -74.072252741504158, 40.62460955163516 ], [ -74.06997524050405, 40.62142282124212 ], [ -74.066197921772186, 40.618739258805881 ], [ -74.065086945674565, 40.617523269576957 ], [ -74.063587127942796, 40.61643307233723 ], [ -74.061420724552463, 40.614378469846983 ], [ -74.060309748454856, 40.611904560726067 ], [ -74.059476516381636, 40.611652976747671 ], [ -74.059087674747474, 40.610646640834084 ], [ -74.057143466576662, 40.608759760996101 ], [ -74.056754624942499, 40.607879217071705 ] ] ] ] } },
{ "type": "Feature", "properties": { "id": "69", "CDTA2020": "SI02", "GEOCODE": 8502, "GEONAME": "SI02 Mid-Island (CD 2 Approximation)", "cd_population": 142132.0, "pop_within_walk": 11658.096791267602, "pct_pop_walk": 8.2023026420986138 }, "geometry": { "type": "Polygon", "coordinates": [ [ [ -74.063975969576958, 40.602134716231618 ], [ -74.061976212601266, 40.601254172307229 ], [ -74.06108743172318, 40.599828529762974 ], [ -74.063753774357437, 40.598947985838585 ], [ -74.059754260406038, 40.593832444944489 ], [ -74.062142859015907, 40.592029426432639 ], [ -74.065031396869685, 40.589010418691863 ], [ -74.064753652845283, 40.58850725073507 ], [ -74.067197800260033, 40.586746162886286 ], [ -74.070975118991896, 40.583182056525651 ], [ -74.071752802260235, 40.581882205970594 ], [ -74.075085730553056, 40.579156712871281 ], [ -74.0758078650165, 40.578318099609959 ], [ -74.078751951675173, 40.576011913141315 ], [ -74.080918355065506, 40.574670131923192 ], [ -74.084695673797384, 40.571483401530152 ], [ -74.087639760456042, 40.57299290540054 ], [ -74.088750736553664, 40.572363945454541 ], [ -74.092750250505048, 40.568087017821782 ], [ -74.093861226602669, 40.568422463126311 ], [ -74.104693243554365, 40.573999241314127 ], [ -74.10874830631063, 40.569931966996698 ], [ -74.094083421822191, 40.562719892949289 ], [ -74.095083300310037, 40.563181130243024 ], [ -74.096138727602764, 40.562594100960091 ], [ -74.098305130993097, 40.559323509240919 ], [ -74.100082692749282, 40.558946133273324 ], [ -74.105582024432451, 40.562007071677165 ], [ -74.110137026432653, 40.564313258145809 ], [ -74.113747698749876, 40.566493652625262 ], [ -74.116358492579266, 40.563935882178214 ], [ -74.123079897969802, 40.567961225832583 ], [ -74.124913008530854, 40.56896756174617 ], [ -74.123357641994204, 40.569931966996698 ], [ -74.121468982628272, 40.571776916171615 ], [ -74.121746726652674, 40.575131369216919 ], [ -74.123524288408845, 40.575802259825977 ], [ -74.125135203750375, 40.575886121152116 ], [ -74.127079411921201, 40.57638928910891 ], [ -74.127745997579765, 40.575215230543051 ], [ -74.132800938823891, 40.573496073357333 ], [ -74.133800817311737, 40.573286420042002 ], [ -74.14418844382439, 40.572028500150012 ], [ -74.143855150995108, 40.570602857605756 ], [ -74.144410639043912, 40.569722313681368 ], [ -74.147910213751373, 40.570896372247219 ], [ -74.154909363166325, 40.565235732733271 ], [ -74.155853692849291, 40.563768159525949 ], [ -74.1572424129713, 40.562552170297025 ], [ -74.160964182898297, 40.561461973057305 ], [ -74.163797171947195, 40.560329845154513 ], [ -74.164963696849696, 40.560120191839182 ], [ -74.171851748654873, 40.561503903720372 ], [ -74.174906932923292, 40.562845684938495 ], [ -74.177573275557563, 40.563768159525949 ], [ -74.179073093289333, 40.569890036333632 ], [ -74.179350837313734, 40.57056092694269 ], [ -74.183794741704176, 40.572573598769871 ], [ -74.18440577855786, 40.57299290540054 ], [ -74.18607224270427, 40.572531668106805 ], [ -74.189016329362943, 40.572657460096011 ], [ -74.189182975777584, 40.575508745184514 ], [ -74.190627244704473, 40.576682803750373 ], [ -74.191960416021601, 40.576557011761174 ], [ -74.19751529650965, 40.578863198229818 ], [ -74.202959079387938, 40.580121118121809 ], [ -74.204403348314841, 40.580163048784875 ], [ -74.206014263656371, 40.579743742154214 ], [ -74.205069933973405, 40.581672552655263 ], [ -74.204403348314841, 40.58372715514551 ], [ -74.204625543534362, 40.584356115091509 ], [ -74.20418115309532, 40.586410717581757 ], [ -74.204625543534362, 40.589303933333333 ], [ -74.202459140144015, 40.590855367866787 ], [ -74.202014749704972, 40.591777842454242 ], [ -74.199348407070715, 40.594084028922893 ], [ -74.19751529650965, 40.596809522022198 ], [ -74.197293101290128, 40.598025511251123 ], [ -74.198737370217032, 40.601715409600956 ], [ -74.20012609033904, 40.603686150765071 ], [ -74.201403712851288, 40.604650556015599 ], [ -74.202236944924493, 40.605950406570656 ], [ -74.202792432973297, 40.6082565930393 ], [ -74.202292493729374, 40.611862630063001 ], [ -74.202459140144015, 40.613288272607257 ], [ -74.200459383168322, 40.616307280348032 ], [ -74.200903773607365, 40.617816784218419 ], [ -74.200348285558562, 40.618278021512147 ], [ -74.201014871217126, 40.620081040023997 ], [ -74.201570359265929, 40.623477423732368 ], [ -74.200959322412245, 40.625364303570358 ], [ -74.201403712851288, 40.626077124842482 ], [ -74.200959322412245, 40.629347716561654 ], [ -74.200459383168322, 40.629641231203117 ], [ -74.20012609033904, 40.631486180378033 ], [ -74.19851517499751, 40.63278603093309 ], [ -74.197348650095009, 40.632995684248421 ], [ -74.196182125192522, 40.634672910771073 ], [ -74.191404927972798, 40.632115140324032 ], [ -74.186738828362849, 40.629976676507646 ], [ -74.183572546484655, 40.628802617941794 ], [ -74.179295288508854, 40.626370639483945 ], [ -74.175740164996512, 40.623225839753971 ], [ -74.172684980728079, 40.621758266546649 ], [ -74.16874101558156, 40.62121316792679 ], [ -74.164797050435055, 40.619661733393336 ], [ -74.161852963776383, 40.618152229522948 ], [ -74.15729796177618, 40.615175152445239 ], [ -74.150521007580764, 40.609891888898886 ], [ -74.148187957775775, 40.608592038343829 ], [ -74.145299419921997, 40.607837286408639 ], [ -74.142855272507262, 40.607711494419441 ], [ -74.130967828262825, 40.608340454365432 ], [ -74.126968314311441, 40.608717830333028 ], [ -74.121357885018512, 40.609682235583556 ], [ -74.116302943774386, 40.611024016801679 ], [ -74.112581173847389, 40.610856294149414 ], [ -74.108581659895989, 40.610101542214217 ], [ -74.096638666846687, 40.610520848844885 ], [ -74.0954721419442, 40.610478918181819 ], [ -74.092583604090407, 40.609808027572754 ], [ -74.086473235553555, 40.607292187788779 ], [ -74.083695795309538, 40.60645357452745 ], [ -74.081251647894788, 40.606160059885987 ], [ -74.0758078650165, 40.605950406570656 ], [ -74.071808351065116, 40.604944070657062 ], [ -74.067197800260033, 40.603182982808278 ], [ -74.063975969576958, 40.602134716231618 ] ] ] } },
{ "type": "Feature", "properties": { "id": "70", "CDTA2020": "SI03", "GEOCODE": 8503, "GEONAME": "SI03 South Shore (CD 3 Approximation)", "cd_population": 168729.0, "pop_within_walk": 11396.450783743378, "pct_pop_walk": 6.75429285051377 }, "geometry": { "type": "Polygon", "coordinates": [ [ [ -74.100082692749282, 40.558946133273324 ], [ -74.10124921765177, 40.557646282718267 ], [ -74.101860254505453, 40.556220640174018 ], [ -74.103082328212821, 40.555885194869482 ], [ -74.104637694749485, 40.554124107020698 ], [ -74.105082085188528, 40.553117771107111 ], [ -74.106415256505656, 40.553872523042301 ], [ -74.107692879017904, 40.553956384368433 ], [ -74.110303672847294, 40.551482475247525 ], [ -74.11280336906691, 40.547876438223817 ], [ -74.113358857115713, 40.548086091539155 ], [ -74.114969772457243, 40.549595595409542 ], [ -74.116580687798788, 40.549134358115808 ], [ -74.119469225652566, 40.552237227182715 ], [ -74.127301607140723, 40.557310837413738 ], [ -74.130412340214022, 40.554417621662161 ], [ -74.134578500580062, 40.551272821932194 ], [ -74.137411489628974, 40.549595595409542 ], [ -74.138633563336342, 40.548505398169816 ], [ -74.137467038433854, 40.547289408940891 ], [ -74.13585612309231, 40.546450795679569 ], [ -74.138744660946102, 40.544899361146115 ], [ -74.141688747604761, 40.542341590699067 ], [ -74.142466430873085, 40.541377185448546 ], [ -74.141910942824282, 40.540370849534952 ], [ -74.141744296409641, 40.538525900360035 ], [ -74.143077467726783, 40.537226049804978 ], [ -74.143855150995108, 40.537142188478846 ], [ -74.144577285458553, 40.535926199249921 ], [ -74.147965762556254, 40.534919863336334 ], [ -74.149743324312439, 40.533494220792079 ], [ -74.152465215751576, 40.532068578247824 ], [ -74.156131436873693, 40.529301154485445 ], [ -74.15890887711771, 40.527917442604256 ], [ -74.16146412214222, 40.527078829342933 ], [ -74.162241805410545, 40.527204621332132 ], [ -74.166907905020508, 40.524814573537348 ], [ -74.170018638093808, 40.523053485688564 ], [ -74.17135180941095, 40.523472792319232 ], [ -74.173407115191523, 40.522550317731771 ], [ -74.176017909020914, 40.520873091209118 ], [ -74.177628824362444, 40.519321656675665 ], [ -74.179795227752777, 40.520537645904589 ], [ -74.181183947874786, 40.520663437893788 ], [ -74.184850168996903, 40.519321656675665 ], [ -74.186572181948193, 40.51810566744674 ], [ -74.189294073387344, 40.515338243684369 ], [ -74.189738463826387, 40.515338243684369 ], [ -74.194071270607068, 40.510642009420941 ], [ -74.195237795509556, 40.509971118811876 ], [ -74.196793162046205, 40.510054980138008 ], [ -74.198626272607271, 40.511187108040801 ], [ -74.199626151095117, 40.511396761356131 ], [ -74.200848224802485, 40.513032057215717 ], [ -74.207569630193021, 40.511857998649866 ], [ -74.21001377760777, 40.510558148094809 ], [ -74.211069204900497, 40.509048644224421 ], [ -74.213402254705471, 40.506784388418836 ], [ -74.214346584388451, 40.50653280444044 ], [ -74.216013048534862, 40.50523295388539 ], [ -74.217623963876392, 40.5033460740474 ], [ -74.219623720852084, 40.50280097542754 ], [ -74.222845551535158, 40.502507460786077 ], [ -74.225011954925492, 40.50175270885088 ], [ -74.226622870267036, 40.502213946144614 ], [ -74.228455980828087, 40.502255876807681 ], [ -74.231233421072119, 40.501836570177012 ], [ -74.233622019681974, 40.500914095589557 ], [ -74.236843850365048, 40.499949690339029 ], [ -74.238510314511458, 40.498901423762376 ], [ -74.239676839413946, 40.497685434533452 ], [ -74.244231841414148, 40.497559642544253 ], [ -74.246787086438644, 40.496134 ], [ -74.249731173097317, 40.496888751935188 ], [ -74.250842149194924, 40.498020879837981 ], [ -74.251119893219325, 40.498943354425442 ], [ -74.253175198999912, 40.500117412991294 ], [ -74.255230504780485, 40.503933103330333 ], [ -74.2554527, 40.508042308310827 ], [ -74.253341845414553, 40.509845326822678 ], [ -74.253064101390152, 40.512151513291329 ], [ -74.252175320512052, 40.512780473237321 ], [ -74.252119771707171, 40.513702947824783 ], [ -74.249842270707077, 40.515505966336633 ], [ -74.248509099389949, 40.516218787608757 ], [ -74.247509220902103, 40.515715619651964 ], [ -74.245231719901994, 40.517308984848484 ], [ -74.244342939023909, 40.518524974077408 ], [ -74.242343182048216, 40.518315320762071 ], [ -74.240010132243228, 40.520327992589259 ], [ -74.2429542189019, 40.521208536513647 ], [ -74.242620926072618, 40.522047149774977 ], [ -74.242787572487259, 40.524017890939092 ], [ -74.243343060536063, 40.525862840114009 ], [ -74.242232084438456, 40.529804322442239 ], [ -74.241565498779877, 40.530894519681965 ], [ -74.242232084438456, 40.534584418031798 ], [ -74.244953975877593, 40.537226049804978 ], [ -74.24445403663367, 40.538022732403235 ], [ -74.245398366316635, 40.539532236273622 ], [ -74.245453915121516, 40.540622433513349 ], [ -74.246453793609362, 40.542173868046802 ], [ -74.247675867316744, 40.54313827329733 ], [ -74.24612050078008, 40.545696043744371 ], [ -74.243620804560464, 40.547666784908486 ], [ -74.241787693999413, 40.546995894299428 ], [ -74.240454522682271, 40.54762485424542 ], [ -74.236510557535766, 40.550434208670865 ], [ -74.236343911121125, 40.552363019171914 ], [ -74.234899642194222, 40.552991979117913 ], [ -74.233510922072213, 40.552446880498046 ], [ -74.232677689999008, 40.55290811779178 ], [ -74.230622384218421, 40.555591680228019 ], [ -74.228733724852489, 40.556304501500151 ], [ -74.226067382218233, 40.556220640174018 ], [ -74.22145683141315, 40.555382026912689 ], [ -74.219734818461859, 40.554627274977499 ], [ -74.216068597339742, 40.555549749564953 ], [ -74.213791096339634, 40.556388362826283 ], [ -74.212680120242027, 40.557268906750672 ], [ -74.212013534583463, 40.558359103990398 ], [ -74.211902436973702, 40.559617023882389 ], [ -74.211180302510257, 40.560413706480645 ], [ -74.211402497729779, 40.563474644884487 ], [ -74.210735912071215, 40.565235732733271 ], [ -74.208847252705283, 40.568925631083104 ], [ -74.208180667046705, 40.570728649594955 ], [ -74.207847374217422, 40.572615529432944 ], [ -74.207069690949098, 40.574753993249324 ], [ -74.207014142144217, 40.57638928910891 ], [ -74.20590316604661, 40.578611614251422 ], [ -74.206014263656371, 40.579743742154214 ], [ -74.204403348314841, 40.580163048784875 ], [ -74.202959079387938, 40.580121118121809 ], [ -74.19751529650965, 40.578863198229818 ], [ -74.191960416021601, 40.576557011761174 ], [ -74.190627244704473, 40.576682803750373 ], [ -74.189182975777584, 40.575508745184514 ], [ -74.189016329362943, 40.572657460096011 ], [ -74.18607224270427, 40.572531668106805 ], [ -74.18440577855786, 40.57299290540054 ], [ -74.183794741704176, 40.572573598769871 ], [ -74.179350837313734, 40.57056092694269 ], [ -74.179073093289333, 40.569890036333632 ], [ -74.177573275557563, 40.563768159525949 ], [ -74.174906932923292, 40.562845684938495 ], [ -74.171851748654873, 40.561503903720372 ], [ -74.164963696849696, 40.560120191839182 ], [ -74.163797171947195, 40.560329845154513 ], [ -74.160964182898297, 40.561461973057305 ], [ -74.1572424129713, 40.562552170297025 ], [ -74.155853692849291, 40.563768159525949 ], [ -74.154909363166325, 40.565235732733271 ], [ -74.147910213751373, 40.570896372247219 ], [ -74.144410639043912, 40.569722313681368 ], [ -74.143855150995108, 40.570602857605756 ], [ -74.14418844382439, 40.572028500150012 ], [ -74.133800817311737, 40.573286420042002 ], [ -74.132800938823891, 40.573496073357333 ], [ -74.127745997579765, 40.575215230543051 ], [ -74.127079411921201, 40.57638928910891 ], [ -74.125135203750375, 40.575886121152116 ], [ -74.123524288408845, 40.575802259825977 ], [ -74.121746726652674, 40.575131369216919 ], [ -74.121468982628272, 40.571776916171615 ], [ -74.123357641994204, 40.569931966996698 ], [ -74.124913008530854, 40.56896756174617 ], [ -74.123079897969802, 40.567961225832583 ], [ -74.116358492579266, 40.563935882178214 ], [ -74.113747698749876, 40.566493652625262 ], [ -74.110137026432653, 40.564313258145809 ], [ -74.105582024432451, 40.562007071677165 ], [ -74.100082692749282, 40.558946133273324 ] ] ] } },
{ "type": "Feature", "properties": { "id": "71", "CDTA2020": "SI95", "GEOCODE": 8595, "GEONAME": "SI95 Great Kills Park-Fort Wadsworth (JIA 95 Approximation)", "cd_population": 524.0, "pop_within_walk": 0.0, "pct_pop_walk": 0.0 }, "geometry": { "type": "MultiPolygon", "coordinates": [ [ [ [ -74.113358857115713, 40.548086091539155 ], [ -74.115469711701181, 40.547499062256222 ], [ -74.116525138993907, 40.547876438223817 ], [ -74.118024956725677, 40.547289408940891 ], [ -74.119691420872087, 40.545528321092107 ], [ -74.122524409920999, 40.544857430483049 ], [ -74.124246422872289, 40.543096342634264 ], [ -74.126357277457757, 40.540538572187216 ], [ -74.130690084238424, 40.534542487368732 ], [ -74.133578622092216, 40.531523479627964 ], [ -74.136189415921592, 40.529636599789974 ], [ -74.138855758555863, 40.529888183768378 ], [ -74.139189051385145, 40.531649271617162 ], [ -74.140633320312034, 40.534123180738071 ], [ -74.140244478677872, 40.535423031293128 ], [ -74.138022526482658, 40.535213377977797 ], [ -74.134800695799584, 40.535297239303929 ], [ -74.133411975677575, 40.535884268586855 ], [ -74.127968192799287, 40.540706294839481 ], [ -74.127468253555364, 40.541754561416141 ], [ -74.127690448774885, 40.543389857275727 ], [ -74.129523559335937, 40.545570251755173 ], [ -74.131301121092108, 40.546450795679569 ], [ -74.133467524482455, 40.54687010231023 ], [ -74.13585612309231, 40.546450795679569 ], [ -74.137467038433854, 40.547289408940891 ], [ -74.138633563336342, 40.548505398169816 ], [ -74.137411489628974, 40.549595595409542 ], [ -74.134578500580062, 40.551272821932194 ], [ -74.130412340214022, 40.554417621662161 ], [ -74.127301607140723, 40.557310837413738 ], [ -74.119469225652566, 40.552237227182715 ], [ -74.116580687798788, 40.549134358115808 ], [ -74.114969772457243, 40.549595595409542 ], [ -74.113358857115713, 40.548086091539155 ] ] ], [ [ [ -74.084695673797384, 40.571483401530152 ], [ -74.086528784358435, 40.569638452355235 ], [ -74.088306346114621, 40.568338601800178 ], [ -74.089195126992706, 40.56716454323432 ], [ -74.089972810261031, 40.56737419654965 ], [ -74.091250432773279, 40.566493652625262 ], [ -74.094083421822191, 40.562719892949289 ], [ -74.10874830631063, 40.569931966996698 ], [ -74.104693243554365, 40.573999241314127 ], [ -74.093861226602669, 40.568422463126311 ], [ -74.092750250505048, 40.568087017821782 ], [ -74.088750736553664, 40.572363945454541 ], [ -74.087639760456042, 40.57299290540054 ], [ -74.084695673797384, 40.571483401530152 ] ] ], [ [ [ -74.053143952625263, 40.577689139663967 ], [ -74.054032733503348, 40.577102110381034 ], [ -74.054921514381448, 40.577773000990099 ], [ -74.054699319161912, 40.579701811491148 ], [ -74.053699440674066, 40.580540424752471 ], [ -74.052921757405741, 40.579911464806479 ], [ -74.053143952625263, 40.577689139663967 ] ] ], [ [ [ -74.059754260406038, 40.593832444944489 ], [ -74.063753774357437, 40.598947985838585 ], [ -74.06108743172318, 40.599828529762974 ], [ -74.061976212601266, 40.601254172307229 ], [ -74.063975969576958, 40.602134716231618 ], [ -74.065198043284326, 40.604231249384938 ], [ -74.056754624942499, 40.607879217071705 ], [ -74.056032490479055, 40.606789019831979 ], [ -74.053810538283827, 40.60590847590759 ], [ -74.054032733503348, 40.604944070657062 ], [ -74.053532794259425, 40.603644220102005 ], [ -74.052866208600861, 40.59987046042604 ], [ -74.054477123942391, 40.598738332523247 ], [ -74.057199015381542, 40.596390215391537 ], [ -74.059754260406038, 40.593832444944489 ] ] ] ] } }
]
}
