{
"type": "FeatureCollection",
"name": "800m_UHF42_pct_walkable_ADA_subway",
"crs": { "type": "name", "properties": { "name": "urn:ogc:def:crs:OGC:1.3:CRS84" } },
"features": [
{ "type": "Feature", "properties": { "id": "101", "GEOCODE": "101", "GEONAME": "Kingsbridge - Riverdale", "BOROUGH": "Bronx", "pop_est_total": 98980.667102094914, "pop_walk_est": 25244.115715898464, "pct_walk_accessible": 25.504087267728849, "UHF_CODE": "101", "UHF_NAME": "Kingsbridge - Riverdale", "GEOCODE_STR": "101" }, "geometry": { "type": "Polygon", "coordinates": [ [ [ -73.877919673972954, 40.905544925211267 ], [ -73.880107453209064, 40.895196583661971 ], [ -73.88039915710722, 40.892831248450698 ], [ -73.877992599947504, 40.887036177183099 ], [ -73.881274268801675, 40.882660307042244 ], [ -73.887108346764663, 40.8844343084507 ], [ -73.887108346764663, 40.882955973943659 ], [ -73.896369945530907, 40.881832439718309 ], [ -73.896734575403585, 40.880176705070411 ], [ -73.900964281926761, 40.87532776788732 ], [ -73.902641579341122, 40.870597097464788 ], [ -73.907090063787891, 40.867876961971831 ], [ -73.909059065100408, 40.862673224507041 ], [ -73.912924141750878, 40.861963623943659 ], [ -73.913580475521712, 40.862200157464777 ], [ -73.914309735267096, 40.862554957746475 ], [ -73.911028066412911, 40.866339494084507 ], [ -73.908767361202251, 40.871779765070421 ], [ -73.910298806667555, 40.873849433380272 ], [ -73.912997067725399, 40.874795567464787 ], [ -73.919852109331927, 40.876451302112663 ], [ -73.922769148313421, 40.878875770704219 ], [ -73.924665223651388, 40.878934904084502 ], [ -73.920508443102747, 40.887154443943651 ], [ -73.919779183357392, 40.891116380422524 ], [ -73.918174811917567, 40.894132182816897 ], [ -73.915184846961537, 40.903061323239434 ], [ -73.914309735267096, 40.904243990845067 ], [ -73.910736362514768, 40.915775 ], [ -73.902131097519359, 40.912818330985907 ], [ -73.877919673972954, 40.905544925211267 ] ] ] } },
{ "type": "Feature", "properties": { "id": "102", "GEOCODE": "102", "GEONAME": "Northeast Bronx", "BOROUGH": "Bronx", "pop_est_total": 172092.02048929664, "pop_walk_est": 37614.732335481865, "pct_walk_accessible": 21.857336690297814, "UHF_CODE": "102", "UHF_NAME": "Northeast Bronx", "GEOCODE_STR": "102" }, "geometry": { "type": "Polygon", "coordinates": [ [ [ -73.814984557947227, 40.888987578732383 ], [ -73.815349187819919, 40.886740510281683 ], [ -73.81936011641946, 40.885735242816899 ], [ -73.820818635910229, 40.884848242112668 ], [ -73.821839599553741, 40.879230570985911 ], [ -73.823881526840779, 40.874085966901397 ], [ -73.823735674891722, 40.869769230140832 ], [ -73.821037413833835, 40.868054362112673 ], [ -73.820235228113916, 40.862909758028174 ], [ -73.819141338495868, 40.861963623943659 ], [ -73.821183265782906, 40.859420888591544 ], [ -73.81936011641946, 40.859243488450701 ], [ -73.816661855361588, 40.860958356478868 ], [ -73.81870378264864, 40.858770421408444 ], [ -73.823079341120874, 40.857055553380278 ], [ -73.826142232051453, 40.856700753098586 ], [ -73.827381973618586, 40.859598288732393 ], [ -73.830663642472743, 40.857055553380278 ], [ -73.833070199632488, 40.857528620422535 ], [ -73.838029165901034, 40.856937286619718 ], [ -73.849478543903402, 40.858119954225351 ], [ -73.861875959574746, 40.857351220281686 ], [ -73.861803033600196, 40.858001687464785 ], [ -73.861073773854841, 40.874440767183088 ], [ -73.856260659535366, 40.883133374084501 ], [ -73.855896029662688, 40.883842974647884 ], [ -73.865376406352524, 40.886858777042242 ], [ -73.861365477752997, 40.89466438323943 ], [ -73.870481224570156, 40.896615784788729 ], [ -73.880107453209064, 40.895196583661971 ], [ -73.877919673972954, 40.905544925211267 ], [ -73.874273375246091, 40.904835324647884 ], [ -73.85932355046593, 40.900577721267595 ], [ -73.859688180338622, 40.902292589295769 ], [ -73.857281623178878, 40.903002189859144 ], [ -73.857500401102484, 40.904776191267594 ], [ -73.853562398477479, 40.907437193380268 ], [ -73.850207803648772, 40.907437193380268 ], [ -73.845394689329325, 40.905663191971819 ], [ -73.844738355558476, 40.904243990845067 ], [ -73.841383760729741, 40.904125724084494 ], [ -73.839268907468167, 40.899454187042252 ], [ -73.839633537340845, 40.897325385352111 ], [ -73.838029165901034, 40.894132182816897 ], [ -73.823225193069973, 40.889992846197181 ], [ -73.822860563197267, 40.89123464718309 ], [ -73.814984557947227, 40.888987578732383 ] ] ] } },
{ "type": "Feature", "properties": { "id": "103", "GEOCODE": "103", "GEONAME": "Fordham - Bronx Park", "BOROUGH": "Bronx", "pop_est_total": 248599.03174701449, "pop_walk_est": 140674.30549369333, "pct_walk_accessible": 56.586827593459738, "UHF_CODE": "103", "UHF_NAME": "Fordham - Bronx Park", "GEOCODE_STR": "103" }, "geometry": { "type": "Polygon", "coordinates": [ [ [ -73.880107453209064, 40.895196583661971 ], [ -73.870481224570156, 40.896615784788729 ], [ -73.861365477752997, 40.89466438323943 ], [ -73.865376406352524, 40.886858777042242 ], [ -73.855896029662688, 40.883842974647884 ], [ -73.856260659535366, 40.883133374084501 ], [ -73.861073773854841, 40.874440767183088 ], [ -73.861803033600196, 40.858001687464785 ], [ -73.868366371308554, 40.857824287323929 ], [ -73.868876853130331, 40.857232953521127 ], [ -73.877263340202106, 40.855399818732394 ], [ -73.880617935030841, 40.856937286619718 ], [ -73.881638898674382, 40.853330150422529 ], [ -73.883826677910477, 40.851497015633797 ], [ -73.889514903924393, 40.853211883661963 ], [ -73.896005315658215, 40.856405086197171 ], [ -73.910955140438375, 40.860603556197177 ], [ -73.914455587216153, 40.859775688873235 ], [ -73.912924141750878, 40.861963623943659 ], [ -73.909059065100408, 40.862673224507041 ], [ -73.907090063787891, 40.867876961971831 ], [ -73.902641579341122, 40.870597097464788 ], [ -73.900964281926761, 40.87532776788732 ], [ -73.896734575403585, 40.880176705070411 ], [ -73.896369945530907, 40.881832439718309 ], [ -73.887108346764663, 40.882955973943659 ], [ -73.887108346764663, 40.8844343084507 ], [ -73.881274268801675, 40.882660307042244 ], [ -73.877992599947504, 40.887036177183099 ], [ -73.88039915710722, 40.892831248450698 ], [ -73.880107453209064, 40.895196583661971 ] ] ] } },
{ "type": "Feature", "properties": { "id": "104", "GEOCODE": "104", "GEONAME": "Pelham - Throgs Neck", "BOROUGH": "Bronx", "pop_est_total": 272970.38168753823, "pop_walk_est": 35322.517256522333, "pct_walk_accessible": 12.940054901983856, "UHF_CODE": "104", "UHF_NAME": "Pelham - Throgs Neck", "GEOCODE_STR": "104" }, "geometry": { "type": "MultiPolygon", "coordinates": [ [ [ [ -73.883680825961392, 40.821575525211266 ], [ -73.884701789604932, 40.824886994507033 ], [ -73.883316196088728, 40.832988267605629 ], [ -73.881638898674382, 40.833165667746471 ], [ -73.881274268801675, 40.835117069295769 ], [ -73.880107453209064, 40.837364137746469 ], [ -73.872158521984517, 40.836299736901395 ], [ -73.862896923218258, 40.833461334647879 ], [ -73.864792998556226, 40.837659804647885 ], [ -73.863553256989107, 40.837778071408451 ], [ -73.864720072581704, 40.841030407323935 ], [ -73.863553256989107, 40.841266940845067 ], [ -73.867782963512269, 40.844874077042256 ], [ -73.870991706391905, 40.843100075633792 ], [ -73.871720966137289, 40.844164476478873 ], [ -73.871429262239133, 40.852265749577462 ], [ -73.870991706391905, 40.854394551267603 ], [ -73.868876853130331, 40.857232953521127 ], [ -73.868366371308554, 40.857824287323929 ], [ -73.861803033600196, 40.858001687464785 ], [ -73.861875959574746, 40.857351220281686 ], [ -73.849478543903402, 40.858119954225351 ], [ -73.838029165901034, 40.856937286619718 ], [ -73.833070199632488, 40.857528620422535 ], [ -73.830663642472743, 40.857055553380278 ], [ -73.827381973618586, 40.859598288732393 ], [ -73.826142232051453, 40.856700753098586 ], [ -73.823079341120874, 40.857055553380278 ], [ -73.81870378264864, 40.858770421408444 ], [ -73.816661855361588, 40.860958356478868 ], [ -73.814984557947227, 40.86066268957746 ], [ -73.815057483921777, 40.858297354366194 ], [ -73.818630856674105, 40.856759886478869 ], [ -73.816661855361588, 40.85380321746478 ], [ -73.817391115106972, 40.851319615492947 ], [ -73.815713817692611, 40.84930908056338 ], [ -73.817099411208801, 40.84410534309859 ], [ -73.814911631972677, 40.839079005774643 ], [ -73.816661855361588, 40.837364137746469 ], [ -73.815786743667132, 40.831864733380272 ], [ -73.813161408583781, 40.827725396760549 ], [ -73.814474076125478, 40.825892261971838 ], [ -73.811848741042127, 40.824118260563374 ], [ -73.808567072187941, 40.825596595070422 ], [ -73.807327330620808, 40.825123528028158 ], [ -73.806087589053675, 40.8201563240845 ], [ -73.803681031893944, 40.817909255633801 ], [ -73.798284509778171, 40.816549187887318 ], [ -73.801857882530499, 40.812882918309839 ], [ -73.804993699435613, 40.81235071788732 ], [ -73.803097624097646, 40.810635849859153 ], [ -73.793981877280487, 40.806969580281674 ], [ -73.790991912324429, 40.80661478 ], [ -73.790627282451766, 40.804722511830974 ], [ -73.793617247407781, 40.804367711549283 ], [ -73.796096730542061, 40.806200846338022 ], [ -73.801055696810621, 40.808507048169005 ], [ -73.803753957868466, 40.808566181549295 ], [ -73.810171443627752, 40.813001185070412 ], [ -73.81629722548891, 40.813888185774637 ], [ -73.821110339808371, 40.813060318450695 ], [ -73.826433935949595, 40.811404583802805 ], [ -73.831028272345449, 40.810990650140845 ], [ -73.832195087938047, 40.808507048169005 ], [ -73.831684606116283, 40.804959045352106 ], [ -73.837445758104735, 40.806082579577463 ], [ -73.840362797086229, 40.812055050985911 ], [ -73.83977938928993, 40.81442038619717 ], [ -73.840071093188087, 40.819978923943658 ], [ -73.844154947762163, 40.815898720704226 ], [ -73.846269801023738, 40.81081325 ], [ -73.849332691954316, 40.812173317746485 ], [ -73.850280729623321, 40.808507048169005 ], [ -73.848020024412648, 40.805372979014081 ], [ -73.852687286783038, 40.806082579577463 ], [ -73.854437510171934, 40.804899911971823 ], [ -73.857646253051584, 40.805372979014081 ], [ -73.859177698516845, 40.810694983239436 ], [ -73.862459367371045, 40.810281049577455 ], [ -73.867491259614127, 40.810635849859153 ], [ -73.870335372621057, 40.814006452535203 ], [ -73.877555044100262, 40.816608321267609 ], [ -73.880545009056306, 40.818500589436617 ], [ -73.883680825961392, 40.821575525211266 ] ] ], [ [ [ -73.81936011641946, 40.885735242816899 ], [ -73.815349187819919, 40.886740510281683 ], [ -73.814984557947227, 40.888987578732383 ], [ -73.793471395458724, 40.883488174366185 ], [ -73.795513322745748, 40.880886305633801 ], [ -73.797482324058265, 40.875032100985905 ], [ -73.799159621472626, 40.875150367746485 ], [ -73.803681031893944, 40.869355296478865 ], [ -73.802149586428669, 40.865215959859142 ], [ -73.797555250032815, 40.872134565352113 ], [ -73.794784063000392, 40.872962432676054 ], [ -73.793325543509638, 40.876983502535204 ], [ -73.794273581178629, 40.877870503239429 ], [ -73.790700208426301, 40.880235838450702 ], [ -73.788585355164713, 40.878757503943653 ], [ -73.785741242157741, 40.878816637323943 ], [ -73.785303686310527, 40.87662870225352 ], [ -73.787710243470258, 40.872962432676054 ], [ -73.78420979669248, 40.872785032535205 ], [ -73.783699314870717, 40.870537964084498 ], [ -73.785814168132291, 40.869059629577464 ], [ -73.790627282451766, 40.868290895633791 ], [ -73.792960913636961, 40.865156826478874 ], [ -73.791867024018913, 40.861076623239434 ], [ -73.794711137025843, 40.858593021267602 ], [ -73.794492359102236, 40.856523352957744 ], [ -73.798430361727256, 40.854985885070413 ], [ -73.798503287701777, 40.850669148309855 ], [ -73.800180585116138, 40.847949012816898 ], [ -73.804629069562935, 40.854453684647893 ], [ -73.803608105919409, 40.855458952112663 ], [ -73.805577107231912, 40.86160882366196 ], [ -73.808275368289785, 40.859420888591544 ], [ -73.810973629347686, 40.862673224507041 ], [ -73.813817742354644, 40.864033292253517 ], [ -73.815130409896312, 40.863087158169009 ], [ -73.816443077437981, 40.865215959859142 ], [ -73.814547002100014, 40.867817828591548 ], [ -73.818557930699555, 40.870064897042248 ], [ -73.821474969681063, 40.870064897042248 ], [ -73.821985451502826, 40.872548499014073 ], [ -73.819505968368546, 40.873139832816896 ], [ -73.821329117731977, 40.87710176929577 ], [ -73.819943524215773, 40.87934883774647 ], [ -73.81936011641946, 40.885735242816899 ] ] ], [ [ [ -73.788658281139249, 40.854985885070413 ], [ -73.788366577241106, 40.853566683943662 ], [ -73.785084908386921, 40.850964815211263 ], [ -73.782897129150811, 40.848067279577471 ], [ -73.783626388896167, 40.843750542816899 ], [ -73.781876165507285, 40.8417991412676 ], [ -73.781730313558199, 40.838487671971826 ], [ -73.784136870717944, 40.836713670563377 ], [ -73.786835131775817, 40.839966006478861 ], [ -73.791210690248064, 40.8469437453521 ], [ -73.789314614910097, 40.850964815211263 ], [ -73.792377505840662, 40.855872885774644 ], [ -73.789095836986462, 40.858474754507036 ], [ -73.788658281139249, 40.854985885070413 ] ] ], [ [ [ -73.765467821236385, 40.855045018450703 ], [ -73.767874378396101, 40.854453684647893 ], [ -73.76947874983594, 40.852679683239437 ], [ -73.768822416065078, 40.850550881549296 ], [ -73.769770453734068, 40.847475945774654 ], [ -73.771156047250287, 40.8469437453521 ], [ -73.77086434335213, 40.84978214760563 ], [ -73.772395788817434, 40.851674415774639 ], [ -73.772395788817434, 40.859775688873235 ], [ -73.770645565428524, 40.859834822253518 ], [ -73.765467821236385, 40.855045018450703 ] ] ] ] } },
{ "type": "Feature", "properties": { "id": "105", "GEOCODE": "105", "GEONAME": "Crotona - Tremont", "BOROUGH": "Bronx", "pop_est_total": 214698.49499365062, "pop_walk_est": 74573.990895883544, "pct_walk_accessible": 34.734286748534942, "UHF_CODE": "105", "UHF_NAME": "Crotona - Tremont", "GEOCODE_STR": "105" }, "geometry": { "type": "Polygon", "coordinates": [ [ [ -73.912924141750878, 40.861963623943659 ], [ -73.914455587216153, 40.859775688873235 ], [ -73.910955140438375, 40.860603556197177 ], [ -73.896005315658215, 40.856405086197171 ], [ -73.889514903924393, 40.853211883661963 ], [ -73.883826677910477, 40.851497015633797 ], [ -73.881638898674382, 40.853330150422529 ], [ -73.880617935030841, 40.856937286619718 ], [ -73.877263340202106, 40.855399818732394 ], [ -73.868876853130331, 40.857232953521127 ], [ -73.870991706391905, 40.854394551267603 ], [ -73.871429262239133, 40.852265749577462 ], [ -73.871720966137289, 40.844164476478873 ], [ -73.870991706391905, 40.843100075633792 ], [ -73.867782963512269, 40.844874077042256 ], [ -73.863553256989107, 40.841266940845067 ], [ -73.864720072581704, 40.841030407323935 ], [ -73.863553256989107, 40.837778071408451 ], [ -73.864792998556226, 40.837659804647885 ], [ -73.862896923218258, 40.833461334647879 ], [ -73.872158521984517, 40.836299736901395 ], [ -73.880107453209064, 40.837364137746469 ], [ -73.881274268801675, 40.835117069295769 ], [ -73.882222306470666, 40.835471869577454 ], [ -73.885649827273909, 40.830682065774646 ], [ -73.891629757185981, 40.83269260070422 ], [ -73.892140239007745, 40.833638734788721 ], [ -73.893015350702186, 40.835649269718303 ], [ -73.896297019556371, 40.833579601408445 ], [ -73.901183059850354, 40.835412736197171 ], [ -73.900526726079519, 40.836595403802804 ], [ -73.905996174169843, 40.838487671971826 ], [ -73.910736362514768, 40.838960739014091 ], [ -73.911392696285603, 40.83789633816901 ], [ -73.913142919674485, 40.839788606338026 ], [ -73.911684400183745, 40.843868809577458 ], [ -73.914382661241632, 40.846470678309856 ], [ -73.915257772936059, 40.846825478591548 ], [ -73.922404518440743, 40.845228877323933 ], [ -73.927509336658346, 40.846470678309856 ], [ -73.924592297676838, 40.850610014929572 ], [ -73.923425482084255, 40.851851815915488 ], [ -73.923863037931483, 40.851378748873245 ], [ -73.92109185089906, 40.855104151830986 ], [ -73.921018924924525, 40.855222418591545 ], [ -73.920800147000904, 40.855577218873229 ], [ -73.91963333140832, 40.857173820140851 ], [ -73.919195775561093, 40.857646887183094 ], [ -73.918904071662936, 40.858001687464785 ], [ -73.918539441790259, 40.858297354366194 ], [ -73.91795603399396, 40.858947821549293 ], [ -73.914309735267096, 40.862554957746475 ], [ -73.913580475521712, 40.862200157464777 ], [ -73.912924141750878, 40.861963623943659 ] ] ] } },
{ "type": "Feature", "properties": { "id": "106", "GEOCODE": "106", "GEONAME": "High Bridge - Morrisania", "BOROUGH": "Bronx", "pop_est_total": 210627.05756620486, "pop_walk_est": 92422.611496266763, "pct_walk_accessible": 43.879742975195022, "UHF_CODE": "106", "UHF_NAME": "High Bridge - Morrisania", "GEOCODE_STR": "106" }, "geometry": { "type": "Polygon", "coordinates": [ [ [ -73.927509336658346, 40.846470678309856 ], [ -73.922404518440743, 40.845228877323933 ], [ -73.915257772936059, 40.846825478591548 ], [ -73.914382661241632, 40.846470678309856 ], [ -73.911684400183745, 40.843868809577458 ], [ -73.913142919674485, 40.839788606338026 ], [ -73.911392696285603, 40.83789633816901 ], [ -73.910736362514768, 40.838960739014091 ], [ -73.905996174169843, 40.838487671971826 ], [ -73.900526726079519, 40.836595403802804 ], [ -73.901183059850354, 40.835412736197171 ], [ -73.896297019556371, 40.833579601408445 ], [ -73.898703576716102, 40.83056379901408 ], [ -73.903589617010098, 40.818796256338025 ], [ -73.905339840398995, 40.817968389014084 ], [ -73.917518478146732, 40.821398125070417 ], [ -73.920508443102747, 40.814597786338027 ], [ -73.93188489513058, 40.807974847746479 ], [ -73.932687080850485, 40.811404583802805 ], [ -73.932249525003272, 40.819328456760566 ], [ -73.93283293279957, 40.826601862535206 ], [ -73.933853896443097, 40.833106534366188 ], [ -73.933124636697727, 40.83559013633802 ], [ -73.927509336658346, 40.846470678309856 ] ] ] } },
{ "type": "Feature", "properties": { "id": "107", "GEOCODE": "107", "GEONAME": "Hunts Point - Mott Haven", "BOROUGH": "Bronx", "pop_est_total": 141877.24209862019, "pop_walk_est": 86084.182274415754, "pct_walk_accessible": 60.675116742527202, "UHF_CODE": "107", "UHF_NAME": "Hunts Point - Mott Haven", "GEOCODE_STR": "107" }, "geometry": { "type": "Polygon", "coordinates": [ [ [ -73.896297019556371, 40.833579601408445 ], [ -73.893015350702186, 40.835649269718303 ], [ -73.892140239007745, 40.833638734788721 ], [ -73.891629757185981, 40.83269260070422 ], [ -73.885649827273909, 40.830682065774646 ], [ -73.882222306470666, 40.835471869577454 ], [ -73.881274268801675, 40.835117069295769 ], [ -73.881638898674382, 40.833165667746471 ], [ -73.883316196088728, 40.832988267605629 ], [ -73.884701789604932, 40.824886994507033 ], [ -73.883680825961392, 40.821575525211266 ], [ -73.881420120750747, 40.817968389014084 ], [ -73.878503081769253, 40.815780453943653 ], [ -73.872012670035417, 40.813415118732394 ], [ -73.868658075206724, 40.806555646619714 ], [ -73.87186681808636, 40.801588442676049 ], [ -73.873617041475256, 40.800997108873247 ], [ -73.878576007743803, 40.803007643802808 ], [ -73.884191307783155, 40.802002376338024 ], [ -73.887983458459118, 40.805077312112665 ], [ -73.890681719516991, 40.806378246478872 ], [ -73.894984352014703, 40.806555646619714 ], [ -73.902058171544809, 40.80596431281689 ], [ -73.905777396246222, 40.801706709436608 ], [ -73.911684400183745, 40.796680372112668 ], [ -73.915403624885158, 40.797330839295775 ], [ -73.918831145688387, 40.799104840704217 ], [ -73.922842074287956, 40.802298043239425 ], [ -73.92656129898937, 40.80212064309859 ], [ -73.931301487334295, 40.807265247183096 ], [ -73.93188489513058, 40.807915714366189 ], [ -73.93188489513058, 40.807974847746479 ], [ -73.920508443102747, 40.814597786338027 ], [ -73.917518478146732, 40.821398125070417 ], [ -73.905339840398995, 40.817968389014084 ], [ -73.903589617010098, 40.818796256338025 ], [ -73.898703576716102, 40.83056379901408 ], [ -73.896297019556371, 40.833579601408445 ] ] ] } },
{ "type": "Feature", "properties": { "id": "201", "GEOCODE": "201", "GEONAME": "Greenpoint", "BOROUGH": "Brooklyn", "pop_est_total": 152274.53748804022, "pop_walk_est": 99058.32228000318, "pct_walk_accessible": 65.052453229604012, "UHF_CODE": "201", "UHF_NAME": "Greenpoint", "GEOCODE_STR": "201" }, "geometry": { "type": "Polygon", "coordinates": [ [ [ -73.924008889880554, 40.714011906478866 ], [ -73.926342521065735, 40.714071039859149 ], [ -73.929624189919934, 40.714721507042249 ], [ -73.940636012075061, 40.711942238169016 ], [ -73.951137352408452, 40.710936970704218 ], [ -73.950189314739447, 40.70549669971831 ], [ -73.957408986218667, 40.700825162676047 ], [ -73.956971430371439, 40.698992027887321 ], [ -73.962805508334412, 40.698045893802814 ], [ -73.962149174563578, 40.700174695492954 ], [ -73.967253992781195, 40.704254898732394 ], [ -73.969077142144641, 40.707034167605634 ], [ -73.970316883711774, 40.709281236056334 ], [ -73.967764474602959, 40.716554641830982 ], [ -73.963461842105261, 40.723177580422536 ], [ -73.961857470665421, 40.724951581830986 ], [ -73.961930396639971, 40.726902983380285 ], [ -73.960253099225611, 40.729623118873228 ], [ -73.962295026512663, 40.731633653802817 ], [ -73.963024286258033, 40.736541724366191 ], [ -73.957044356345975, 40.739143593098582 ], [ -73.952595871899192, 40.739261859859155 ], [ -73.94216745754035, 40.735713857042249 ], [ -73.93968797440607, 40.731456253661975 ], [ -73.93757312114451, 40.729800519014077 ], [ -73.931739043181508, 40.728440451267595 ], [ -73.927801040556488, 40.726489049718296 ], [ -73.924154741829639, 40.720043511267598 ], [ -73.923060852211577, 40.717027708873232 ], [ -73.924008889880554, 40.714011906478866 ] ] ] } },
{ "type": "Feature", "properties": { "id": "202", "GEOCODE": "202", "GEONAME": "Downtown  - Heights - Slope", "BOROUGH": "Brooklyn", "pop_est_total": 268641.09250036854, "pop_walk_est": 108038.83029880399, "pct_walk_accessible": 40.216792335541804, "UHF_CODE": "202", "UHF_NAME": "Downtown  - Heights - Slope", "GEOCODE_STR": "202" }, "geometry": { "type": "Polygon", "coordinates": [ [ [ -73.969077142144641, 40.707034167605634 ], [ -73.967253992781195, 40.704254898732394 ], [ -73.962149174563578, 40.700174695492954 ], [ -73.962805508334412, 40.698045893802814 ], [ -73.956971430371439, 40.698992027887321 ], [ -73.953398057619111, 40.699405961549296 ], [ -73.951793686179286, 40.691363821830976 ], [ -73.951356130332059, 40.689116753380269 ], [ -73.95711728232051, 40.688466286197183 ], [ -73.957263134269581, 40.689175886760552 ], [ -73.972650514896969, 40.687461018732392 ], [ -73.971702477227979, 40.682671214929577 ], [ -73.970608587609931, 40.682257281267603 ], [ -73.972358810998799, 40.677467477464788 ], [ -73.970462735660831, 40.672559406901399 ], [ -73.97965140845254, 40.661264931267596 ], [ -73.975129998031221, 40.658722195915495 ], [ -73.977244851292824, 40.656179460563372 ], [ -73.979505556503454, 40.657480394929571 ], [ -73.981766261714128, 40.655233326478871 ], [ -73.988475451371571, 40.659254396338021 ], [ -73.990152748785931, 40.65759866169013 ], [ -73.994528307258165, 40.660259663802805 ], [ -73.991684194251192, 40.663038932676052 ], [ -73.995768048825298, 40.665522534647884 ], [ -73.995038789079928, 40.666527802112668 ], [ -73.997226568316051, 40.66918880422535 ], [ -73.998612161832256, 40.671435872676057 ], [ -73.998976791704933, 40.671435872676057 ], [ -74.000872867042901, 40.669070537464776 ], [ -74.005540129413305, 40.667533069577466 ], [ -74.005467203438769, 40.670962805633806 ], [ -74.011665911274449, 40.66510860098591 ], [ -74.01574976584854, 40.664576400563377 ], [ -74.0178646191101, 40.665877334929583 ], [ -74.01881265677909, 40.671081072394365 ], [ -74.017718767161043, 40.670962805633806 ], [ -74.016697803517516, 40.665463401267601 ], [ -74.012030541147126, 40.665581668028167 ], [ -74.010644947630922, 40.668952270704224 ], [ -74.011884689198055, 40.670430605211259 ], [ -74.017427063262886, 40.673446407605631 ], [ -74.019979472371702, 40.677053543802806 ], [ -74.019323138600868, 40.679655412535205 ], [ -74.007217426827665, 40.686869684929569 ], [ -74.003644054075338, 40.689944620704225 ], [ -73.996205604672511, 40.702953964366195 ], [ -73.992705157894733, 40.705555833098586 ], [ -73.990444452684059, 40.704846232535218 ], [ -73.978411666885421, 40.705733233239428 ], [ -73.977463629216416, 40.703308764647893 ], [ -73.974181960362245, 40.701239096338028 ], [ -73.97279636684604, 40.702658297464787 ], [ -73.969806401890011, 40.700174695492954 ], [ -73.96885836422102, 40.70165303 ], [ -73.973160996718732, 40.705674099859152 ], [ -73.969295920068248, 40.704964499295777 ], [ -73.969077142144641, 40.707034167605634 ] ] ] } },
{ "type": "Feature", "properties": { "id": "203", "GEOCODE": "203", "GEONAME": "Bedford Stuyvesant - Crown Heights", "BOROUGH": "Brooklyn", "pop_est_total": 353222.07549789676, "pop_walk_est": 121545.40289422762, "pct_walk_accessible": 34.410477522646048, "UHF_CODE": "203", "UHF_NAME": "Bedford Stuyvesant - Crown Heights", "GEOCODE_STR": "203" }, "geometry": { "type": "Polygon", "coordinates": [ [ [ -73.916059958655993, 40.686041817605627 ], [ -73.903516691035563, 40.678886678591546 ], [ -73.903516691035563, 40.675516075915489 ], [ -73.899214058537879, 40.659076996197179 ], [ -73.899068206588794, 40.657362128169005 ], [ -73.903152061162871, 40.655292459859155 ], [ -73.910736362514768, 40.65416892563379 ], [ -73.921383554797231, 40.654464592535206 ], [ -73.921748184669894, 40.654464592535206 ], [ -73.931593191232423, 40.663216332816894 ], [ -73.939906752329705, 40.6638668 ], [ -73.942823791311184, 40.662861532535203 ], [ -73.942532087413028, 40.665877334929583 ], [ -73.948074461477873, 40.666173001830984 ], [ -73.947709831605195, 40.669721004647883 ], [ -73.955294132957064, 40.670134938309857 ], [ -73.962586730410806, 40.671613272816899 ], [ -73.960909432996445, 40.663275466197184 ], [ -73.962878434308962, 40.663807666619718 ], [ -73.969295920068248, 40.672736807042249 ], [ -73.970462735660831, 40.672559406901399 ], [ -73.972358810998799, 40.677467477464788 ], [ -73.970608587609931, 40.682257281267603 ], [ -73.971702477227979, 40.682671214929577 ], [ -73.972650514896969, 40.687461018732392 ], [ -73.957263134269581, 40.689175886760552 ], [ -73.95711728232051, 40.688466286197183 ], [ -73.951356130332059, 40.689116753380269 ], [ -73.951793686179286, 40.691363821830976 ], [ -73.945667904318128, 40.692014289014075 ], [ -73.943917680929246, 40.683262548732394 ], [ -73.917883108019424, 40.686219217746469 ], [ -73.916059958655993, 40.686041817605627 ] ] ] } },
{ "type": "Feature", "properties": { "id": "204", "GEOCODE": "204", "GEONAME": "East New York", "BOROUGH": "Brooklyn", "pop_est_total": 201011.67532300504, "pop_walk_est": 49504.718920950865, "pct_walk_accessible": 24.62778285957862, "UHF_CODE": "204", "UHF_NAME": "East New York", "GEOCODE_STR": "204" }, "geometry": { "type": "Polygon", "coordinates": [ [ [ -73.860563292033078, 40.654760259436621 ], [ -73.860490366058542, 40.654641992676055 ], [ -73.863553256989107, 40.655824660281688 ], [ -73.865959814148852, 40.658840462676046 ], [ -73.873179485628029, 40.655765526901398 ], [ -73.874856783042389, 40.65759866169013 ], [ -73.8797428233364, 40.655588126760563 ], [ -73.873544115500721, 40.647013786619716 ], [ -73.873762893424328, 40.64689551985915 ], [ -73.875002634991446, 40.645180651830984 ], [ -73.878430155794717, 40.649319988450692 ], [ -73.87945111943823, 40.648846921408449 ], [ -73.882222306470666, 40.654523725915489 ], [ -73.886233235070222, 40.652749724507039 ], [ -73.884847641554003, 40.650798322957748 ], [ -73.887691754560961, 40.649201721690133 ], [ -73.891265127313289, 40.650029589014082 ], [ -73.892723646804058, 40.651389656760571 ], [ -73.894182166294769, 40.650384389295766 ], [ -73.897974316970732, 40.653814125352106 ], [ -73.898557724767031, 40.655824660281688 ], [ -73.899068206588794, 40.657362128169005 ], [ -73.899214058537879, 40.659076996197179 ], [ -73.903516691035563, 40.675516075915489 ], [ -73.903516691035563, 40.678886678591546 ], [ -73.916059958655993, 40.686041817605627 ], [ -73.908840287176773, 40.693374356760565 ], [ -73.903589617010098, 40.690417687746475 ], [ -73.902058171544809, 40.692014289014075 ], [ -73.900453800104998, 40.688170619295775 ], [ -73.901183059850354, 40.687874952394367 ], [ -73.896515797479978, 40.682434681408445 ], [ -73.894036314345712, 40.685154816901409 ], [ -73.892504868880422, 40.683380815492953 ], [ -73.889660755873479, 40.684267816197178 ], [ -73.887618828586426, 40.685982684225344 ], [ -73.883753751935942, 40.687874952394367 ], [ -73.879305267489158, 40.691245555070424 ], [ -73.874054597322484, 40.694202224084506 ], [ -73.868439297283089, 40.694675291126742 ], [ -73.868585149232175, 40.693906557183091 ], [ -73.866324444021515, 40.683203415352111 ], [ -73.86406373881087, 40.682375548028169 ], [ -73.863334479065486, 40.679064078732388 ], [ -73.862386441396509, 40.679182345492947 ], [ -73.860344514109457, 40.6712584725352 ], [ -73.857646253051584, 40.671672406197182 ], [ -73.855677251739067, 40.6638668 ], [ -73.858448438771475, 40.663452866338027 ], [ -73.857573327077048, 40.660082263661963 ], [ -73.863115701141879, 40.65824912887323 ], [ -73.862094737498353, 40.656829927746472 ], [ -73.860563292033078, 40.654760259436621 ] ] ] } },
{ "type": "Feature", "properties": { "id": "205", "GEOCODE": "205", "GEONAME": "Sunset Park", "BOROUGH": "Brooklyn", "pop_est_total": 115144.21610693098, "pop_walk_est": 36334.894987360036, "pct_walk_accessible": 31.555987973913432, "UHF_CODE": "205", "UHF_NAME": "Sunset Park", "GEOCODE_STR": "205" }, "geometry": { "type": "MultiPolygon", "coordinates": [ [ [ [ -73.998612161832256, 40.671435872676057 ], [ -73.997226568316051, 40.66918880422535 ], [ -73.995038789079928, 40.666527802112668 ], [ -73.995768048825298, 40.665522534647884 ], [ -73.991684194251192, 40.663038932676052 ], [ -73.994528307258165, 40.660259663802805 ], [ -73.990152748785931, 40.65759866169013 ], [ -73.988475451371571, 40.659254396338021 ], [ -73.981766261714128, 40.655233326478871 ], [ -73.980380668197924, 40.647664253802809 ], [ -73.989058859167869, 40.64411625098591 ], [ -73.994017825436387, 40.64707292 ], [ -74.012686874917961, 40.629037239014082 ], [ -74.016041469746682, 40.631047773943671 ], [ -74.016989507415673, 40.630515573521123 ], [ -74.016989507415673, 40.631639107746487 ], [ -74.026032328258296, 40.635778444366196 ], [ -74.035950260795374, 40.638794246760561 ], [ -74.040544597191229, 40.630042506478858 ], [ -74.041200930962063, 40.622118633521126 ], [ -74.040179967318537, 40.617151429577454 ], [ -74.037481706260664, 40.61289382619718 ], [ -74.034856371177312, 40.611415491690131 ], [ -74.035658556897218, 40.609168423239431 ], [ -74.037919262107906, 40.610824157887322 ], [ -74.040690449140286, 40.615200028028163 ], [ -74.042148968631054, 40.620935965915486 ], [ -74.042513598503717, 40.624661368873241 ], [ -74.041492634860219, 40.629687706197188 ], [ -74.037700484184271, 40.637611579154921 ], [ -74.035804408846303, 40.640686514929577 ], [ -74.036533668591673, 40.641455248873235 ], [ -74.033033221813866, 40.644884984929575 ], [ -74.030407886730544, 40.645417185352102 ], [ -74.03135592439952, 40.646658986338018 ], [ -74.029095219188861, 40.648787788028159 ], [ -74.025084290589319, 40.647013786619716 ], [ -74.024063326945793, 40.647605120422533 ], [ -74.025594772411054, 40.649733922112667 ], [ -74.023844549022158, 40.651567056901406 ], [ -74.024573808767542, 40.653577591830974 ], [ -74.017645841186521, 40.659609196619719 ], [ -74.015968543772132, 40.658603929154928 ], [ -74.013561986612416, 40.659963996901396 ], [ -74.014510024281378, 40.661560598169011 ], [ -74.009040576191083, 40.664103333521133 ], [ -74.005540129413305, 40.66221106535211 ], [ -74.005467203438769, 40.665581668028167 ], [ -74.000945793017451, 40.663038932676052 ], [ -73.999560199501246, 40.664339867042244 ], [ -74.002914794329968, 40.666409535352109 ], [ -73.999122643654019, 40.668893137323941 ], [ -73.998612161832256, 40.671435872676057 ] ] ], [ [ [ -74.005540129413305, 40.667533069577466 ], [ -74.000872867042901, 40.669070537464776 ], [ -73.998976791704933, 40.671435872676057 ], [ -74.000143607297545, 40.668597470422533 ], [ -74.005540129413305, 40.667533069577466 ] ] ] ] } },
{ "type": "Feature", "properties": { "id": "206", "GEOCODE": "206", "GEONAME": "Borough Park", "BOROUGH": "Brooklyn", "pop_est_total": 323630.97961180867, "pop_walk_est": 75282.900540804578, "pct_walk_accessible": 23.261957378464039, "UHF_CODE": "206", "UHF_NAME": "Borough Park", "GEOCODE_STR": "206" }, "geometry": { "type": "Polygon", "coordinates": [ [ [ -73.953616835542704, 40.610942424647888 ], [ -73.987308635778973, 40.607217021690133 ], [ -73.987308635778973, 40.608163155774648 ], [ -74.000872867042901, 40.61632356225352 ], [ -73.997299494290587, 40.619694164929584 ], [ -74.012686874917961, 40.629037239014082 ], [ -73.994017825436387, 40.64707292 ], [ -73.989058859167869, 40.64411625098591 ], [ -73.980380668197924, 40.647664253802809 ], [ -73.981766261714128, 40.655233326478871 ], [ -73.979505556503454, 40.657480394929571 ], [ -73.977244851292824, 40.656179460563372 ], [ -73.975129998031221, 40.658722195915495 ], [ -73.974181960362245, 40.65777606183098 ], [ -73.971410773329836, 40.648255587605632 ], [ -73.967910326552044, 40.649615655352108 ], [ -73.965357917443228, 40.636310644788722 ], [ -73.963972323927024, 40.633649642676055 ], [ -73.958357023887643, 40.636310644788722 ], [ -73.953616835542704, 40.610942424647888 ] ] ] } },
{ "type": "Feature", "properties": { "id": "207", "GEOCODE": "207", "GEONAME": "East Flatbush - Flatbush", "BOROUGH": "Brooklyn", "pop_est_total": 306531.71829062252, "pop_walk_est": 86639.320651761664, "pct_walk_accessible": 28.264390104523859, "UHF_CODE": "207", "UHF_NAME": "East Flatbush - Flatbush", "GEOCODE_STR": "207" }, "geometry": { "type": "Polygon", "coordinates": [ [ [ -73.970462735660831, 40.672559406901399 ], [ -73.969295920068248, 40.672736807042249 ], [ -73.962878434308962, 40.663807666619718 ], [ -73.960909432996445, 40.663275466197184 ], [ -73.962586730410806, 40.671613272816899 ], [ -73.955294132957064, 40.670134938309857 ], [ -73.947709831605195, 40.669721004647883 ], [ -73.948074461477873, 40.666173001830984 ], [ -73.942532087413028, 40.665877334929583 ], [ -73.942823791311184, 40.662861532535203 ], [ -73.939906752329705, 40.6638668 ], [ -73.931593191232423, 40.663216332816894 ], [ -73.921748184669894, 40.654464592535206 ], [ -73.921383554797231, 40.654464592535206 ], [ -73.920873072975454, 40.653577591830974 ], [ -73.919706257382842, 40.642697049859144 ], [ -73.926123743142128, 40.638143779577462 ], [ -73.934291452290324, 40.634181843098581 ], [ -73.933416340595869, 40.62590316985915 ], [ -73.936625083475519, 40.622414300422534 ], [ -73.939979678304226, 40.621172499436618 ], [ -73.944792792623701, 40.616087028732395 ], [ -73.950699796561224, 40.611238091549296 ], [ -73.953616835542704, 40.610942424647888 ], [ -73.958357023887643, 40.636310644788722 ], [ -73.963972323927024, 40.633649642676055 ], [ -73.965357917443228, 40.636310644788722 ], [ -73.967910326552044, 40.649615655352108 ], [ -73.971410773329836, 40.648255587605632 ], [ -73.974181960362245, 40.65777606183098 ], [ -73.975129998031221, 40.658722195915495 ], [ -73.97965140845254, 40.661264931267596 ], [ -73.970462735660831, 40.672559406901399 ] ] ] } },
{ "type": "Feature", "properties": { "id": "208", "GEOCODE": "208", "GEONAME": "Canarsie - Flatlands", "BOROUGH": "Brooklyn", "pop_est_total": 191847.63931393775, "pop_walk_est": 8238.1471632775138, "pct_walk_accessible": 4.2941092174695381, "UHF_CODE": "208", "UHF_NAME": "Canarsie - Flatlands", "GEOCODE_STR": "208" }, "geometry": { "type": "MultiPolygon", "coordinates": [ [ [ [ -73.899068206588794, 40.657362128169005 ], [ -73.898557724767031, 40.655824660281688 ], [ -73.897974316970732, 40.653814125352106 ], [ -73.894182166294769, 40.650384389295766 ], [ -73.892723646804058, 40.651389656760571 ], [ -73.891265127313289, 40.650029589014082 ], [ -73.887691754560961, 40.649201721690133 ], [ -73.884847641554003, 40.650798322957748 ], [ -73.886233235070222, 40.652749724507039 ], [ -73.882222306470666, 40.654523725915489 ], [ -73.87945111943823, 40.648846921408449 ], [ -73.878430155794717, 40.649319988450692 ], [ -73.875002634991446, 40.645180651830984 ], [ -73.873762893424328, 40.64689551985915 ], [ -73.868147593384961, 40.638321179718311 ], [ -73.868366371308554, 40.637375045633796 ], [ -73.87339826355165, 40.634595776760563 ], [ -73.87580482071138, 40.635778444366196 ], [ -73.87806552592204, 40.63447751 ], [ -73.88265986231788, 40.629924239718299 ], [ -73.88725419871372, 40.626139703380275 ], [ -73.889223200026251, 40.625607502957735 ], [ -73.889733681848014, 40.622828234084508 ], [ -73.891483905236896, 40.6218821 ], [ -73.896442871505428, 40.622709967323942 ], [ -73.897026279301741, 40.621586433098592 ], [ -73.887327124688284, 40.609523223521116 ], [ -73.891556831211446, 40.60928669 ], [ -73.898557724767031, 40.605206486760572 ], [ -73.898776502690637, 40.603905552394366 ], [ -73.884920567528539, 40.604733419718308 ], [ -73.875950672660451, 40.584214136760565 ], [ -73.879305267489158, 40.58037046704225 ], [ -73.887618828586426, 40.578123398591543 ], [ -73.896151167607286, 40.576881597605627 ], [ -73.901766467646667, 40.580843534084508 ], [ -73.905266914424445, 40.581967068309851 ], [ -73.903954246882776, 40.583031469154925 ], [ -73.899724540359614, 40.580311333661967 ], [ -73.89688042735267, 40.581198334366206 ], [ -73.896734575403585, 40.583031469154925 ], [ -73.900089170232306, 40.588530873521115 ], [ -73.904245950780933, 40.587111672394357 ], [ -73.909131991074943, 40.586638605352107 ], [ -73.910517584591133, 40.585278537605625 ], [ -73.913069993699963, 40.585692471267599 ], [ -73.911465622260124, 40.581316601126758 ], [ -73.913434623572641, 40.581494001267608 ], [ -73.915768254757836, 40.584450670281683 ], [ -73.929551263945385, 40.596809546760568 ], [ -73.928165670429195, 40.597814814225345 ], [ -73.933562192544954, 40.60272288478874 ], [ -73.929842967843541, 40.605029086619709 ], [ -73.933489266570419, 40.60834055591549 ], [ -73.93604167567922, 40.609523223521116 ], [ -73.93757312114451, 40.608517956056339 ], [ -73.939323344533406, 40.610173690704229 ], [ -73.944574014700095, 40.614786094366188 ], [ -73.944792792623701, 40.616087028732395 ], [ -73.939979678304226, 40.621172499436618 ], [ -73.936625083475519, 40.622414300422534 ], [ -73.933416340595869, 40.62590316985915 ], [ -73.934291452290324, 40.634181843098581 ], [ -73.926123743142128, 40.638143779577462 ], [ -73.919706257382842, 40.642697049859144 ], [ -73.920873072975454, 40.653577591830974 ], [ -73.921383554797231, 40.654464592535206 ], [ -73.910736362514768, 40.65416892563379 ], [ -73.903152061162871, 40.655292459859155 ], [ -73.899068206588794, 40.657362128169005 ] ] ], [ [ [ -73.873544115500721, 40.647013786619716 ], [ -73.8797428233364, 40.655588126760563 ], [ -73.874856783042389, 40.65759866169013 ], [ -73.873179485628029, 40.655765526901398 ], [ -73.865959814148852, 40.658840462676046 ], [ -73.863553256989107, 40.655824660281688 ], [ -73.860490366058542, 40.654641992676055 ], [ -73.859906958262229, 40.654109792253522 ], [ -73.859906958262229, 40.654050658873238 ], [ -73.85837551279694, 40.652690591126749 ], [ -73.856625289408058, 40.650088722394365 ], [ -73.85771917902612, 40.649379121830975 ], [ -73.858302586822418, 40.645180651830984 ], [ -73.863553256989107, 40.644234517746476 ], [ -73.865376406352524, 40.64506238507041 ], [ -73.869679038850236, 40.644589318028167 ], [ -73.872450225882673, 40.645358051971826 ], [ -73.873544115500721, 40.647013786619716 ] ] ] ] } },
{ "type": "Feature", "properties": { "id": "209", "GEOCODE": "209", "GEONAME": "Bensonhurst - Bay Ridge", "BOROUGH": "Brooklyn", "pop_est_total": 205247.2278731213, "pop_walk_est": 53999.882951671309, "pct_walk_accessible": 26.3096771202448, "UHF_CODE": "209", "UHF_NAME": "Bensonhurst - Bay Ridge", "GEOCODE_STR": "209" }, "geometry": { "type": "Polygon", "coordinates": [ [ [ -74.035658556897218, 40.609168423239431 ], [ -74.034856371177312, 40.611415491690131 ], [ -74.037481706260664, 40.61289382619718 ], [ -74.040179967318537, 40.617151429577454 ], [ -74.041200930962063, 40.622118633521126 ], [ -74.040544597191229, 40.630042506478858 ], [ -74.035950260795374, 40.638794246760561 ], [ -74.026032328258296, 40.635778444366196 ], [ -74.016989507415673, 40.631639107746487 ], [ -74.016989507415673, 40.630515573521123 ], [ -74.016041469746682, 40.631047773943671 ], [ -74.012686874917961, 40.629037239014082 ], [ -73.997299494290587, 40.619694164929584 ], [ -74.000872867042901, 40.61632356225352 ], [ -73.987308635778973, 40.608163155774648 ], [ -73.987308635778973, 40.607217021690133 ], [ -73.98286015133219, 40.58380020309859 ], [ -73.985777190313684, 40.581434867887324 ], [ -73.98745448772803, 40.58037046704225 ], [ -73.992340528022027, 40.581494001267608 ], [ -73.990663230607694, 40.584746337183091 ], [ -73.995913900774383, 40.582440135352108 ], [ -74.000143607297545, 40.583445402816892 ], [ -73.998466309883185, 40.585633337887316 ], [ -74.000508237170223, 40.58740733929578 ], [ -73.998028754035957, 40.588412606760564 ], [ -73.998539235857706, 40.590541408450704 ], [ -73.997080716366995, 40.591310142394356 ], [ -73.999195569628554, 40.592906743661977 ], [ -74.000945793017451, 40.59249281 ], [ -74.003425276151702, 40.596218212957751 ], [ -74.012030541147126, 40.600948883380283 ], [ -74.014801728179549, 40.60201328422535 ], [ -74.01881265677909, 40.602308951126759 ], [ -74.020052398346223, 40.603195951830983 ], [ -74.029313997112467, 40.604615152957741 ], [ -74.033981259482857, 40.607039621549291 ], [ -74.035658556897218, 40.609168423239431 ] ] ] } },
{ "type": "Feature", "properties": { "id": "210", "GEOCODE": "210", "GEONAME": "Coney Island - Sheepshead Bay", "BOROUGH": "Brooklyn", "pop_est_total": 288345.94310511125, "pop_walk_est": 30690.723651534503, "pct_walk_accessible": 10.643716128285101, "UHF_CODE": "210", "UHF_NAME": "Coney Island - Sheepshead Bay", "GEOCODE_STR": "210" }, "geometry": { "type": "Polygon", "coordinates": [ [ [ -73.944792792623701, 40.616087028732395 ], [ -73.944574014700095, 40.614786094366188 ], [ -73.939323344533406, 40.610173690704229 ], [ -73.93757312114451, 40.608517956056339 ], [ -73.93604167567922, 40.609523223521116 ], [ -73.933489266570419, 40.60834055591549 ], [ -73.929842967843541, 40.605029086619709 ], [ -73.933562192544954, 40.60272288478874 ], [ -73.928165670429195, 40.597814814225345 ], [ -73.929551263945385, 40.596809546760568 ], [ -73.915768254757836, 40.584450670281683 ], [ -73.919487479459264, 40.58380020309859 ], [ -73.925977891193071, 40.584273270140841 ], [ -73.931082709410674, 40.582794935633792 ], [ -73.935458267882922, 40.58326800267605 ], [ -73.948366165376029, 40.583445402816892 ], [ -73.953470983593647, 40.582972335774649 ], [ -73.953325131644576, 40.582026201690134 ], [ -73.949751758892234, 40.582321868591549 ], [ -73.944136458852867, 40.581316601126758 ], [ -73.932468302926907, 40.581139200985909 ], [ -73.931082709410674, 40.576112863661969 ], [ -73.934947786061159, 40.575284996338027 ], [ -73.943917680929246, 40.57575806338027 ], [ -73.952304168001049, 40.57416146211267 ], [ -73.954491947237159, 40.574516262394361 ], [ -73.964118175876095, 40.573747528450703 ], [ -73.972504662947898, 40.572623994225346 ], [ -73.977463629216416, 40.571500459999989 ], [ -73.98920471111694, 40.571263926478863 ], [ -73.990736156582216, 40.570613459295771 ], [ -73.997080716366995, 40.570495192535212 ], [ -74.011374207376292, 40.573984061971821 ], [ -74.012759800892482, 40.578537332253518 ], [ -74.010426169707287, 40.580429600422534 ], [ -74.000872867042901, 40.581494001267608 ], [ -73.999706051450318, 40.580725267323942 ], [ -73.987308635778973, 40.579069532676058 ], [ -73.985777190313684, 40.581434867887324 ], [ -73.98286015133219, 40.58380020309859 ], [ -73.987308635778973, 40.607217021690133 ], [ -73.953616835542704, 40.610942424647888 ], [ -73.950699796561224, 40.611238091549296 ], [ -73.944792792623701, 40.616087028732395 ] ] ] } },
{ "type": "Feature", "properties": { "id": "211", "GEOCODE": "211", "GEONAME": "Williamsburg - Bushwick", "BOROUGH": "Brooklyn", "pop_est_total": 227180.76753744739, "pop_walk_est": 78466.570867912829, "pct_walk_accessible": 34.539266557843092, "UHF_CODE": "211", "UHF_NAME": "Williamsburg - Bushwick", "GEOCODE_STR": "211" }, "geometry": { "type": "Polygon", "coordinates": [ [ [ -73.956971430371439, 40.698992027887321 ], [ -73.957408986218667, 40.700825162676047 ], [ -73.950189314739447, 40.70549669971831 ], [ -73.951137352408452, 40.710936970704218 ], [ -73.940636012075061, 40.711942238169016 ], [ -73.929624189919934, 40.714721507042249 ], [ -73.926342521065735, 40.714071039859149 ], [ -73.924008889880554, 40.714011906478866 ], [ -73.920800147000904, 40.71052303704225 ], [ -73.92189403661898, 40.709399502816908 ], [ -73.911830252132816, 40.703427031408438 ], [ -73.912851215776342, 40.702362630563371 ], [ -73.910736362514768, 40.701061696197186 ], [ -73.911830252132816, 40.699938161971822 ], [ -73.904245950780933, 40.695739691971831 ], [ -73.905850322220743, 40.694143090704223 ], [ -73.902058171544809, 40.692014289014075 ], [ -73.903589617010098, 40.690417687746475 ], [ -73.908840287176773, 40.693374356760565 ], [ -73.916059958655993, 40.686041817605627 ], [ -73.917883108019424, 40.686219217746469 ], [ -73.943917680929246, 40.683262548732394 ], [ -73.945667904318128, 40.692014289014075 ], [ -73.951793686179286, 40.691363821830976 ], [ -73.953398057619111, 40.699405961549296 ], [ -73.956971430371439, 40.698992027887321 ] ] ] } },
{ "type": "Feature", "properties": { "id": "301", "GEOCODE": "301", "GEONAME": "Washington Heights - Inwood", "BOROUGH": "Manhattan", "pop_est_total": 250353.0, "pop_walk_est": 153568.44575730001, "pct_walk_accessible": 61.340765142538743, "UHF_CODE": "301", "UHF_NAME": "Washington Heights - Inwood", "GEOCODE_STR": "301" }, "geometry": { "type": "MultiPolygon", "coordinates": [ [ [ [ -73.934510230213931, 40.83600406999998 ], [ -73.938739936737093, 40.83263346732393 ], [ -73.93968797440607, 40.829321998028163 ], [ -73.943844754954711, 40.823645193521124 ], [ -73.944865718598237, 40.824059127183098 ], [ -73.948074461477873, 40.817140521690135 ], [ -73.950918574484831, 40.818382322676044 ], [ -73.952304168001049, 40.817199655070418 ], [ -73.958867505709406, 40.819978923943658 ], [ -73.958138245964037, 40.822994726338017 ], [ -73.959523839480255, 40.823645193521124 ], [ -73.956315096600605, 40.827961930281681 ], [ -73.955075355033472, 40.827429729859148 ], [ -73.949751758892234, 40.835471869577454 ], [ -73.945959608216299, 40.844578410140834 ], [ -73.947053497834361, 40.850550881549296 ], [ -73.944719866649152, 40.851910949295771 ], [ -73.938083602966259, 40.859361755211268 ], [ -73.933124636697727, 40.866576027605632 ], [ -73.931520265257902, 40.873435499718305 ], [ -73.928457374327337, 40.877220036056336 ], [ -73.9225503703898, 40.87757483633802 ], [ -73.922404518440743, 40.874795567464787 ], [ -73.920727221026382, 40.873139832816896 ], [ -73.917518478146732, 40.874559033943655 ], [ -73.911465622260124, 40.873317232957746 ], [ -73.910590510565683, 40.872430232253521 ], [ -73.911903178107366, 40.867640428450692 ], [ -73.914966069037931, 40.863560225211259 ], [ -73.919487479459264, 40.858829554788727 ], [ -73.920508443102747, 40.859125221690128 ], [ -73.922039888568051, 40.855754619014085 ], [ -73.930134671741698, 40.844341876619708 ], [ -73.934510230213931, 40.83600406999998 ] ], [ [ -73.923863037931483, 40.851378748873245 ], [ -73.923425482084255, 40.851851815915488 ], [ -73.924592297676838, 40.850610014929572 ], [ -73.923863037931483, 40.851378748873245 ] ] ], [ [ [ -73.918904071662936, 40.858001687464785 ], [ -73.91795603399396, 40.858947821549293 ], [ -73.918539441790259, 40.858297354366194 ], [ -73.918904071662936, 40.858001687464785 ] ] ] ] } },
{ "type": "Feature", "properties": { "id": "302", "GEOCODE": "302", "GEONAME": "Central Harlem - Morningside Heights", "BOROUGH": "Manhattan", "pop_est_total": 174431.83090656649, "pop_walk_est": 88042.948667531105, "pct_walk_accessible": 50.474129755990958, "UHF_CODE": "302", "UHF_NAME": "Central Harlem - Morningside Heights", "GEOCODE_STR": "302" }, "geometry": { "type": "Polygon", "coordinates": [ [ [ -73.933926822417632, 40.808270514647887 ], [ -73.936698009450055, 40.808270514647887 ], [ -73.939906752329705, 40.809571449014072 ], [ -73.942750865336649, 40.805727779295765 ], [ -73.941146493896838, 40.805077312112665 ], [ -73.942969643260255, 40.802593710140833 ], [ -73.944574014700095, 40.803244177323933 ], [ -73.949241277070485, 40.7969169056338 ], [ -73.952522945924656, 40.798276973380283 ], [ -73.958211171938572, 40.800583175211266 ], [ -73.961055284945516, 40.801824976197189 ], [ -73.959305061556634, 40.806082579577463 ], [ -73.962003322614507, 40.805491245774647 ], [ -73.964847435621451, 40.80667391338028 ], [ -73.963899397952474, 40.807974847746479 ], [ -73.968274956424708, 40.809807982535219 ], [ -73.964191101850631, 40.815780453943653 ], [ -73.958138245964037, 40.822994726338017 ], [ -73.958867505709406, 40.819978923943658 ], [ -73.952304168001049, 40.817199655070418 ], [ -73.950918574484831, 40.818382322676044 ], [ -73.948074461477873, 40.817140521690135 ], [ -73.944865718598237, 40.824059127183098 ], [ -73.943844754954711, 40.823645193521124 ], [ -73.93968797440607, 40.829321998028163 ], [ -73.938739936737093, 40.83263346732393 ], [ -73.934510230213931, 40.83600406999998 ], [ -73.935239489959315, 40.832219533661963 ], [ -73.933853896443097, 40.818677989577459 ], [ -73.933926822417632, 40.808270514647887 ] ] ] } },
{ "type": "Feature", "properties": { "id": "303", "GEOCODE": "303", "GEONAME": "East Harlem", "BOROUGH": "Manhattan", "pop_est_total": 111330.63784343349, "pop_walk_est": 46565.934227178652, "pct_walk_accessible": 41.826702091355358, "UHF_CODE": "303", "UHF_NAME": "East Harlem", "GEOCODE_STR": "303" }, "geometry": { "type": "MultiPolygon", "coordinates": [ [ [ [ -73.949241277070485, 40.7969169056338 ], [ -73.944574014700095, 40.803244177323933 ], [ -73.942969643260255, 40.802593710140833 ], [ -73.941146493896838, 40.805077312112665 ], [ -73.942750865336649, 40.805727779295765 ], [ -73.939906752329705, 40.809571449014072 ], [ -73.936698009450055, 40.808270514647887 ], [ -73.933926822417632, 40.808270514647887 ], [ -73.930936857461603, 40.804781645211257 ], [ -73.9289678561491, 40.800878842112674 ], [ -73.929186634072707, 40.795379437746483 ], [ -73.93502071203568, 40.791713168169004 ], [ -73.939104566609771, 40.785799830140853 ], [ -73.943480125082033, 40.782606627605624 ], [ -73.955804614778827, 40.787928631830979 ], [ -73.949241277070485, 40.7969169056338 ] ] ], [ [ [ -73.915622402808765, 40.792008835070419 ], [ -73.921675258695359, 40.786213763802813 ], [ -73.923352556109705, 40.783434494929573 ], [ -73.926123743142128, 40.782902294507039 ], [ -73.927801040556488, 40.781069159718299 ], [ -73.935531193857443, 40.783493628309856 ], [ -73.935677045806528, 40.78562243 ], [ -73.93122856135976, 40.790530500563371 ], [ -73.927655188607432, 40.791890568309853 ], [ -73.92656129898937, 40.794492437042251 ], [ -73.926853002887512, 40.799991841408449 ], [ -73.925321557422222, 40.801943242957726 ], [ -73.922769148313421, 40.801943242957726 ], [ -73.920508443102747, 40.799400507605625 ], [ -73.914674365139774, 40.79579337140845 ], [ -73.914455587216153, 40.793014102535203 ], [ -73.915622402808765, 40.792008835070419 ] ] ] ] } },
{ "type": "Feature", "properties": { "id": "304", "GEOCODE": "304", "GEONAME": "Upper West Side", "BOROUGH": "Manhattan", "pop_est_total": 229567.53125, "pop_walk_est": 136338.34098310597, "pct_walk_accessible": 59.389209023044707, "UHF_CODE": "304", "UHF_NAME": "Upper West Side", "GEOCODE_STR": "304" }, "geometry": { "type": "Polygon", "coordinates": [ [ [ -73.968274956424708, 40.809807982535219 ], [ -73.963899397952474, 40.807974847746479 ], [ -73.964847435621451, 40.80667391338028 ], [ -73.962003322614507, 40.805491245774647 ], [ -73.959305061556634, 40.806082579577463 ], [ -73.961055284945516, 40.801824976197189 ], [ -73.958211171938572, 40.800583175211266 ], [ -73.981693335739607, 40.768414616338028 ], [ -73.982422595484962, 40.76740934887323 ], [ -73.984756226670157, 40.769242483661962 ], [ -73.993361491665567, 40.772731353098592 ], [ -73.995913900774383, 40.774032287464777 ], [ -73.993434417640088, 40.773795753943659 ], [ -73.981912113663199, 40.790589633943661 ], [ -73.968274956424708, 40.809807982535219 ] ] ] } },
{ "type": "Feature", "properties": { "id": "305", "GEOCODE": "305", "GEONAME": "Upper East Side", "BOROUGH": "Manhattan", "pop_est_total": 210230.62270474181, "pop_walk_est": 177766.23740380217, "pct_walk_accessible": 84.557727659621591, "UHF_CODE": "305", "UHF_NAME": "Upper East Side", "GEOCODE_STR": "305" }, "geometry": { "type": "MultiPolygon", "coordinates": [ [ [ [ -73.958284097913094, 40.7587758753521 ], [ -73.972577588922434, 40.764925746901405 ], [ -73.955804614778827, 40.787928631830979 ], [ -73.943480125082033, 40.782606627605624 ], [ -73.94362597703109, 40.780300425774648 ], [ -73.9422403835149, 40.776575022816893 ], [ -73.942750865336649, 40.77480102140845 ], [ -73.946397164063512, 40.771430418732393 ], [ -73.951574908255679, 40.764984880281681 ], [ -73.958284097913094, 40.7587758753521 ] ] ], [ [ [ -73.959888469352933, 40.750556335492952 ], [ -73.960253099225611, 40.75203467 ], [ -73.951866612153808, 40.761259477323939 ], [ -73.946688867961669, 40.768000682676053 ], [ -73.94216745754035, 40.772021752535203 ], [ -73.940198456227833, 40.77089821830986 ], [ -73.942896717285734, 40.768296349577462 ], [ -73.952522945924656, 40.757120140704224 ], [ -73.959888469352933, 40.750556335492952 ] ] ] ] } },
{ "type": "Feature", "properties": { "id": "306", "GEOCODE": "306", "GEONAME": "Chelsea - Clinton", "BOROUGH": "Manhattan", "pop_est_total": 159900.52514150625, "pop_walk_est": 137601.86223181008, "pct_walk_accessible": 86.054665617912974, "UHF_CODE": "306", "UHF_NAME": "Chelsea - Clinton", "GEOCODE_STR": "306" }, "geometry": { "type": "Polygon", "coordinates": [ [ [ -73.995913900774383, 40.774032287464777 ], [ -73.993361491665567, 40.772731353098592 ], [ -73.984756226670157, 40.769242483661962 ], [ -73.982422595484962, 40.76740934887323 ], [ -73.981693335739607, 40.768414616338028 ], [ -73.98140163184145, 40.767823282535204 ], [ -73.973598552565946, 40.764570946619713 ], [ -73.972577588922434, 40.764925746901405 ], [ -73.988183747473428, 40.743460329859154 ], [ -73.9914654163276, 40.744820397605622 ], [ -73.994163677385473, 40.741035861267598 ], [ -73.990954934505837, 40.739675793521123 ], [ -73.996934864417895, 40.731397120281677 ], [ -73.996570234545217, 40.729563985492959 ], [ -74.000945793017451, 40.7316927871831 ], [ -73.999560199501246, 40.733644188732391 ], [ -74.00247723848274, 40.739734926901399 ], [ -74.009332280089254, 40.742632462535212 ], [ -74.00853009436932, 40.748486667183087 ], [ -74.009988613860088, 40.748900600845069 ], [ -74.008092538522092, 40.753335604366193 ], [ -74.001237496915607, 40.762856078591547 ], [ -73.998758013781327, 40.764689213380279 ], [ -73.996351456621596, 40.770070350985911 ], [ -73.99387197348733, 40.772849619859151 ], [ -73.995913900774383, 40.774032287464777 ] ] ] } },
{ "type": "Feature", "properties": { "id": "307", "GEOCODE": "307", "GEONAME": "Gramercy Park -  Murray Hill", "BOROUGH": "Manhattan", "pop_est_total": 128703.90028223407, "pop_walk_est": 107811.17140334019, "pct_walk_accessible": 83.766825377414108, "UHF_CODE": "307", "UHF_NAME": "Gramercy Park -  Murray Hill", "GEOCODE_STR": "307" }, "geometry": { "type": "Polygon", "coordinates": [ [ [ -73.973598552565946, 40.731988454084508 ], [ -73.984537448746551, 40.736955658028158 ], [ -73.984099892899323, 40.737546991830982 ], [ -73.989788118913225, 40.739143593098582 ], [ -73.990954934505837, 40.739675793521123 ], [ -73.994163677385473, 40.741035861267598 ], [ -73.9914654163276, 40.744820397605622 ], [ -73.988183747473428, 40.743460329859154 ], [ -73.972577588922434, 40.764925746901405 ], [ -73.958284097913094, 40.7587758753521 ], [ -73.967181066806646, 40.748545800563377 ], [ -73.971629551253443, 40.74304639619718 ], [ -73.972504662947898, 40.739734926901399 ], [ -73.972140033075192, 40.735713857042249 ], [ -73.973963182438638, 40.7339398556338 ], [ -73.973598552565946, 40.731988454084508 ] ] ] } },
{ "type": "Feature", "properties": { "id": "308", "GEOCODE": "308", "GEONAME": "Greenwich Village - Soho", "BOROUGH": "Manhattan", "pop_est_total": 79574.666938017835, "pop_walk_est": 71297.097342141962, "pct_walk_accessible": 89.597732652373622, "UHF_CODE": "308", "UHF_NAME": "Greenwich Village - Soho", "GEOCODE_STR": "308" }, "geometry": { "type": "Polygon", "coordinates": [ [ [ -74.009332280089254, 40.742632462535212 ], [ -74.00247723848274, 40.739734926901399 ], [ -73.999560199501246, 40.733644188732391 ], [ -74.000945793017451, 40.7316927871831 ], [ -73.996570234545217, 40.729563985492959 ], [ -73.991538342302121, 40.727139516901403 ], [ -73.99547634492717, 40.717264242394364 ], [ -73.997518272214194, 40.714011906478866 ], [ -73.998539235857706, 40.713420572676057 ], [ -74.004592091744314, 40.716258974929573 ], [ -74.006706945005902, 40.716554641830982 ], [ -74.007946686573035, 40.714958040563381 ], [ -74.012905652841582, 40.717205109014081 ], [ -74.012978578816117, 40.71915651056338 ], [ -74.011374207376292, 40.728263051126753 ], [ -74.014364172332321, 40.728617851408451 ], [ -74.014072468434165, 40.730687519718309 ], [ -74.0111554294527, 40.730450986197184 ], [ -74.010426169707287, 40.739143593098582 ], [ -74.009332280089254, 40.742632462535212 ] ] ] } },
{ "type": "Feature", "properties": { "id": "309", "GEOCODE": "309", "GEONAME": "Union Square - Lower East Side", "BOROUGH": "Manhattan", "pop_est_total": 165660.46190191302, "pop_walk_est": 78660.964696055133, "pct_walk_accessible": 47.483246028029313, "UHF_CODE": "309", "UHF_NAME": "Union Square - Lower East Side", "GEOCODE_STR": "309" }, "geometry": { "type": "Polygon", "coordinates": [ [ [ -73.990954934505837, 40.739675793521123 ], [ -73.989788118913225, 40.739143593098582 ], [ -73.984099892899323, 40.737546991830982 ], [ -73.984537448746551, 40.736955658028158 ], [ -73.973598552565946, 40.731988454084508 ], [ -73.971264921380737, 40.729268318591544 ], [ -73.972723440871491, 40.721167045492955 ], [ -73.975859257776605, 40.713479706056333 ], [ -73.978119962987265, 40.710759570563376 ], [ -73.981255779892351, 40.709813436478868 ], [ -73.989569340989632, 40.708867302394367 ], [ -73.991902972174827, 40.709517769577459 ], [ -73.99605975272344, 40.709162969295775 ], [ -73.997518272214194, 40.714011906478866 ], [ -73.99547634492717, 40.717264242394364 ], [ -73.991538342302121, 40.727139516901403 ], [ -73.996570234545217, 40.729563985492959 ], [ -73.996934864417895, 40.731397120281677 ], [ -73.990954934505837, 40.739675793521123 ] ] ] } },
{ "type": "Feature", "properties": { "id": "310", "GEOCODE": "310", "GEONAME": "Lower Manhattan", "BOROUGH": "Manhattan", "pop_est_total": 61246.823031587031, "pop_walk_est": 61246.823031587031, "pct_walk_accessible": 100.0, "UHF_CODE": "310", "UHF_NAME": "Lower Manhattan", "GEOCODE_STR": "310" }, "geometry": { "type": "MultiPolygon", "coordinates": [ [ [ [ -74.012978578816117, 40.71915651056338 ], [ -74.012905652841582, 40.717205109014081 ], [ -74.007946686573035, 40.714958040563381 ], [ -74.006706945005902, 40.716554641830982 ], [ -74.004592091744314, 40.716258974929573 ], [ -73.998539235857706, 40.713420572676057 ], [ -73.997518272214194, 40.714011906478866 ], [ -73.99605975272344, 40.709162969295775 ], [ -73.991902972174827, 40.709517769577459 ], [ -73.997591198188715, 40.708630768873242 ], [ -74.002841868355418, 40.705851499999987 ], [ -74.005977685260518, 40.703367898028169 ], [ -74.011374207376292, 40.700647762535212 ], [ -74.015530987924919, 40.700292962253521 ], [ -74.018083397033735, 40.70319049788732 ], [ -74.017208285339279, 40.704787099154927 ], [ -74.019177286651768, 40.704787099154927 ], [ -74.017791693135578, 40.712060504929575 ], [ -74.017937545084649, 40.715017173943657 ], [ -74.016843655466587, 40.71962957760563 ], [ -74.012978578816117, 40.71915651056338 ] ] ], [ [ [ -74.016260247670289, 40.69325609 ], [ -74.01254102296889, 40.6913046884507 ], [ -74.012395171019804, 40.689353286901401 ], [ -74.023261141225873, 40.684208682816902 ], [ -74.026469884105509, 40.685332217042244 ], [ -74.026032328258296, 40.686337484507042 ], [ -74.020198250295309, 40.691955155633799 ], [ -74.019760694448067, 40.692960423098583 ], [ -74.016260247670289, 40.69325609 ] ] ] ] } },
{ "type": "Feature", "properties": { "id": "401", "GEOCODE": "401", "GEONAME": "Long Island City - Astoria", "BOROUGH": "Queens", "pop_est_total": 212127.46142350079, "pop_walk_est": 52706.618830965243, "pct_walk_accessible": 24.846674012535974, "UHF_CODE": "401", "UHF_NAME": "Long Island City - Astoria", "GEOCODE_STR": "401" }, "geometry": { "type": "Polygon", "coordinates": [ [ [ -73.902058171544809, 40.780123025633799 ], [ -73.895786537734608, 40.781305693239425 ], [ -73.8928694987531, 40.777166356619709 ], [ -73.893671684473006, 40.774209687605634 ], [ -73.903443765061027, 40.765931014366195 ], [ -73.909861250820313, 40.757948008028166 ], [ -73.912632437852736, 40.755937473098591 ], [ -73.913507549547163, 40.753513004507035 ], [ -73.910736362514768, 40.752980804084501 ], [ -73.909423694973071, 40.750615468873228 ], [ -73.91015295471847, 40.748486667183087 ], [ -73.914674365139774, 40.749018867605628 ], [ -73.915914106706907, 40.742691595915481 ], [ -73.916862144375898, 40.742809862676054 ], [ -73.923060852211577, 40.740444527464788 ], [ -73.923863037931483, 40.735536456901407 ], [ -73.926634224963905, 40.730332719436618 ], [ -73.931739043181508, 40.728440451267595 ], [ -73.93757312114451, 40.729800519014077 ], [ -73.93968797440607, 40.731456253661975 ], [ -73.94216745754035, 40.735713857042249 ], [ -73.952595871899192, 40.739261859859155 ], [ -73.957044356345975, 40.739143593098582 ], [ -73.963024286258033, 40.736541724366191 ], [ -73.961346988843673, 40.743874263521114 ], [ -73.957481912193188, 40.748900600845069 ], [ -73.951283204357509, 40.755464406056326 ], [ -73.943771828980161, 40.764630079999989 ], [ -73.940563086100525, 40.767586749014086 ], [ -73.936552157500984, 40.769833817464793 ], [ -73.935239489959315, 40.771726085633794 ], [ -73.938010676991709, 40.772553952957743 ], [ -73.938375306864415, 40.774623621267601 ], [ -73.935239489959315, 40.778112490704224 ], [ -73.93188489513058, 40.778289890845066 ], [ -73.931811969156058, 40.77704808985915 ], [ -73.928019818480095, 40.776752422957735 ], [ -73.916351662554121, 40.78662769746478 ], [ -73.907235915736976, 40.780418692535214 ], [ -73.903589617010098, 40.780241292394358 ], [ -73.902058171544809, 40.780123025633799 ] ] ] } },
{ "type": "Feature", "properties": { "id": "402", "GEOCODE": "402", "GEONAME": "West Queens", "BOROUGH": "Queens", "pop_est_total": 455153.00104036683, "pop_walk_est": 127725.25459966713, "pct_walk_accessible": 28.062048214055245, "UHF_CODE": "402", "UHF_NAME": "West Queens", "GEOCODE_STR": "402" }, "geometry": { "type": "MultiPolygon", "coordinates": [ [ [ [ -73.863042775167344, 40.766818015070413 ], [ -73.859761106313158, 40.762796945211257 ], [ -73.855166769917304, 40.76043161 ], [ -73.850426581572378, 40.759603742676049 ], [ -73.846196875049202, 40.761436877464789 ], [ -73.842550576322353, 40.764630079999989 ], [ -73.839341833442703, 40.765044013661971 ], [ -73.837226980181129, 40.762619545070422 ], [ -73.838831351620939, 40.757534074366191 ], [ -73.837956239926484, 40.754518271971833 ], [ -73.842696428271424, 40.754222605070417 ], [ -73.851885101063132, 40.752803403943652 ], [ -73.851301693266834, 40.749965001690136 ], [ -73.854437510171934, 40.748959734225352 ], [ -73.850061951699701, 40.740562794225347 ], [ -73.845540541278382, 40.739912327042248 ], [ -73.849551469877937, 40.738020058873246 ], [ -73.864428368683548, 40.7339398556338 ], [ -73.867564185588677, 40.733998989014083 ], [ -73.871429262239133, 40.729268318591544 ], [ -73.873689967449778, 40.730450986197184 ], [ -73.879524045412765, 40.728617851408451 ], [ -73.887181272739198, 40.72755345056337 ], [ -73.887108346764663, 40.72530638211267 ], [ -73.88900442210263, 40.724833315070413 ], [ -73.886452012993814, 40.721640112535212 ], [ -73.902860357264714, 40.713834506338024 ], [ -73.902933283239264, 40.712829238873233 ], [ -73.924008889880554, 40.714011906478866 ], [ -73.923060852211577, 40.717027708873232 ], [ -73.924154741829639, 40.720043511267598 ], [ -73.927801040556488, 40.726489049718296 ], [ -73.931739043181508, 40.728440451267595 ], [ -73.926634224963905, 40.730332719436618 ], [ -73.923863037931483, 40.735536456901407 ], [ -73.923060852211577, 40.740444527464788 ], [ -73.916862144375898, 40.742809862676054 ], [ -73.915914106706907, 40.742691595915481 ], [ -73.914674365139774, 40.749018867605628 ], [ -73.91015295471847, 40.748486667183087 ], [ -73.909423694973071, 40.750615468873228 ], [ -73.910736362514768, 40.752980804084501 ], [ -73.913507549547163, 40.753513004507035 ], [ -73.912632437852736, 40.755937473098591 ], [ -73.909861250820313, 40.757948008028166 ], [ -73.903443765061027, 40.765931014366195 ], [ -73.893671684473006, 40.774209687605634 ], [ -73.889660755873479, 40.773086153380277 ], [ -73.889441977949843, 40.77302702 ], [ -73.887691754560961, 40.767231948732388 ], [ -73.884701789604932, 40.767823282535204 ], [ -73.877336266176655, 40.771430418732393 ], [ -73.874273375246091, 40.772199152676052 ], [ -73.869606112875701, 40.771312151971827 ], [ -73.863042775167344, 40.766818015070413 ] ] ], [ [ [ -73.887837606510033, 40.79821784 ], [ -73.883899603885027, 40.795438571126752 ], [ -73.878648933718324, 40.794433303661968 ], [ -73.874200449271555, 40.791890568309853 ], [ -73.871064632366455, 40.788697365774645 ], [ -73.871283410290062, 40.786982497746479 ], [ -73.873689967449778, 40.786154630422523 ], [ -73.879013563591002, 40.785740696760563 ], [ -73.88900442210263, 40.787396431408453 ], [ -73.890317089644313, 40.790293967042253 ], [ -73.89192146108411, 40.790353100422536 ], [ -73.892286090956802, 40.79236363535211 ], [ -73.890390015618834, 40.797863039718308 ], [ -73.887837606510033, 40.79821784 ] ] ] ] } },
{ "type": "Feature", "properties": { "id": "403", "GEOCODE": "403", "GEONAME": "Flushing - Clearview", "BOROUGH": "Queens", "pop_est_total": 258397.7757691998, "pop_walk_est": 32745.627409298293, "pct_walk_accessible": 12.672565509444091, "UHF_CODE": "403", "UHF_NAME": "Flushing - Clearview", "GEOCODE_STR": "403" }, "geometry": { "type": "Polygon", "coordinates": [ [ [ -73.76459270954193, 40.773795753943659 ], [ -73.767728526447044, 40.775214955070417 ], [ -73.772760418690098, 40.773914020704233 ], [ -73.773270900511875, 40.775806288873241 ], [ -73.775166975849842, 40.775333221830984 ], [ -73.774802345977164, 40.773677487183093 ], [ -73.77881327457672, 40.772790486478861 ], [ -73.789314614910097, 40.769715550704213 ], [ -73.785230760336006, 40.76226474478873 ], [ -73.784136870717944, 40.759012408873232 ], [ -73.780053016143839, 40.752507737042244 ], [ -73.78121983173645, 40.751502469577467 ], [ -73.792304579866126, 40.748486667183087 ], [ -73.794784063000392, 40.748427533802811 ], [ -73.796461360414753, 40.74990586830986 ], [ -73.797992805880028, 40.748723200704227 ], [ -73.802805920199489, 40.749078000985904 ], [ -73.81009851765323, 40.742277662253521 ], [ -73.810317295576837, 40.738847926197181 ], [ -73.815057483921777, 40.739261859859155 ], [ -73.825485898280618, 40.742691595915481 ], [ -73.835987238613995, 40.743755996760569 ], [ -73.838612573697333, 40.741745461830973 ], [ -73.836935276282972, 40.739912327042248 ], [ -73.837956239926484, 40.735950390563374 ], [ -73.844957133482083, 40.736482590985908 ], [ -73.845540541278382, 40.739912327042248 ], [ -73.850061951699701, 40.740562794225347 ], [ -73.854437510171934, 40.748959734225352 ], [ -73.851301693266834, 40.749965001690136 ], [ -73.851885101063132, 40.752803403943652 ], [ -73.842696428271424, 40.754222605070417 ], [ -73.837956239926484, 40.754518271971833 ], [ -73.838831351620939, 40.757534074366191 ], [ -73.837226980181129, 40.762619545070422 ], [ -73.83977938928993, 40.76610841450703 ], [ -73.844227873736713, 40.765457947323931 ], [ -73.847728320514506, 40.767054548591545 ], [ -73.849551469877937, 40.769774684084503 ], [ -73.848676358183482, 40.773618353802817 ], [ -73.849332691954316, 40.782488360845058 ], [ -73.85538554784091, 40.782192693943657 ], [ -73.858083808898783, 40.783730161830981 ], [ -73.85932355046593, 40.785858963521122 ], [ -73.856625289408058, 40.786745964225346 ], [ -73.854437510171934, 40.790293967042253 ], [ -73.852614360808488, 40.791121834366194 ], [ -73.85370825042655, 40.793960236619711 ], [ -73.852614360808488, 40.794610703802817 ], [ -73.849259765979767, 40.793368902816901 ], [ -73.848822210132553, 40.79526117098591 ], [ -73.846269801023738, 40.796148171690142 ], [ -73.844592503609391, 40.794906370704219 ], [ -73.840581575009836, 40.796798638873227 ], [ -73.838393795773726, 40.796798638873227 ], [ -73.836497720435759, 40.792481902112677 ], [ -73.837008202257493, 40.789584366478863 ], [ -73.833434829505165, 40.78846083225352 ], [ -73.832122161963497, 40.790116566901403 ], [ -73.828257085313027, 40.792541035492945 ], [ -73.829205122982017, 40.796443838591543 ], [ -73.82402737878985, 40.797803906338025 ], [ -73.819870598241224, 40.800878842112674 ], [ -73.81308848260926, 40.7969169056338 ], [ -73.811994592991198, 40.797981306478867 ], [ -73.81009851765323, 40.796680372112668 ], [ -73.803170550072167, 40.796680372112668 ], [ -73.795075766898535, 40.794965504084502 ], [ -73.794929914949449, 40.791713168169004 ], [ -73.793544321433259, 40.788993032676046 ], [ -73.790189726604524, 40.790175700281686 ], [ -73.784428574616072, 40.790116566901403 ], [ -73.781876165507285, 40.790648767323944 ], [ -73.781073979787365, 40.794374170281678 ], [ -73.782022017456356, 40.795911638169002 ], [ -73.778084014831336, 40.796798638873227 ], [ -73.77553160572252, 40.795615971267594 ], [ -73.772395788817434, 40.791594901408445 ], [ -73.77086434335213, 40.788519965633796 ], [ -73.77414601220633, 40.786686830845063 ], [ -73.767509748523423, 40.779413425070416 ], [ -73.76459270954193, 40.773795753943659 ] ] ] } },
{ "type": "Feature", "properties": { "id": "404", "GEOCODE": "404", "GEONAME": "Bayside - Little Neck", "BOROUGH": "Queens", "pop_est_total": 91243.25447788529, "pop_walk_est": 0.0, "pct_walk_accessible": 0.0, "UHF_CODE": "404", "UHF_NAME": "Bayside - Little Neck", "GEOCODE_STR": "404" }, "geometry": { "type": "Polygon", "coordinates": [ [ [ -73.713252823467641, 40.759662876056339 ], [ -73.713471601391262, 40.759603742676049 ], [ -73.71704497414359, 40.759308075774648 ], [ -73.721201754692203, 40.756883607183099 ], [ -73.722951978081113, 40.75309907084506 ], [ -73.72703583265519, 40.751147669295776 ], [ -73.731921872949201, 40.743342063098588 ], [ -73.739141544428406, 40.739734926901399 ], [ -73.741548101588137, 40.736955658028158 ], [ -73.746579993831205, 40.735772990422525 ], [ -73.770135083606775, 40.731751920563376 ], [ -73.772833344664647, 40.73624605746479 ], [ -73.778302792754943, 40.748723200704227 ], [ -73.779761312245682, 40.751916403239434 ], [ -73.78121983173645, 40.751502469577467 ], [ -73.780053016143839, 40.752507737042244 ], [ -73.784136870717944, 40.759012408873232 ], [ -73.785230760336006, 40.76226474478873 ], [ -73.789314614910097, 40.769715550704213 ], [ -73.77881327457672, 40.772790486478861 ], [ -73.774802345977164, 40.773677487183093 ], [ -73.775166975849842, 40.775333221830984 ], [ -73.773270900511875, 40.775806288873241 ], [ -73.772760418690098, 40.773914020704233 ], [ -73.767728526447044, 40.775214955070417 ], [ -73.76459270954193, 40.773795753943659 ], [ -73.758539853655336, 40.767527615633796 ], [ -73.753216257514111, 40.765517080704214 ], [ -73.755695740648378, 40.771489552112676 ], [ -73.753507961412254, 40.772613086338026 ], [ -73.755185258826614, 40.776456756056326 ], [ -73.754310147132173, 40.779590825211272 ], [ -73.750809700354381, 40.782902294507039 ], [ -73.734036726210789, 40.772376552816894 ], [ -73.728713130069551, 40.769419883802804 ], [ -73.713252823467641, 40.759662876056339 ] ] ] } },
{ "type": "Feature", "properties": { "id": "405", "GEOCODE": "405", "GEONAME": "Ridgewood - Forest Hills", "BOROUGH": "Queens", "pop_est_total": 262561.46383419965, "pop_walk_est": 52834.057131857611, "pct_walk_accessible": 20.122548206549027, "UHF_CODE": "405", "UHF_NAME": "Ridgewood - Forest Hills", "GEOCODE_STR": "405" }, "geometry": { "type": "Polygon", "coordinates": [ [ [ -73.826361009975059, 40.715312840845058 ], [ -73.831247050269042, 40.714425840140841 ], [ -73.836133090563067, 40.71182397140845 ], [ -73.834018237301464, 40.71004997 ], [ -73.838029165901034, 40.70662023394366 ], [ -73.836935276282972, 40.704195765352111 ], [ -73.845030059456619, 40.699346828169013 ], [ -73.848749284158004, 40.698400694084505 ], [ -73.850937063394127, 40.700766029295771 ], [ -73.854145806273792, 40.700766029295771 ], [ -73.852760212757573, 40.697572826760563 ], [ -73.868439297283089, 40.694675291126742 ], [ -73.874054597322484, 40.694202224084506 ], [ -73.879305267489158, 40.691245555070424 ], [ -73.883753751935942, 40.687874952394367 ], [ -73.887618828586426, 40.685982684225344 ], [ -73.889660755873479, 40.684267816197178 ], [ -73.892504868880422, 40.683380815492953 ], [ -73.894036314345712, 40.685154816901409 ], [ -73.896515797479978, 40.682434681408445 ], [ -73.901183059850354, 40.687874952394367 ], [ -73.900453800104998, 40.688170619295775 ], [ -73.902058171544809, 40.692014289014075 ], [ -73.905850322220743, 40.694143090704223 ], [ -73.904245950780933, 40.695739691971831 ], [ -73.911830252132816, 40.699938161971822 ], [ -73.910736362514768, 40.701061696197186 ], [ -73.912851215776342, 40.702362630563371 ], [ -73.911830252132816, 40.703427031408438 ], [ -73.92189403661898, 40.709399502816908 ], [ -73.920800147000904, 40.71052303704225 ], [ -73.924008889880554, 40.714011906478866 ], [ -73.902933283239264, 40.712829238873233 ], [ -73.902860357264714, 40.713834506338024 ], [ -73.886452012993814, 40.721640112535212 ], [ -73.88900442210263, 40.724833315070413 ], [ -73.887108346764663, 40.72530638211267 ], [ -73.887181272739198, 40.72755345056337 ], [ -73.879524045412765, 40.728617851408451 ], [ -73.873689967449778, 40.730450986197184 ], [ -73.871429262239133, 40.729268318591544 ], [ -73.867564185588677, 40.733998989014083 ], [ -73.864428368683548, 40.7339398556338 ], [ -73.849551469877937, 40.738020058873246 ], [ -73.845540541278382, 40.739912327042248 ], [ -73.844957133482083, 40.736482590985908 ], [ -73.843571539965865, 40.7332893884507 ], [ -73.837737462002877, 40.726725583239428 ], [ -73.835476756792218, 40.727021250140844 ], [ -73.836497720435759, 40.723532380704214 ], [ -73.835549682766768, 40.721935779436606 ], [ -73.831101198319985, 40.717382509154923 ], [ -73.829642678829231, 40.714839773802815 ], [ -73.826361009975059, 40.715312840845058 ] ] ] } },
{ "type": "Feature", "properties": { "id": "406", "GEOCODE": "406", "GEONAME": "Fresh Meadows", "BOROUGH": "Queens", "pop_est_total": 96926.728566124453, "pop_walk_est": 0.0, "pct_walk_accessible": 0.0, "UHF_CODE": "406", "UHF_NAME": "Fresh Meadows", "GEOCODE_STR": "406" }, "geometry": { "type": "Polygon", "coordinates": [ [ [ -73.78121983173645, 40.751502469577467 ], [ -73.779761312245682, 40.751916403239434 ], [ -73.778302792754943, 40.748723200704227 ], [ -73.772833344664647, 40.73624605746479 ], [ -73.770135083606775, 40.731751920563376 ], [ -73.781146905761901, 40.729209185211261 ], [ -73.793325543509638, 40.725247248732387 ], [ -73.809004628035169, 40.719925244507031 ], [ -73.825996380102353, 40.715431107605632 ], [ -73.826361009975059, 40.715312840845058 ], [ -73.829642678829231, 40.714839773802815 ], [ -73.831101198319985, 40.717382509154923 ], [ -73.835549682766768, 40.721935779436606 ], [ -73.836497720435759, 40.723532380704214 ], [ -73.835476756792218, 40.727021250140844 ], [ -73.837737462002877, 40.726725583239428 ], [ -73.843571539965865, 40.7332893884507 ], [ -73.844957133482083, 40.736482590985908 ], [ -73.837956239926484, 40.735950390563374 ], [ -73.836935276282972, 40.739912327042248 ], [ -73.838612573697333, 40.741745461830973 ], [ -73.835987238613995, 40.743755996760569 ], [ -73.825485898280618, 40.742691595915481 ], [ -73.815057483921777, 40.739261859859155 ], [ -73.810317295576837, 40.738847926197181 ], [ -73.81009851765323, 40.742277662253521 ], [ -73.802805920199489, 40.749078000985904 ], [ -73.797992805880028, 40.748723200704227 ], [ -73.796461360414753, 40.74990586830986 ], [ -73.794784063000392, 40.748427533802811 ], [ -73.792304579866126, 40.748486667183087 ], [ -73.78121983173645, 40.751502469577467 ] ] ] } },
{ "type": "Feature", "properties": { "id": "407", "GEOCODE": "407", "GEONAME": "Southwest Queens", "BOROUGH": "Queens", "pop_est_total": 283199.78147599573, "pop_walk_est": 62590.955892888684, "pct_walk_accessible": 22.101343287298388, "UHF_CODE": "407", "UHF_NAME": "Southwest Queens", "GEOCODE_STR": "407" }, "geometry": { "type": "MultiPolygon", "coordinates": [ [ [ [ -73.831830458065355, 40.665167734366193 ], [ -73.828986345058411, 40.657835195211256 ], [ -73.826798565822287, 40.64985218887324 ], [ -73.835695534715839, 40.649260855070416 ], [ -73.838831351620939, 40.661087531126753 ], [ -73.83977938928993, 40.660496197323937 ], [ -73.835914312639432, 40.645476318732385 ], [ -73.849551469877937, 40.644175384366193 ], [ -73.851812175088583, 40.645890252394366 ], [ -73.851885101063132, 40.647605120422533 ], [ -73.849186840005231, 40.651034856478873 ], [ -73.854145806273792, 40.650502656056339 ], [ -73.856114807586295, 40.653222791549297 ], [ -73.857354549153413, 40.653045391408448 ], [ -73.860636218007613, 40.656948194507038 ], [ -73.862094737498353, 40.656829927746472 ], [ -73.863115701141879, 40.65824912887323 ], [ -73.857573327077048, 40.660082263661963 ], [ -73.858448438771475, 40.663452866338027 ], [ -73.855677251739067, 40.6638668 ], [ -73.857646253051584, 40.671672406197182 ], [ -73.860344514109457, 40.6712584725352 ], [ -73.862386441396509, 40.679182345492947 ], [ -73.863334479065486, 40.679064078732388 ], [ -73.86406373881087, 40.682375548028169 ], [ -73.866324444021515, 40.683203415352111 ], [ -73.868585149232175, 40.693906557183091 ], [ -73.868439297283089, 40.694675291126742 ], [ -73.852760212757573, 40.697572826760563 ], [ -73.854145806273792, 40.700766029295771 ], [ -73.850937063394127, 40.700766029295771 ], [ -73.848749284158004, 40.698400694084505 ], [ -73.845030059456619, 40.699346828169013 ], [ -73.836935276282972, 40.704195765352111 ], [ -73.838029165901034, 40.70662023394366 ], [ -73.834018237301464, 40.71004997 ], [ -73.836133090563067, 40.71182397140845 ], [ -73.831247050269042, 40.714425840140841 ], [ -73.826361009975059, 40.715312840845058 ], [ -73.825996380102353, 40.715431107605632 ], [ -73.823881526840779, 40.712947505633799 ], [ -73.824100304764386, 40.711410037746482 ], [ -73.820672783961129, 40.709281236056334 ], [ -73.814619928074549, 40.699465094929572 ], [ -73.806087589053675, 40.68485915 ], [ -73.802076660454105, 40.676639610140846 ], [ -73.80061814096338, 40.672441140140833 ], [ -73.800982770836072, 40.6667643356338 ], [ -73.810317295576837, 40.667060002535209 ], [ -73.812067518965748, 40.663275466197184 ], [ -73.817099411208801, 40.664162466901402 ], [ -73.817318189132436, 40.664872067464778 ], [ -73.823225193069973, 40.666173001830984 ], [ -73.826069306076903, 40.665167734366193 ], [ -73.831830458065355, 40.665167734366193 ] ] ], [ [ [ -73.859906958262229, 40.654109792253522 ], [ -73.860490366058542, 40.654641992676055 ], [ -73.860563292033078, 40.654760259436621 ], [ -73.859906958262229, 40.654109792253522 ] ] ] ] } },
{ "type": "Feature", "properties": { "id": "408", "GEOCODE": "408", "GEONAME": "Jamaica", "BOROUGH": "Queens", "pop_est_total": 315262.24094844575, "pop_walk_est": 53600.272703378403, "pct_walk_accessible": 17.001805399252859, "UHF_CODE": "408", "UHF_NAME": "Jamaica", "GEOCODE_STR": "408" }, "geometry": { "type": "Polygon", "coordinates": [ [ [ -73.764082227720166, 40.654405459154923 ], [ -73.767363896574352, 40.656061193802813 ], [ -73.76947874983594, 40.655824660281688 ], [ -73.776479643391525, 40.659845730140844 ], [ -73.786178798004983, 40.663689399859152 ], [ -73.796461360414753, 40.664812934084509 ], [ -73.799378399396232, 40.662624999014078 ], [ -73.804920773461063, 40.661264931267596 ], [ -73.802149586428669, 40.665286001126752 ], [ -73.806160515028211, 40.664931200845061 ], [ -73.807473182569879, 40.660732730845062 ], [ -73.811994592991198, 40.661383198028162 ], [ -73.81162996311852, 40.662684132394361 ], [ -73.814838705998142, 40.662447598873243 ], [ -73.824100304764386, 40.663571133098586 ], [ -73.827163195694965, 40.663689399859152 ], [ -73.831830458065355, 40.665167734366193 ], [ -73.826069306076903, 40.665167734366193 ], [ -73.823225193069973, 40.666173001830984 ], [ -73.817318189132436, 40.664872067464778 ], [ -73.817099411208801, 40.664162466901402 ], [ -73.812067518965748, 40.663275466197184 ], [ -73.810317295576837, 40.667060002535209 ], [ -73.800982770836072, 40.6667643356338 ], [ -73.80061814096338, 40.672441140140833 ], [ -73.802076660454105, 40.676639610140846 ], [ -73.806087589053675, 40.68485915 ], [ -73.814619928074549, 40.699465094929572 ], [ -73.820672783961129, 40.709281236056334 ], [ -73.824100304764386, 40.711410037746482 ], [ -73.823881526840779, 40.712947505633799 ], [ -73.825996380102353, 40.715431107605632 ], [ -73.809004628035169, 40.719925244507031 ], [ -73.793325543509638, 40.725247248732387 ], [ -73.781146905761901, 40.729209185211261 ], [ -73.770135083606775, 40.731751920563376 ], [ -73.76481148746555, 40.724655914929571 ], [ -73.759487891324312, 40.721048778732388 ], [ -73.753726739335875, 40.713302305915491 ], [ -73.745267326289522, 40.694143090704223 ], [ -73.749715810736319, 40.687815819014091 ], [ -73.755112332852079, 40.685450483802818 ], [ -73.756133296495591, 40.686751418169003 ], [ -73.761821522509493, 40.68485915 ], [ -73.758685705604393, 40.679004945352112 ], [ -73.759706669247933, 40.678650145070414 ], [ -73.757883519884487, 40.676166543098589 ], [ -73.762477856280356, 40.67421514154929 ], [ -73.764082227720166, 40.672855073802815 ], [ -73.762623708229427, 40.670726272112681 ], [ -73.763498819923868, 40.666291268591543 ], [ -73.766197080981755, 40.660082263661963 ], [ -73.765759525134527, 40.655588126760563 ], [ -73.764082227720166, 40.654405459154923 ] ] ] } },
{ "type": "Feature", "properties": { "id": "409", "GEOCODE": "409", "GEONAME": "Southeast Queens", "BOROUGH": "Queens", "pop_est_total": 211293.01672748048, "pop_walk_est": 0.0, "pct_walk_accessible": 0.0, "UHF_CODE": "409", "UHF_NAME": "Southeast Queens", "GEOCODE_STR": "409" }, "geometry": { "type": "Polygon", "coordinates": [ [ [ -73.770135083606775, 40.731751920563376 ], [ -73.746579993831205, 40.735772990422525 ], [ -73.741548101588137, 40.736955658028158 ], [ -73.739141544428406, 40.739734926901399 ], [ -73.731921872949201, 40.743342063098588 ], [ -73.72703583265519, 40.751147669295776 ], [ -73.722951978081113, 40.75309907084506 ], [ -73.721201754692203, 40.756883607183099 ], [ -73.71704497414359, 40.759308075774648 ], [ -73.713471601391262, 40.759603742676049 ], [ -73.713252823467641, 40.759662876056339 ], [ -73.701657593516202, 40.752507737042244 ], [ -73.700272, 40.739143593098582 ], [ -73.707929227326417, 40.727789984084495 ], [ -73.718284715710723, 40.726015982676053 ], [ -73.725650239138986, 40.724064581126754 ], [ -73.730317501509361, 40.722172312957738 ], [ -73.729150685916792, 40.71915651056338 ], [ -73.726817054731583, 40.709695169718309 ], [ -73.726160720960749, 40.688643686338018 ], [ -73.725577313164436, 40.679596279154921 ], [ -73.727546314476967, 40.67421514154929 ], [ -73.728275574222337, 40.66806527 ], [ -73.728348500196873, 40.662388465492945 ], [ -73.725796091088071, 40.65718472802817 ], [ -73.725139757317223, 40.65257232436619 ], [ -73.730171649560305, 40.650620922816898 ], [ -73.734182578159846, 40.650206989154931 ], [ -73.741475175613587, 40.64689551985915 ], [ -73.742277361333493, 40.64009518112676 ], [ -73.744902696416844, 40.638498579859153 ], [ -73.742860769129805, 40.639858647605628 ], [ -73.746579993831205, 40.644825851549285 ], [ -73.757737667935402, 40.650798322957748 ], [ -73.758539853655336, 40.65127139 ], [ -73.764082227720166, 40.654405459154923 ], [ -73.765759525134527, 40.655588126760563 ], [ -73.766197080981755, 40.660082263661963 ], [ -73.763498819923868, 40.666291268591543 ], [ -73.762623708229427, 40.670726272112681 ], [ -73.764082227720166, 40.672855073802815 ], [ -73.762477856280356, 40.67421514154929 ], [ -73.757883519884487, 40.676166543098589 ], [ -73.759706669247933, 40.678650145070414 ], [ -73.758685705604393, 40.679004945352112 ], [ -73.761821522509493, 40.68485915 ], [ -73.756133296495591, 40.686751418169003 ], [ -73.755112332852079, 40.685450483802818 ], [ -73.749715810736319, 40.687815819014091 ], [ -73.745267326289522, 40.694143090704223 ], [ -73.753726739335875, 40.713302305915491 ], [ -73.759487891324312, 40.721048778732388 ], [ -73.76481148746555, 40.724655914929571 ], [ -73.770135083606775, 40.731751920563376 ] ] ] } },
{ "type": "Feature", "properties": { "id": "410", "GEOCODE": "410", "GEONAME": "Rockaway", "BOROUGH": "Queens", "pop_est_total": 128137.88451887292, "pop_walk_est": 28336.835873803004, "pct_walk_accessible": 22.114330964804857, "UHF_CODE": "410", "UHF_NAME": "Rockaway", "GEOCODE_STR": "410" }, "geometry": { "type": "MultiPolygon", "coordinates": [ [ [ [ -73.754820628953922, 40.610114557323932 ], [ -73.753435035437718, 40.610469357605623 ], [ -73.752997479590491, 40.610646757746473 ], [ -73.747236327602039, 40.612184225633804 ], [ -73.746434141882133, 40.611711158591547 ], [ -73.745704882136764, 40.612006825492955 ], [ -73.743371250951554, 40.607512688591541 ], [ -73.738193506759416, 40.60272288478874 ], [ -73.738120580784866, 40.594799011830993 ], [ -73.745413178238607, 40.595094678732394 ], [ -73.753580887386775, 40.590896208732389 ], [ -73.774656494028065, 40.59077794197183 ], [ -73.787199761648495, 40.588412606760564 ], [ -73.790846060375358, 40.587466472676056 ], [ -73.806379292951817, 40.585219404225342 ], [ -73.830299012600065, 40.578478198873235 ], [ -73.83416408925055, 40.577650331549293 ], [ -73.845394689329325, 40.57368839507042 ], [ -73.862605219320102, 40.566533256056339 ], [ -73.865303480378003, 40.566355855915489 ], [ -73.879159415540101, 40.561625185492964 ], [ -73.891848535109588, 40.558136316056334 ], [ -73.90001624425777, 40.556421448028161 ], [ -73.903516691035563, 40.556717114929576 ], [ -73.912486585903665, 40.55541618056337 ], [ -73.92823859640373, 40.551217710563378 ], [ -73.936333379577349, 40.549621109295764 ], [ -73.937646047119046, 40.553287378873236 ], [ -73.93757312114451, 40.556657981549286 ], [ -73.935385341908386, 40.559259850281698 ], [ -73.926123743142128, 40.560974718309851 ], [ -73.924227667804161, 40.561920852394358 ], [ -73.917737256070353, 40.562453052816899 ], [ -73.912049030056437, 40.565054921549304 ], [ -73.907965175482346, 40.563517453661973 ], [ -73.900599652054069, 40.563221786760558 ], [ -73.896151167607286, 40.565350588450706 ], [ -73.895348981887381, 40.566947189718306 ], [ -73.89221316498228, 40.56872119112677 ], [ -73.888931496128095, 40.567952457183097 ], [ -73.884847641554003, 40.568662057746486 ], [ -73.878211377871096, 40.56872119112677 ], [ -73.866834925843278, 40.574516262394361 ], [ -73.862969849192808, 40.576231130422535 ], [ -73.85224973093581, 40.581848801549292 ], [ -73.848822210132553, 40.582440135352108 ], [ -73.84517591140569, 40.581789668169016 ], [ -73.839560611366323, 40.582026201690134 ], [ -73.828548789211169, 40.585042004084499 ], [ -73.828330011287562, 40.585869871408448 ], [ -73.822277155400968, 40.587525606056332 ], [ -73.821110339808371, 40.587170805774647 ], [ -73.809806813755088, 40.593025010422544 ], [ -73.806816848799059, 40.596395613098586 ], [ -73.804483217613864, 40.595863412676053 ], [ -73.804920773461063, 40.598406148028168 ], [ -73.803681031893944, 40.599766215774643 ], [ -73.798794991599948, 40.59923401535211 ], [ -73.792815061687875, 40.600180149436611 ], [ -73.787199761648495, 40.604496886197182 ], [ -73.786032946055911, 40.603314218591549 ], [ -73.790189726604524, 40.599588815633801 ], [ -73.791064838298993, 40.595212945492946 ], [ -73.789241688935547, 40.595212945492946 ], [ -73.789825096731846, 40.59698694690141 ], [ -73.783699314870717, 40.604023819154925 ], [ -73.784647352539707, 40.605206486760572 ], [ -73.78165738758365, 40.607512688591541 ], [ -73.780709349914687, 40.609700623661972 ], [ -73.7748752719517, 40.609996290563366 ], [ -73.773197974537339, 40.607217021690133 ], [ -73.775823309620677, 40.602545484647877 ], [ -73.778229866780421, 40.600475816338026 ], [ -73.781803239532749, 40.599174881971834 ], [ -73.780417646016531, 40.597755680845076 ], [ -73.778302792754943, 40.598406148028168 ], [ -73.775969161569762, 40.601717617323935 ], [ -73.77246871479197, 40.597814814225345 ], [ -73.769989231657689, 40.598879215070411 ], [ -73.770645565428524, 40.604851686478874 ], [ -73.769114119963234, 40.609404956760564 ], [ -73.773343826486396, 40.611297224929586 ], [ -73.772906270639169, 40.61401736042253 ], [ -73.76699926670166, 40.614194760563379 ], [ -73.765103191363693, 40.612125092253514 ], [ -73.755185258826614, 40.610587624366197 ], [ -73.754820628953922, 40.610114557323932 ] ] ], [ [ [ -73.822423007350039, 40.635423644084511 ], [ -73.821547895655584, 40.63045644014084 ], [ -73.820162302139366, 40.627085837464783 ], [ -73.817609893030578, 40.627558904507033 ], [ -73.81702648523428, 40.623774368169002 ], [ -73.819578894343067, 40.6241291684507 ], [ -73.819141338495868, 40.621527299718309 ], [ -73.816151373539839, 40.620935965915486 ], [ -73.817974522903256, 40.618274963802818 ], [ -73.816443077437981, 40.613662560140845 ], [ -73.814401150150928, 40.61449042746478 ], [ -73.813890668329165, 40.612361625774646 ], [ -73.816224299514374, 40.61289382619718 ], [ -73.815130409896312, 40.606921354788732 ], [ -73.817245263157886, 40.603905552394366 ], [ -73.819287190444939, 40.597519147323943 ], [ -73.824756638535234, 40.59468074507042 ], [ -73.828986345058411, 40.595626879154935 ], [ -73.83263264378526, 40.595094678732394 ], [ -73.834601645097777, 40.596927813521127 ], [ -73.824392008662542, 40.600416682957743 ], [ -73.822933489171788, 40.602604618028167 ], [ -73.822423007350039, 40.605324753521124 ], [ -73.81943304239401, 40.609700623661972 ], [ -73.823808600866258, 40.609878023802821 ], [ -73.825850528153296, 40.61454956084507 ], [ -73.827163195694965, 40.61336689323943 ], [ -73.831101198319985, 40.615318294788729 ], [ -73.834018237301464, 40.613485159999989 ], [ -73.838685499671868, 40.615732228450703 ], [ -73.838247943824641, 40.617092296197178 ], [ -73.835476756792218, 40.617565363239443 ], [ -73.836060164588517, 40.619398498028161 ], [ -73.832997273657952, 40.621349899577453 ], [ -73.830663642472743, 40.625075302535201 ], [ -73.833143125607037, 40.62820937169014 ], [ -73.831101198319985, 40.632348708309856 ], [ -73.83263264378526, 40.635778444366196 ], [ -73.832778495734345, 40.638794246760561 ], [ -73.827819529465813, 40.635187110563379 ], [ -73.823808600866258, 40.636369778169012 ], [ -73.822423007350039, 40.635423644084511 ] ] ] ] } },
{ "type": "Feature", "properties": { "id": "501", "GEOCODE": "501", "GEONAME": "Port  Richmond", "BOROUGH": "Staten Island", "pop_est_total": 71907.378265850391, "pop_walk_est": 0.0, "pct_walk_accessible": 0.0, "UHF_CODE": "501", "UHF_NAME": "Port  Richmond", "GEOCODE_STR": "501" }, "geometry": { "type": "Polygon", "coordinates": [ [ [ -74.107855271689189, 40.645831119014083 ], [ -74.106542604147506, 40.644234517746476 ], [ -74.104063121013255, 40.634654910140839 ], [ -74.10661553012207, 40.634595776760563 ], [ -74.104281898936861, 40.623064767605634 ], [ -74.110115976899834, 40.62069943239436 ], [ -74.113397645754034, 40.623005634225343 ], [ -74.117116870455419, 40.624483968732385 ], [ -74.11981513151332, 40.621704699859144 ], [ -74.122148762698501, 40.624188301830976 ], [ -74.132868880955499, 40.623242167746476 ], [ -74.133889844599025, 40.622118633521126 ], [ -74.137390291376803, 40.623656101408457 ], [ -74.13768199527496, 40.621586433098592 ], [ -74.141692923874515, 40.622059500140843 ], [ -74.14234925764535, 40.616619229154928 ], [ -74.145193370652308, 40.616914896056336 ], [ -74.144609962855995, 40.620522032253518 ], [ -74.148037483659266, 40.621231632816894 ], [ -74.14548507455045, 40.624897902394366 ], [ -74.148839669379171, 40.625016169154918 ], [ -74.14942307717547, 40.622887367464777 ], [ -74.15416326552041, 40.619339364647878 ], [ -74.155257155138472, 40.619989831830985 ], [ -74.163935346108389, 40.621113366056328 ], [ -74.164518753904701, 40.619812431690143 ], [ -74.17684324360151, 40.6254301028169 ], [ -74.178520541015871, 40.624661368873241 ], [ -74.186469472240432, 40.630101639859156 ], [ -74.195876922955762, 40.635246243943648 ], [ -74.193105735923339, 40.639208180422536 ], [ -74.185083878724242, 40.644411917887332 ], [ -74.178739318939478, 40.645003251690142 ], [ -74.178885170888563, 40.643110983521126 ], [ -74.175749353983463, 40.6435249171831 ], [ -74.173853278645481, 40.645003251690142 ], [ -74.167800422758887, 40.641277848732393 ], [ -74.16269560454127, 40.641396115492959 ], [ -74.160216121406989, 40.640213447887312 ], [ -74.152704746029656, 40.638794246760561 ], [ -74.149568929124541, 40.638735113380278 ], [ -74.13768199527496, 40.640982181830992 ], [ -74.134400326420788, 40.642105716056328 ], [ -74.128566248457787, 40.641277848732393 ], [ -74.127472358839725, 40.640154314507043 ], [ -74.12375313413834, 40.640213447887312 ], [ -74.118429537997088, 40.642756183239435 ], [ -74.110918162619768, 40.645535452112675 ], [ -74.107855271689189, 40.645831119014083 ] ] ] } },
{ "type": "Feature", "properties": { "id": "502", "GEOCODE": "502", "GEONAME": "Stapleton - St. George", "BOROUGH": "Staten Island", "pop_est_total": 127902.37438031475, "pop_walk_est": 7740.6976986875034, "pct_walk_accessible": 6.0520359658615233, "UHF_CODE": "502", "UHF_NAME": "Stapleton - St. George", "GEOCODE_STR": "502" }, "geometry": { "type": "Polygon", "coordinates": [ [ [ -74.09093644559654, 40.566828922957747 ], [ -74.092832520934508, 40.568129857323946 ], [ -74.088602814411317, 40.57256486084507 ], [ -74.085831627378923, 40.57416146211267 ], [ -74.091374001443739, 40.57694073098591 ], [ -74.092540817036351, 40.580311333661967 ], [ -74.09698930148312, 40.582381001971825 ], [ -74.097718561228504, 40.581789668169016 ], [ -74.101875341777117, 40.584509803661973 ], [ -74.102604601522501, 40.58409587 ], [ -74.10019804436277, 40.587762139577471 ], [ -74.102021193726216, 40.588708273661972 ], [ -74.109240865205408, 40.582676668873241 ], [ -74.113689349652176, 40.580311333661967 ], [ -74.115804202913779, 40.578359932112676 ], [ -74.118283686048017, 40.578182531971827 ], [ -74.119158797742472, 40.581139200985909 ], [ -74.124847023756374, 40.586165538309849 ], [ -74.120617317233226, 40.588116939859155 ], [ -74.115950054862836, 40.595804279295763 ], [ -74.111355718466982, 40.597282613802818 ], [ -74.115074943168395, 40.601895017464791 ], [ -74.111064014568825, 40.606448287746474 ], [ -74.111282792492446, 40.609523223521116 ], [ -74.114272757448475, 40.611592891830988 ], [ -74.114929091219309, 40.618097563661969 ], [ -74.11806490812441, 40.617801896760561 ], [ -74.11981513151332, 40.621704699859144 ], [ -74.117116870455419, 40.624483968732385 ], [ -74.113397645754034, 40.623005634225343 ], [ -74.110115976899834, 40.62069943239436 ], [ -74.104281898936861, 40.623064767605634 ], [ -74.10661553012207, 40.634595776760563 ], [ -74.104063121013255, 40.634654910140839 ], [ -74.106542604147506, 40.644234517746476 ], [ -74.107855271689189, 40.645831119014083 ], [ -74.102750453471572, 40.646067652535201 ], [ -74.100052192413699, 40.645417185352102 ], [ -74.093780558603484, 40.646067652535201 ], [ -74.086269183226122, 40.648906054788725 ], [ -74.082258254626581, 40.6486695212676 ], [ -74.078247326027039, 40.649497388591548 ], [ -74.075111509121925, 40.648492121126758 ], [ -74.073652989631185, 40.645594585492951 ], [ -74.072486174038573, 40.646304186056334 ], [ -74.069496209082544, 40.64287445 ], [ -74.069277431158937, 40.631698241126756 ], [ -74.068766949337189, 40.627381504366198 ], [ -74.067673059719127, 40.624897902394366 ], [ -74.062276537603353, 40.618097563661969 ], [ -74.063953835017699, 40.616855762676053 ], [ -74.061547277857983, 40.614845227746478 ], [ -74.060307536290836, 40.611711158591547 ], [ -74.055567347945924, 40.606625687887323 ], [ -74.051410567397284, 40.604674286338025 ], [ -74.054108828455156, 40.599293148732386 ], [ -74.059797054469087, 40.594207678028177 ], [ -74.06563113243206, 40.58965440774648 ], [ -74.077299288358049, 40.578892132535209 ], [ -74.089477926105772, 40.569253391549296 ], [ -74.088311110513189, 40.56872119112677 ], [ -74.09093644559654, 40.566828922957747 ] ] ] } },
{ "type": "Feature", "properties": { "id": "503", "GEOCODE": "503", "GEONAME": "Willowbrook", "BOROUGH": "Staten Island", "pop_est_total": 92487.652051944562, "pop_walk_est": 0.0, "pct_walk_accessible": 0.0, "UHF_CODE": "503", "UHF_NAME": "Willowbrook", "GEOCODE_STR": "503" }, "geometry": { "type": "MultiPolygon", "coordinates": [ [ [ [ -74.195876922955762, 40.635246243943648 ], [ -74.186469472240432, 40.630101639859156 ], [ -74.178520541015871, 40.624661368873241 ], [ -74.17684324360151, 40.6254301028169 ], [ -74.164518753904701, 40.619812431690143 ], [ -74.163935346108389, 40.621113366056328 ], [ -74.155257155138472, 40.619989831830985 ], [ -74.15416326552041, 40.619339364647878 ], [ -74.14942307717547, 40.622887367464777 ], [ -74.148839669379171, 40.625016169154918 ], [ -74.14548507455045, 40.624897902394366 ], [ -74.148037483659266, 40.621231632816894 ], [ -74.144609962855995, 40.620522032253518 ], [ -74.145193370652308, 40.616914896056336 ], [ -74.14234925764535, 40.616619229154928 ], [ -74.141692923874515, 40.622059500140843 ], [ -74.13768199527496, 40.621586433098592 ], [ -74.137390291376803, 40.623656101408457 ], [ -74.133889844599025, 40.622118633521126 ], [ -74.132868880955499, 40.623242167746476 ], [ -74.122148762698501, 40.624188301830976 ], [ -74.11981513151332, 40.621704699859144 ], [ -74.11806490812441, 40.617801896760561 ], [ -74.114929091219309, 40.618097563661969 ], [ -74.114272757448475, 40.611592891830988 ], [ -74.111282792492446, 40.609523223521116 ], [ -74.111064014568825, 40.606448287746474 ], [ -74.115074943168395, 40.601895017464791 ], [ -74.111355718466982, 40.597282613802818 ], [ -74.115950054862836, 40.595804279295763 ], [ -74.120617317233226, 40.588116939859155 ], [ -74.124847023756374, 40.586165538309849 ], [ -74.129149656254086, 40.584155003380275 ], [ -74.130826953668446, 40.582440135352108 ], [ -74.135275438115229, 40.580784400704232 ], [ -74.136733957605983, 40.578241665352117 ], [ -74.147891631710181, 40.575639796619718 ], [ -74.146578964168512, 40.572919661126754 ], [ -74.147891631710181, 40.570849992816896 ], [ -74.149641855099077, 40.571382193239437 ], [ -74.169842350045926, 40.570849992816896 ], [ -74.17691616957606, 40.570317792394363 ], [ -74.179249800761255, 40.572032660422536 ], [ -74.18377121118256, 40.573924928591545 ], [ -74.185010952749707, 40.576526797323936 ], [ -74.190334548890931, 40.576763330845061 ], [ -74.195001811261321, 40.579483466338026 ], [ -74.203534150282181, 40.580429600422534 ], [ -74.205940707441911, 40.580015666760552 ], [ -74.203680002231266, 40.585337670985908 ], [ -74.204044632103944, 40.58965440774648 ], [ -74.197408368421051, 40.596868680140837 ], [ -74.197189590497416, 40.600002749295776 ], [ -74.195803996981226, 40.602308951126759 ], [ -74.198283480115506, 40.606743954647882 ], [ -74.195293515159449, 40.613544293380279 ], [ -74.196533256726596, 40.616205295492946 ], [ -74.20039833337708, 40.616441829014086 ], [ -74.201273445071521, 40.619043697746477 ], [ -74.201638074944213, 40.623596968028167 ], [ -74.201127593122436, 40.629392039295773 ], [ -74.199377369733554, 40.63282177535212 ], [ -74.195876922955762, 40.635246243943648 ] ] ], [ [ [ -74.200762963249758, 40.614194760563379 ], [ -74.198137628166407, 40.61401736042253 ], [ -74.197335442446501, 40.612361625774646 ], [ -74.199231517784469, 40.60928669 ], [ -74.200179555453474, 40.603669018873241 ], [ -74.202586112613218, 40.605916087323941 ], [ -74.202367334689583, 40.613189493098581 ], [ -74.200762963249758, 40.614194760563379 ] ] ] ] } },
{ "type": "Feature", "properties": { "id": "504", "GEOCODE": "504", "GEONAME": "South Beach - Tottenville", "BOROUGH": "Staten Island", "pop_est_total": 199721.45778066787, "pop_walk_est": 17642.630029353484, "pct_walk_accessible": 8.8336176920601321, "UHF_CODE": "504", "UHF_NAME": "South Beach - Tottenville", "GEOCODE_STR": "504" }, "geometry": { "type": "MultiPolygon", "coordinates": [ [ [ [ -74.124847023756374, 40.586165538309849 ], [ -74.119158797742472, 40.581139200985909 ], [ -74.118283686048017, 40.578182531971827 ], [ -74.115804202913779, 40.578359932112676 ], [ -74.113689349652176, 40.580311333661967 ], [ -74.109240865205408, 40.582676668873241 ], [ -74.102021193726216, 40.588708273661972 ], [ -74.10019804436277, 40.587762139577471 ], [ -74.102604601522501, 40.58409587 ], [ -74.101875341777117, 40.584509803661973 ], [ -74.097718561228504, 40.581789668169016 ], [ -74.09698930148312, 40.582381001971825 ], [ -74.092540817036351, 40.580311333661967 ], [ -74.091374001443739, 40.57694073098591 ], [ -74.085831627378923, 40.57416146211267 ], [ -74.088602814411317, 40.57256486084507 ], [ -74.092832520934508, 40.568129857323946 ], [ -74.09093644559654, 40.566828922957747 ], [ -74.094218114450697, 40.563044386619715 ], [ -74.095384930043309, 40.563162653380282 ], [ -74.098229043050281, 40.559437250422533 ], [ -74.101364859955353, 40.558491116338018 ], [ -74.10486530673316, 40.553050845352104 ], [ -74.106834308045677, 40.554115246197185 ], [ -74.109167939230858, 40.552873445211262 ], [ -74.112814237957735, 40.547847107887321 ], [ -74.116752240582755, 40.547847107887321 ], [ -74.122950948418406, 40.544003438169007 ], [ -74.128566248457787, 40.537321366197183 ], [ -74.132868880955499, 40.532945496056335 ], [ -74.137244439427732, 40.530166227183088 ], [ -74.140234404383762, 40.533536829859152 ], [ -74.139578070612927, 40.535074297746476 ], [ -74.134181548497168, 40.535251697887325 ], [ -74.128055766636024, 40.54063283549295 ], [ -74.127691136763346, 40.543116437464789 ], [ -74.130462323795754, 40.546013973098589 ], [ -74.134910808242537, 40.546664440281688 ], [ -74.140599034256454, 40.543826038028158 ], [ -74.141474145950895, 40.542229436760564 ], [ -74.142130479721729, 40.537262232816907 ], [ -74.14942307717547, 40.53371423 ], [ -74.152558894080585, 40.530461894084503 ], [ -74.156205192807448, 40.528569625915495 ], [ -74.163789494159332, 40.526322557464788 ], [ -74.166050199369991, 40.523720688732396 ], [ -74.169842350045926, 40.522242354225341 ], [ -74.171592573434822, 40.522774554647889 ], [ -74.177864207245022, 40.519463085352115 ], [ -74.183406581309882, 40.52017268591549 ], [ -74.186615324189518, 40.517866484084507 ], [ -74.192011846305277, 40.511775745915493 ], [ -74.195876922955762, 40.509765210985904 ], [ -74.200179555453474, 40.512130546197191 ], [ -74.204919743798399, 40.512071412816901 ], [ -74.210097487990538, 40.510770478450695 ], [ -74.211556007481292, 40.506631141830987 ], [ -74.214618898411857, 40.505271074084504 ], [ -74.217025455571587, 40.501900471408447 ], [ -74.22475560887257, 40.500836070563373 ], [ -74.227964351752192, 40.501782204647888 ], [ -74.231683576453605, 40.501663937887322 ], [ -74.236569616747602, 40.499830803098583 ], [ -74.238903247932782, 40.49758373464789 ], [ -74.241601508990684, 40.49640106704225 ], [ -74.24648754928468, 40.495928 ], [ -74.249915070087951, 40.496578467183099 ], [ -74.254509406483791, 40.502787472112672 ], [ -74.255895, 40.507754676056329 ], [ -74.253853072712957, 40.509706077605635 ], [ -74.252102849324061, 40.514259347887318 ], [ -74.248091920724491, 40.516683816478867 ], [ -74.246414623310145, 40.516151616056327 ], [ -74.244372696023078, 40.518753484788732 ], [ -74.241455657041598, 40.519344818591534 ], [ -74.243351732379566, 40.521355353521123 ], [ -74.243643436277722, 40.524962489718298 ], [ -74.241747360939755, 40.531112361267603 ], [ -74.242257842761504, 40.534305563802825 ], [ -74.245977067462917, 40.537025699295775 ], [ -74.245101955768462, 40.538444900422533 ], [ -74.246706327208287, 40.542288570140848 ], [ -74.248164846699041, 40.543057304084499 ], [ -74.246633401233737, 40.545363505915482 ], [ -74.243570510303186, 40.547610574366196 ], [ -74.242330768736053, 40.54684184042253 ], [ -74.235767431027696, 40.551631644225353 ], [ -74.234163059587857, 40.551927311126761 ], [ -74.229131167344789, 40.555889247605634 ], [ -74.22614120238876, 40.556244047887326 ], [ -74.217463011418801, 40.555120513661976 ], [ -74.214108416590093, 40.556539714788741 ], [ -74.2111913776086, 40.560856451549292 ], [ -74.211337229557685, 40.565114054929573 ], [ -74.208638968499798, 40.571323059859147 ], [ -74.20652411523821, 40.57256486084507 ], [ -74.201638074944213, 40.572328327323937 ], [ -74.199012739860862, 40.57416146211267 ], [ -74.1979188502428, 40.578419065492952 ], [ -74.191793068381671, 40.576171997042245 ], [ -74.190334548890931, 40.576763330845061 ], [ -74.185010952749707, 40.576526797323936 ], [ -74.18377121118256, 40.573924928591545 ], [ -74.179249800761255, 40.572032660422536 ], [ -74.17691616957606, 40.570317792394363 ], [ -74.169842350045926, 40.570849992816896 ], [ -74.149641855099077, 40.571382193239437 ], [ -74.147891631710181, 40.570849992816896 ], [ -74.146578964168512, 40.572919661126754 ], [ -74.147891631710181, 40.575639796619718 ], [ -74.136733957605983, 40.578241665352117 ], [ -74.135275438115229, 40.580784400704232 ], [ -74.130826953668446, 40.582440135352108 ], [ -74.129149656254086, 40.584155003380275 ], [ -74.124847023756374, 40.586165538309849 ] ] ], [ [ [ -74.205138521722006, 40.573629261690144 ], [ -74.207690930830807, 40.573333594788728 ], [ -74.206232411340054, 40.579069532676058 ], [ -74.20411755807848, 40.580015666760552 ], [ -74.199523221682625, 40.579010399295775 ], [ -74.200690037275223, 40.573806661830986 ], [ -74.205138521722006, 40.573629261690144 ] ] ] ] } },
{ "type": "Feature", "properties": { "id": "0", "GEOCODE": "0", "GEONAME": "", "BOROUGH": "N/A", "pop_est_total": 22.529411764705884, "pop_walk_est": 0.0, "pct_walk_accessible": 0.0, "UHF_CODE": "0", "UHF_NAME": "", "GEOCODE_STR": "0" }, "geometry": { "type": "MultiPolygon", "coordinates": [ [ [ [ -73.831830458065355, 40.665167734366193 ], [ -73.827163195694965, 40.663689399859152 ], [ -73.824100304764386, 40.663571133098586 ], [ -73.814838705998142, 40.662447598873243 ], [ -73.81162996311852, 40.662684132394361 ], [ -73.811994592991198, 40.661383198028162 ], [ -73.807473182569879, 40.660732730845062 ], [ -73.806160515028211, 40.664931200845061 ], [ -73.802149586428669, 40.665286001126752 ], [ -73.804920773461063, 40.661264931267596 ], [ -73.799378399396232, 40.662624999014078 ], [ -73.796461360414753, 40.664812934084509 ], [ -73.786178798004983, 40.663689399859152 ], [ -73.776479643391525, 40.659845730140844 ], [ -73.76947874983594, 40.655824660281688 ], [ -73.767363896574352, 40.656061193802813 ], [ -73.764082227720166, 40.654405459154923 ], [ -73.758539853655336, 40.65127139 ], [ -73.757737667935402, 40.650798322957748 ], [ -73.746579993831205, 40.644825851549285 ], [ -73.742860769129805, 40.639858647605628 ], [ -73.744902696416844, 40.638498579859153 ], [ -73.746361215907584, 40.641455248873235 ], [ -73.749424106838177, 40.644884984929575 ], [ -73.754383073106709, 40.647900787323934 ], [ -73.754747702979387, 40.647368586901408 ], [ -73.748694847092779, 40.643347517042251 ], [ -73.74752803150021, 40.641632649014078 ], [ -73.748548995143722, 40.635601044225346 ], [ -73.752414071794192, 40.633590509295772 ], [ -73.766415858905361, 40.628445905211265 ], [ -73.768676564116021, 40.624306568591543 ], [ -73.768457786192414, 40.622709967323942 ], [ -73.770718491403073, 40.61951676478872 ], [ -73.771885306995671, 40.620108098591544 ], [ -73.771374825173908, 40.623005634225343 ], [ -73.776625495340582, 40.627381504366198 ], [ -73.780125942118389, 40.627558904507033 ], [ -73.785230760336006, 40.621172499436618 ], [ -73.788366577241106, 40.622591700563376 ], [ -73.782751277201712, 40.628800705492949 ], [ -73.782678351227204, 40.63027904 ], [ -73.792231653891577, 40.635778444366196 ], [ -73.816661855361588, 40.646067652535201 ], [ -73.818485004725034, 40.646481586197176 ], [ -73.82169374760467, 40.649379121830975 ], [ -73.82337104501903, 40.654582859295772 ], [ -73.822423007350039, 40.659136129577462 ], [ -73.818922560572261, 40.66102839774647 ], [ -73.812796778711117, 40.660082263661963 ], [ -73.812505074812961, 40.660969264366194 ], [ -73.81870378264864, 40.662092798591537 ], [ -73.823516896968101, 40.659963996901396 ], [ -73.824975416458841, 40.65535159323943 ], [ -73.822860563197267, 40.648137320845066 ], [ -73.826798565822287, 40.64985218887324 ], [ -73.828986345058411, 40.657835195211256 ], [ -73.831830458065355, 40.665167734366193 ] ] ], [ [ [ -73.958211171938572, 40.800583175211266 ], [ -73.952522945924656, 40.798276973380283 ], [ -73.949241277070485, 40.7969169056338 ], [ -73.955804614778827, 40.787928631830979 ], [ -73.972577588922434, 40.764925746901405 ], [ -73.973598552565946, 40.764570946619713 ], [ -73.98140163184145, 40.767823282535204 ], [ -73.981693335739607, 40.768414616338028 ], [ -73.958211171938572, 40.800583175211266 ] ] ], [ [ [ -73.863042775167344, 40.766818015070413 ], [ -73.869606112875701, 40.771312151971827 ], [ -73.874273375246091, 40.772199152676052 ], [ -73.877336266176655, 40.771430418732393 ], [ -73.884701789604932, 40.767823282535204 ], [ -73.887691754560961, 40.767231948732388 ], [ -73.889441977949843, 40.77302702 ], [ -73.884555937655847, 40.774150554225351 ], [ -73.884847641554003, 40.780063892253516 ], [ -73.878867711641945, 40.780714359436615 ], [ -73.878284303845646, 40.783020561267605 ], [ -73.874929709016925, 40.781660493521116 ], [ -73.871283410290062, 40.785977230281688 ], [ -73.869460260926616, 40.783552761690132 ], [ -73.872669003806266, 40.78053695929578 ], [ -73.857281623178878, 40.773145286760567 ], [ -73.855093843942754, 40.772494819577453 ], [ -73.856844067331664, 40.769065083521127 ], [ -73.859906958262229, 40.766936281830986 ], [ -73.863042775167344, 40.766818015070413 ] ] ], [ [ [ -73.903589617010098, 40.780241292394358 ], [ -73.907235915736976, 40.780418692535214 ], [ -73.916351662554121, 40.78662769746478 ], [ -73.915403624885158, 40.788106031971829 ], [ -73.910517584591133, 40.791003567605628 ], [ -73.906069100144379, 40.790116566901403 ], [ -73.904464728704554, 40.787514698169012 ], [ -73.902349875442965, 40.789584366478863 ], [ -73.895567759811001, 40.785208496338022 ], [ -73.898557724767031, 40.782606627605624 ], [ -73.90147476374851, 40.782784027746473 ], [ -73.903589617010098, 40.780241292394358 ] ] ], [ [ [ -73.889660755873479, 40.773086153380277 ], [ -73.893671684473006, 40.774209687605634 ], [ -73.8928694987531, 40.777166356619709 ], [ -73.895786537734608, 40.781305693239425 ], [ -73.902058171544809, 40.780123025633799 ], [ -73.901110133875846, 40.781778760281689 ], [ -73.896953353327191, 40.783020561267605 ], [ -73.890827571466076, 40.778289890845066 ], [ -73.891994387058645, 40.775569755352109 ], [ -73.889660755873479, 40.773086153380277 ] ] ], [ [ [ -73.752997479590491, 40.610646757746473 ], [ -73.753435035437718, 40.610469357605623 ], [ -73.754820628953922, 40.610114557323932 ], [ -73.752997479590491, 40.610646757746473 ] ] ] ] } }
]
}
