{
"type": "FeatureCollection",
"name": "800m_NTA2020_pct_walkable_ADA_subway",
"crs": { "type": "name", "properties": { "name": "urn:ogc:def:crs:OGC:1.3:CRS84" } },
"features": [
{ "type": "Feature", "properties": { "id": "1", "NTACode": "BX0101", "GEOCODE": 50101, "GEONAME": "Mott Haven-Port Morris", "nta_population": 56669.0, "pop_within_walk": 23053.074723571503, "pct_pop_walk": 40.680221503064288 }, "geometry": { "type": "Polygon", "coordinates": [ [ [ -73.92515950618062, 40.817993769696969 ], [ -73.926603775107509, 40.816106889858986 ], [ -73.923992981278133, 40.815435999249921 ], [ -73.923104200400047, 40.816693919141912 ], [ -73.921271089838982, 40.816232681848184 ], [ -73.920493406570657, 40.814555455325532 ], [ -73.917660417521759, 40.81606495919592 ], [ -73.914938526082608, 40.814932831293127 ], [ -73.910939012131209, 40.81363298073807 ], [ -73.904439801960194, 40.812291199519947 ], [ -73.903439923472348, 40.811494516921691 ], [ -73.903106630643066, 40.809859221062105 ], [ -73.90221784976498, 40.804953333483347 ], [ -73.902884435423545, 40.804156650885083 ], [ -73.903051081838186, 40.804030858895885 ], [ -73.903106630643066, 40.803988928232819 ], [ -73.903328825862587, 40.803863136243621 ], [ -73.90371766749675, 40.803779274917488 ], [ -73.90377321630163, 40.803737344254422 ], [ -73.903939862716271, 40.80365348292829 ], [ -73.903939862716271, 40.803611552265224 ], [ -73.904050960326032, 40.803527690939092 ], [ -73.904162057935793, 40.803443829612959 ], [ -73.906495107740781, 40.801179573807381 ], [ -73.906606205350542, 40.801095712481242 ], [ -73.908050474277431, 40.799586208610862 ], [ -73.908106023082311, 40.799544277947795 ], [ -73.908106023082311, 40.79941848595859 ], [ -73.908439315911593, 40.799460416621656 ], [ -73.908328218301833, 40.798957248664863 ], [ -73.911661146594653, 40.796609131533152 ], [ -73.91371645237524, 40.796776854185417 ], [ -73.918826942424246, 40.79887338733873 ], [ -73.920215662546255, 40.799628139273928 ], [ -73.921326638643862, 40.80130536579658 ], [ -73.922937553985406, 40.802353632373233 ], [ -73.926659323912389, 40.802395563036299 ], [ -73.927603653595355, 40.802689077677762 ], [ -73.927659202400235, 40.803988928232819 ], [ -73.928714629692976, 40.804114720222017 ], [ -73.930492191449147, 40.806588629342933 ], [ -73.932269753205318, 40.808349717191717 ], [ -73.932880790059002, 40.810404319681965 ], [ -73.932436399619959, 40.814136148694864 ], [ -73.930269996229626, 40.813255604770475 ], [ -73.928881276107617, 40.814890900630061 ], [ -73.927325909570953, 40.818538868316828 ], [ -73.92515950618062, 40.817993769696969 ] ] ] } },
{ "type": "Feature", "properties": { "id": "2", "NTACode": "BX0102", "GEOCODE": 50102, "GEONAME": "Melrose", "nta_population": 40241.0, "pop_within_walk": 25169.152969507581, "pct_pop_walk": 62.546042517600405 }, "geometry": { "type": "Polygon", "coordinates": [ [ [ -73.901273520082015, 40.820467678817877 ], [ -73.902995533033305, 40.816316543174317 ], [ -73.904439801960194, 40.812291199519947 ], [ -73.910939012131209, 40.81363298073807 ], [ -73.914938526082608, 40.814932831293127 ], [ -73.917660417521759, 40.81606495919592 ], [ -73.920493406570657, 40.814555455325532 ], [ -73.921271089838982, 40.816232681848184 ], [ -73.923104200400047, 40.816693919141912 ], [ -73.923992981278133, 40.815435999249921 ], [ -73.926603775107509, 40.816106889858986 ], [ -73.92515950618062, 40.817993769696969 ], [ -73.921937675497546, 40.821012777437744 ], [ -73.916771636643659, 40.824367230483048 ], [ -73.916216148594856, 40.823486686558653 ], [ -73.911661146594653, 40.822102974677463 ], [ -73.909883584838482, 40.822564211971198 ], [ -73.901273520082015, 40.820467678817877 ] ] ] } },
{ "type": "Feature", "properties": { "id": "3", "NTACode": "QN0151", "GEOCODE": 50151, "GEONAME": "Rikers Island", "nta_population": 3538.0, "pop_within_walk": 0.0, "pct_pop_walk": 0.0 }, "geometry": { "type": "Polygon", "coordinates": [ [ [ -73.872888080788073, 40.785958743114307 ], [ -73.873499117641771, 40.785749089798976 ], [ -73.876776497129711, 40.785791020462042 ], [ -73.878331863666361, 40.785371713831381 ], [ -73.885942049934997, 40.78675542571257 ], [ -73.888330648544851, 40.787007009690967 ], [ -73.889386075837578, 40.787803692289224 ], [ -73.890552600740079, 40.790109878757875 ], [ -73.892163516081609, 40.790403393399338 ], [ -73.892830101740174, 40.79283537185718 ], [ -73.891774674447447, 40.796776854185417 ], [ -73.89060814954496, 40.797783190099004 ], [ -73.887164123642364, 40.798286358055805 ], [ -73.88394229295929, 40.795812448934889 ], [ -73.881664791959196, 40.795057696999699 ], [ -73.879776132593264, 40.794889974347434 ], [ -73.877887473227318, 40.794302945064501 ], [ -73.87494338656866, 40.79229027323732 ], [ -73.872888080788073, 40.791451659975998 ], [ -73.871221616641662, 40.789984086768676 ], [ -73.8708327750075, 40.787887553615356 ], [ -73.872888080788073, 40.785958743114307 ] ] ] } },
{ "type": "Feature", "properties": { "id": "4", "NTACode": "BX0201", "GEOCODE": 50201, "GEONAME": "Hunts Point", "nta_population": 14181.0, "pop_within_walk": 7772.5939722745316, "pct_pop_walk": 54.809914479053184 }, "geometry": { "type": "Polygon", "coordinates": [ [ [ -73.880998206300632, 40.818245353675366 ], [ -73.878054119641959, 40.816190751185118 ], [ -73.87660985071507, 40.815729513891384 ], [ -73.876720948324831, 40.815394068586855 ], [ -73.87249923915391, 40.813884564716467 ], [ -73.871666007080705, 40.813255604770475 ], [ -73.868110883568363, 40.806756351995197 ], [ -73.868444176397645, 40.805917738733868 ], [ -73.871721555885586, 40.801556949774977 ], [ -73.873554666446651, 40.800844128502845 ], [ -73.87816521725172, 40.80130536579658 ], [ -73.87816521725172, 40.802563285688564 ], [ -73.879220644544461, 40.802814869666967 ], [ -73.883720097739769, 40.802143979057902 ], [ -73.885053269056911, 40.802143979057902 ], [ -73.887275221252125, 40.803946997569753 ], [ -73.887941806910689, 40.804995264146413 ], [ -73.889552722252219, 40.805791946744669 ], [ -73.891496930423045, 40.805917738733868 ], [ -73.891996869666968, 40.806378976027602 ], [ -73.898273884618462, 40.806085461386139 ], [ -73.898551628642863, 40.805414570777074 ], [ -73.900995776057613, 40.804869472157215 ], [ -73.90221784976498, 40.804953333483347 ], [ -73.903106630643066, 40.809859221062105 ], [ -73.897329554935496, 40.814010356705666 ], [ -73.895440895569564, 40.815855305880582 ], [ -73.897051810911094, 40.81681971113111 ], [ -73.892885650545054, 40.820803124122406 ], [ -73.891608028032806, 40.820970846774678 ], [ -73.890830344764481, 40.820299956165613 ], [ -73.887719611691168, 40.822396489318926 ], [ -73.884386683398347, 40.822941587938793 ], [ -73.882442475227521, 40.81925168958896 ], [ -73.880998206300632, 40.818245353675366 ] ] ] } },
{ "type": "Feature", "properties": { "id": "5", "NTACode": "BX0202", "GEOCODE": 50202, "GEONAME": "Longwood", "nta_population": 40945.0, "pop_within_walk": 35623.87464419804, "pct_pop_walk": 87.00421209964108 }, "geometry": { "type": "Polygon", "coordinates": [ [ [ -73.887719611691168, 40.822396489318926 ], [ -73.890830344764481, 40.820299956165613 ], [ -73.891608028032806, 40.820970846774678 ], [ -73.892885650545054, 40.820803124122406 ], [ -73.897051810911094, 40.81681971113111 ], [ -73.895440895569564, 40.815855305880582 ], [ -73.897329554935496, 40.814010356705666 ], [ -73.903106630643066, 40.809859221062105 ], [ -73.903439923472348, 40.811494516921691 ], [ -73.904439801960194, 40.812291199519947 ], [ -73.902995533033305, 40.816316543174317 ], [ -73.901273520082015, 40.820467678817877 ], [ -73.900606934423436, 40.822102974677463 ], [ -73.901995654545459, 40.822438419981992 ], [ -73.900495836813676, 40.826002526342634 ], [ -73.901662361716177, 40.826254110321031 ], [ -73.900940227252732, 40.827931336843683 ], [ -73.899773702350231, 40.827679752865286 ], [ -73.895496444374444, 40.828266782148212 ], [ -73.894829858715866, 40.826254110321031 ], [ -73.892941199349934, 40.826799208940891 ], [ -73.887886258105809, 40.826757278277825 ], [ -73.886108696349638, 40.82763782220222 ], [ -73.88644198917892, 40.825289705070503 ], [ -73.887053026032603, 40.82319317191719 ], [ -73.887719611691168, 40.822396489318926 ] ] ] } },
{ "type": "Feature", "properties": { "id": "6", "NTACode": "BX0291", "GEOCODE": 50291, "GEONAME": "North & South Brother Islands", "nta_population": 0.0, "pop_within_walk": 0.0, "pct_pop_walk": 0.0 }, "geometry": { "type": "MultiPolygon", "coordinates": [ [ [ [ -73.896829615691573, 40.795812448934889 ], [ -73.89799614059406, 40.795644726282625 ], [ -73.899218214301428, 40.796483339543954 ], [ -73.897885042984299, 40.797112299489946 ], [ -73.896829615691573, 40.795812448934889 ] ] ], [ [ [ -73.898329433423342, 40.802395563036299 ], [ -73.89644077405741, 40.800802197839779 ], [ -73.898662726252624, 40.799083040654061 ], [ -73.899773702350231, 40.799502347284729 ], [ -73.899384860716069, 40.801934325742572 ], [ -73.898329433423342, 40.802395563036299 ] ] ] ] } },
{ "type": "Feature", "properties": { "id": "7", "NTACode": "BX0301", "GEOCODE": 50301, "GEONAME": "Morrisania", "nta_population": 35978.0, "pop_within_walk": 869.54918032786884, "pct_pop_walk": 2.4168913789756763 }, "geometry": { "type": "Polygon", "coordinates": [ [ [ -73.896940713301333, 40.834346728292829 ], [ -73.89632967644765, 40.833550045694565 ], [ -73.896885164496453, 40.831034205910591 ], [ -73.89638522525253, 40.828769950105006 ], [ -73.895496444374444, 40.828266782148212 ], [ -73.899773702350231, 40.827679752865286 ], [ -73.900940227252732, 40.827931336843683 ], [ -73.901662361716177, 40.826254110321031 ], [ -73.900495836813676, 40.826002526342634 ], [ -73.901995654545459, 40.822438419981992 ], [ -73.900606934423436, 40.822102974677463 ], [ -73.901273520082015, 40.820467678817877 ], [ -73.909883584838482, 40.822564211971198 ], [ -73.911661146594653, 40.822102974677463 ], [ -73.916216148594856, 40.823486686558653 ], [ -73.916771636643659, 40.824367230483048 ], [ -73.915438465326531, 40.825792873027304 ], [ -73.913494257155719, 40.82478653711371 ], [ -73.913160964326437, 40.825457427722768 ], [ -73.911327853765371, 40.824828467776776 ], [ -73.911772244204428, 40.826421832973296 ], [ -73.911716695399534, 40.827763614191419 ], [ -73.908939255155516, 40.830237523312327 ], [ -73.905550778057801, 40.829105395409542 ], [ -73.901217971277134, 40.83552078685868 ], [ -73.896940713301333, 40.834346728292829 ] ] ] } },
{ "type": "Feature", "properties": { "id": "8", "NTACode": "BX0302", "GEOCODE": 50302, "GEONAME": "Claremont Village-Claremont (East)", "nta_population": 22891.0, "pop_within_walk": 0.0, "pct_pop_walk": 0.0 }, "geometry": { "type": "Polygon", "coordinates": [ [ [ -73.901329068886895, 40.844493948754874 ], [ -73.894774309910986, 40.843739196819676 ], [ -73.895385346764684, 40.84294251422142 ], [ -73.896662969276932, 40.843529543504346 ], [ -73.901217971277134, 40.83552078685868 ], [ -73.905550778057801, 40.829105395409542 ], [ -73.908939255155516, 40.830237523312327 ], [ -73.910494621692166, 40.830740691269128 ], [ -73.908717059935995, 40.83392742166216 ], [ -73.905995168496844, 40.838497863936389 ], [ -73.905717424472442, 40.839713853165314 ], [ -73.904995290008998, 40.84239741560156 ], [ -73.904828643594357, 40.84474553273327 ], [ -73.901329068886895, 40.844493948754874 ] ] ] } },
{ "type": "Feature", "properties": { "id": "9", "NTACode": "BX0303", "GEOCODE": 50303, "GEONAME": "Crotona Park East", "nta_population": 29055.0, "pop_within_walk": 7482.1910773045774, "pct_pop_walk": 25.751819230096636 }, "geometry": { "type": "Polygon", "coordinates": [ [ [ -73.880053876617666, 40.834682173597358 ], [ -73.88388674415441, 40.829818216681666 ], [ -73.883497902520247, 40.829273118061806 ], [ -73.884386683398347, 40.826799208940891 ], [ -73.884664427422749, 40.823822131863182 ], [ -73.884386683398347, 40.822941587938793 ], [ -73.887719611691168, 40.822396489318926 ], [ -73.887053026032603, 40.82319317191719 ], [ -73.88644198917892, 40.825289705070503 ], [ -73.886108696349638, 40.82763782220222 ], [ -73.887886258105809, 40.826757278277825 ], [ -73.892941199349934, 40.826799208940891 ], [ -73.894829858715866, 40.826254110321031 ], [ -73.895496444374444, 40.828266782148212 ], [ -73.89638522525253, 40.828769950105006 ], [ -73.896885164496453, 40.831034205910591 ], [ -73.89632967644765, 40.833550045694565 ], [ -73.896940713301333, 40.834346728292829 ], [ -73.894329919471943, 40.836191677467745 ], [ -73.891108088788883, 40.836736776087605 ], [ -73.888719490179014, 40.83795276531653 ], [ -73.887275221252125, 40.838120487968794 ], [ -73.886608635593561, 40.839294546534653 ], [ -73.886164245154518, 40.840091229132909 ], [ -73.884664427422749, 40.839168754545454 ], [ -73.882720219251922, 40.838623655925588 ], [ -73.882164731203119, 40.837826973327331 ], [ -73.882220280007999, 40.835436925532548 ], [ -73.880053876617666, 40.834682173597358 ] ] ] } },
{ "type": "Feature", "properties": { "id": "10", "NTACode": "BX0391", "GEOCODE": 50391, "GEONAME": "Crotona Park", "nta_population": 0.0, "pop_within_walk": 0.0, "pct_pop_walk": 0.0 }, "geometry": { "type": "Polygon", "coordinates": [ [ [ -73.895385346764684, 40.84294251422142 ], [ -73.889441624642458, 40.839420338523851 ], [ -73.88816400213021, 40.839881575817579 ], [ -73.886608635593561, 40.839294546534653 ], [ -73.887275221252125, 40.838120487968794 ], [ -73.888719490179014, 40.83795276531653 ], [ -73.891108088788883, 40.836736776087605 ], [ -73.894329919471943, 40.836191677467745 ], [ -73.896940713301333, 40.834346728292829 ], [ -73.901217971277134, 40.83552078685868 ], [ -73.896662969276932, 40.843529543504346 ], [ -73.895385346764684, 40.84294251422142 ] ] ] } },
{ "type": "Feature", "properties": { "id": "11", "NTACode": "BX0401", "GEOCODE": 50401, "GEONAME": "Concourse-Concourse Village", "nta_population": 66808.0, "pop_within_walk": 27618.291979298385, "pct_pop_walk": 41.339797598039738 }, "geometry": { "type": "Polygon", "coordinates": [ [ [ -73.908717059935995, 40.83392742166216 ], [ -73.910494621692166, 40.830740691269128 ], [ -73.908939255155516, 40.830237523312327 ], [ -73.911716695399534, 40.827763614191419 ], [ -73.911772244204428, 40.826421832973296 ], [ -73.911327853765371, 40.824828467776776 ], [ -73.913160964326437, 40.825457427722768 ], [ -73.913494257155719, 40.82478653711371 ], [ -73.915438465326531, 40.825792873027304 ], [ -73.916771636643659, 40.824367230483048 ], [ -73.921937675497546, 40.821012777437744 ], [ -73.92515950618062, 40.817993769696969 ], [ -73.927325909570953, 40.818538868316828 ], [ -73.928881276107617, 40.814890900630061 ], [ -73.930269996229626, 40.813255604770475 ], [ -73.932436399619959, 40.814136148694864 ], [ -73.932325302010199, 40.817616393729374 ], [ -73.93249194842484, 40.821557876057604 ], [ -73.933047436473643, 40.828140990159014 ], [ -73.93093658188819, 40.828350643474344 ], [ -73.930658837863788, 40.827050792919287 ], [ -73.927159263156312, 40.825709011701164 ], [ -73.922215419521947, 40.834179005640564 ], [ -73.923159749204927, 40.834556381608159 ], [ -73.922382065936588, 40.836107816141613 ], [ -73.920493406570657, 40.837156082718266 ], [ -73.916493892619258, 40.835772370837084 ], [ -73.915882855765574, 40.836401330783076 ], [ -73.908717059935995, 40.83392742166216 ] ] ] } },
{ "type": "Feature", "properties": { "id": "12", "NTACode": "BX0402", "GEOCODE": 50402, "GEONAME": "Highbridge", "nta_population": 31667.0, "pop_within_walk": 15262.224329599128, "pct_pop_walk": 48.195990556728226 }, "geometry": { "type": "Polygon", "coordinates": [ [ [ -73.922882005180526, 40.844284295439543 ], [ -73.922826456375645, 40.842732860906089 ], [ -73.921437736253623, 40.84030088244824 ], [ -73.921548833863383, 40.839042962556256 ], [ -73.922270968326828, 40.837868903990397 ], [ -73.922382065936588, 40.836107816141613 ], [ -73.923992981278133, 40.835059549564953 ], [ -73.925381701400141, 40.83262757110711 ], [ -73.927825848814877, 40.829902078007798 ], [ -73.929159020132019, 40.82893767275727 ], [ -73.93093658188819, 40.828350643474344 ], [ -73.933047436473643, 40.828140990159014 ], [ -73.933602924522447, 40.832795293759375 ], [ -73.932991887668763, 40.835688509510952 ], [ -73.930492191449147, 40.839923506480645 ], [ -73.928048044034398, 40.845458354005395 ], [ -73.923937432473252, 40.844787463396337 ], [ -73.922882005180526, 40.844284295439543 ] ] ] } },
{ "type": "Feature", "properties": { "id": "13", "NTACode": "BX0403", "GEOCODE": 50403, "GEONAME": "Mount Eden-Claremont (West)", "nta_population": 51156.0, "pop_within_walk": 38582.905976292393, "pct_pop_walk": 75.422054062656173 }, "geometry": { "type": "Polygon", "coordinates": [ [ [ -73.904828643594357, 40.84474553273327 ], [ -73.904995290008998, 40.84239741560156 ], [ -73.908661511131115, 40.842732860906089 ], [ -73.909605840814081, 40.84210390096009 ], [ -73.908994803960397, 40.839671922502248 ], [ -73.909328096789679, 40.837323805370538 ], [ -73.908161571887192, 40.837156082718266 ], [ -73.906828400570063, 40.838246279957993 ], [ -73.905717424472442, 40.839713853165314 ], [ -73.905995168496844, 40.838497863936389 ], [ -73.908717059935995, 40.83392742166216 ], [ -73.915882855765574, 40.836401330783076 ], [ -73.916493892619258, 40.835772370837084 ], [ -73.920493406570657, 40.837156082718266 ], [ -73.922382065936588, 40.836107816141613 ], [ -73.922270968326828, 40.837868903990397 ], [ -73.921548833863383, 40.839042962556256 ], [ -73.921437736253623, 40.84030088244824 ], [ -73.922826456375645, 40.842732860906089 ], [ -73.922882005180526, 40.844284295439543 ], [ -73.92265980996099, 40.84474553273327 ], [ -73.914160842814283, 40.845122908700866 ], [ -73.910827914521448, 40.845080978037799 ], [ -73.904828643594357, 40.84474553273327 ] ] ] } },
{ "type": "Feature", "properties": { "id": "14", "NTACode": "BX0491", "GEOCODE": 50491, "GEONAME": "Yankee Stadium-Macombs Dam Park", "nta_population": 0.0, "pop_within_walk": 0.0, "pct_pop_walk": 0.0 }, "geometry": { "type": "Polygon", "coordinates": [ [ [ -73.93093658188819, 40.828350643474344 ], [ -73.929159020132019, 40.82893767275727 ], [ -73.927825848814877, 40.829902078007798 ], [ -73.925381701400141, 40.83262757110711 ], [ -73.923992981278133, 40.835059549564953 ], [ -73.922382065936588, 40.836107816141613 ], [ -73.923159749204927, 40.834556381608159 ], [ -73.922215419521947, 40.834179005640564 ], [ -73.927159263156312, 40.825709011701164 ], [ -73.930658837863788, 40.827050792919287 ], [ -73.93093658188819, 40.828350643474344 ] ] ] } },
{ "type": "Feature", "properties": { "id": "15", "NTACode": "BX0492", "GEOCODE": 50492, "GEONAME": "Claremont Park", "nta_population": 0.0, "pop_within_walk": 0.0, "pct_pop_walk": 0.0 }, "geometry": { "type": "Polygon", "coordinates": [ [ [ -73.904995290008998, 40.84239741560156 ], [ -73.905717424472442, 40.839713853165314 ], [ -73.906828400570063, 40.838246279957993 ], [ -73.908161571887192, 40.837156082718266 ], [ -73.909328096789679, 40.837323805370538 ], [ -73.908994803960397, 40.839671922502248 ], [ -73.909605840814081, 40.84210390096009 ], [ -73.908661511131115, 40.842732860906089 ], [ -73.904995290008998, 40.84239741560156 ] ] ] } },
{ "type": "Feature", "properties": { "id": "16", "NTACode": "BX0501", "GEOCODE": 50501, "GEONAME": "University Heights (South)-Morris Heights", "nta_population": 53958.0, "pop_within_walk": 6812.3350062849004, "pct_pop_walk": 12.625254839476815 }, "geometry": { "type": "Polygon", "coordinates": [ [ [ -73.904884192399237, 40.858708443534354 ], [ -73.905661875667562, 40.857408592979297 ], [ -73.904661997179716, 40.857073147674768 ], [ -73.905550778057801, 40.855773297119711 ], [ -73.910605719301927, 40.850196518931888 ], [ -73.914160842814283, 40.845122908700866 ], [ -73.92265980996099, 40.84474553273327 ], [ -73.922882005180526, 40.844284295439543 ], [ -73.923937432473252, 40.844787463396337 ], [ -73.928048044034398, 40.845458354005395 ], [ -73.924659566936697, 40.849777212301227 ], [ -73.922548712351229, 40.853173596009597 ], [ -73.919049137643768, 40.857408592979297 ], [ -73.917216027082702, 40.856821563696364 ], [ -73.916160599789976, 40.858792304860486 ], [ -73.915438465326531, 40.858708443534354 ], [ -73.913272061936198, 40.859630918121809 ], [ -73.910883463326329, 40.858792304860486 ], [ -73.909661389618961, 40.857492454305429 ], [ -73.907772730253029, 40.859588987458743 ], [ -73.904884192399237, 40.858708443534354 ] ] ] } },
{ "type": "Feature", "properties": { "id": "17", "NTACode": "BX0502", "GEOCODE": 50502, "GEONAME": "Mount Hope", "nta_population": 47292.0, "pop_within_walk": 44314.544207084844, "pct_pop_walk": 93.704102611614729 }, "geometry": { "type": "Polygon", "coordinates": [ [ [ -73.89644077405741, 40.854892753195315 ], [ -73.895607541984205, 40.854557307890786 ], [ -73.901329068886895, 40.844493948754874 ], [ -73.904828643594357, 40.84474553273327 ], [ -73.910827914521448, 40.845080978037799 ], [ -73.914160842814283, 40.845122908700866 ], [ -73.910605719301927, 40.850196518931888 ], [ -73.905550778057801, 40.855773297119711 ], [ -73.903939862716271, 40.854976614521448 ], [ -73.901884556935698, 40.854599238553853 ], [ -73.900773580838091, 40.856066811761174 ], [ -73.898162787008701, 40.855144337173712 ], [ -73.89644077405741, 40.854892753195315 ] ] ] } },
{ "type": "Feature", "properties": { "id": "18", "NTACode": "BX0503", "GEOCODE": 50503, "GEONAME": "Fordham Heights", "nta_population": 32647.0, "pop_within_walk": 23375.888289181843, "pct_pop_walk": 71.601948997402033 }, "geometry": { "type": "Polygon", "coordinates": [ [ [ -73.891774674447447, 40.861853243264321 ], [ -73.893218943374336, 40.859882502100206 ], [ -73.89644077405741, 40.854892753195315 ], [ -73.898162787008701, 40.855144337173712 ], [ -73.900773580838091, 40.856066811761174 ], [ -73.901884556935698, 40.854599238553853 ], [ -73.903939862716271, 40.854976614521448 ], [ -73.905550778057801, 40.855773297119711 ], [ -73.904661997179716, 40.857073147674768 ], [ -73.905661875667562, 40.857408592979297 ], [ -73.904884192399237, 40.858708443534354 ], [ -73.903495472277228, 40.860930768676866 ], [ -73.902551142594263, 40.860595323372337 ], [ -73.901106873667374, 40.862775717851783 ], [ -73.899440409520949, 40.862104827242725 ], [ -73.896940713301333, 40.862440272547254 ], [ -73.892830101740174, 40.861811312601255 ], [ -73.891774674447447, 40.861853243264321 ] ] ] } },
{ "type": "Feature", "properties": { "id": "19", "NTACode": "BX0601", "GEOCODE": 50601, "GEONAME": "West Farms", "nta_population": 17898.0, "pop_within_walk": 8055.6918379855315, "pct_pop_walk": 45.008893943376535 }, "geometry": { "type": "Polygon", "coordinates": [ [ [ -73.872832531983192, 40.83975578382838 ], [ -73.873943508080814, 40.835982024152415 ], [ -73.876720948324831, 40.836191677467745 ], [ -73.879276193349341, 40.834430589618961 ], [ -73.880053876617666, 40.834682173597358 ], [ -73.882220280007999, 40.835436925532548 ], [ -73.882164731203119, 40.837826973327331 ], [ -73.882720219251922, 40.838623655925588 ], [ -73.884664427422749, 40.839168754545454 ], [ -73.886164245154518, 40.840091229132909 ], [ -73.885219915471552, 40.844997116711667 ], [ -73.883386804910486, 40.847387164506451 ], [ -73.883109060886085, 40.848225777767773 ], [ -73.882831316861683, 40.847806471137112 ], [ -73.877331985178515, 40.84399078079808 ], [ -73.87816521725172, 40.842607068916891 ], [ -73.874610093739378, 40.841516871677165 ], [ -73.873999056885694, 40.842523207590759 ], [ -73.872165946324628, 40.843655335493544 ], [ -73.871110519031902, 40.844913255385535 ], [ -73.870999421422141, 40.845919591299129 ], [ -73.869888445324534, 40.846632412571253 ], [ -73.86922185966597, 40.849232113681367 ], [ -73.867833139543961, 40.848854737713772 ], [ -73.868610822812286, 40.84529063135313 ], [ -73.868055334763483, 40.844829394059403 ], [ -73.870999421422141, 40.843110236873684 ], [ -73.873610215251531, 40.839797714491446 ], [ -73.872832531983192, 40.83975578382838 ] ] ] } },
{ "type": "Feature", "properties": { "id": "20", "NTACode": "BX0602", "GEOCODE": 50602, "GEONAME": "Tremont", "nta_population": 32551.0, "pop_within_walk": 0.0, "pct_pop_walk": 0.0 }, "geometry": { "type": "Polygon", "coordinates": [ [ [ -73.883109060886085, 40.848225777767773 ], [ -73.883386804910486, 40.847387164506451 ], [ -73.885219915471552, 40.844997116711667 ], [ -73.886164245154518, 40.840091229132909 ], [ -73.886608635593561, 40.839294546534653 ], [ -73.88816400213021, 40.839881575817579 ], [ -73.889441624642458, 40.839420338523851 ], [ -73.895385346764684, 40.84294251422142 ], [ -73.894774309910986, 40.843739196819676 ], [ -73.901329068886895, 40.844493948754874 ], [ -73.895607541984205, 40.854557307890786 ], [ -73.892163516081609, 40.852754289378936 ], [ -73.890385954325438, 40.854683099879985 ], [ -73.889608271057099, 40.853634833303325 ], [ -73.889997112691276, 40.852083398769878 ], [ -73.887330770057005, 40.850867409540953 ], [ -73.883109060886085, 40.848225777767773 ] ] ] } },
{ "type": "Feature", "properties": { "id": "21", "NTACode": "BX0603", "GEOCODE": 50603, "GEONAME": "Belmont", "nta_population": 36644.0, "pop_within_walk": 516.0, "pct_pop_walk": 1.4081432158061347 }, "geometry": { "type": "Polygon", "coordinates": [ [ [ -73.883109060886085, 40.866591408190814 ], [ -73.883831195349529, 40.865207696309625 ], [ -73.883775646544649, 40.864159429732972 ], [ -73.881998084788478, 40.862062896579658 ], [ -73.880609364666469, 40.8608888380138 ], [ -73.880998206300632, 40.85824720624062 ], [ -73.88072046227623, 40.856695771707166 ], [ -73.883109060886085, 40.848225777767773 ], [ -73.887330770057005, 40.850867409540953 ], [ -73.889997112691276, 40.852083398769878 ], [ -73.889608271057099, 40.853634833303325 ], [ -73.890385954325438, 40.854683099879985 ], [ -73.892163516081609, 40.852754289378936 ], [ -73.895607541984205, 40.854557307890786 ], [ -73.89644077405741, 40.854892753195315 ], [ -73.893218943374336, 40.859882502100206 ], [ -73.891774674447447, 40.861853243264321 ], [ -73.890163759105917, 40.863488539123907 ], [ -73.888886136593655, 40.864746459015898 ], [ -73.88810845332533, 40.864243291059104 ], [ -73.886830830813082, 40.865375418961897 ], [ -73.883609000130008, 40.867262298799879 ], [ -73.883109060886085, 40.866591408190814 ] ] ] } },
{ "type": "Feature", "properties": { "id": "22", "NTACode": "BX0701", "GEOCODE": 50701, "GEONAME": "University Heights (North)-Fordham", "nta_population": 44356.0, "pop_within_walk": 37039.235117784207, "pct_pop_walk": 83.504452876238176 }, "geometry": { "type": "Polygon", "coordinates": [ [ [ -73.906161814911485, 40.873258383618357 ], [ -73.904439801960194, 40.872252047704769 ], [ -73.904495350765075, 40.870574821182117 ], [ -73.902384496179621, 40.868687941344135 ], [ -73.89966260474047, 40.868562149354936 ], [ -73.898940470277026, 40.869652346594656 ], [ -73.896551871667171, 40.868562149354936 ], [ -73.897385103740376, 40.86747195211521 ], [ -73.894107724252422, 40.865920517581756 ], [ -73.890163759105917, 40.863488539123907 ], [ -73.891774674447447, 40.861853243264321 ], [ -73.892830101740174, 40.861811312601255 ], [ -73.896940713301333, 40.862440272547254 ], [ -73.899440409520949, 40.862104827242725 ], [ -73.901106873667374, 40.862775717851783 ], [ -73.902551142594263, 40.860595323372337 ], [ -73.903495472277228, 40.860930768676866 ], [ -73.904884192399237, 40.858708443534354 ], [ -73.907772730253029, 40.859588987458743 ], [ -73.909661389618961, 40.857492454305429 ], [ -73.910883463326329, 40.858792304860486 ], [ -73.913272061936198, 40.859630918121809 ], [ -73.915438465326531, 40.858708443534354 ], [ -73.916160599789976, 40.858792304860486 ], [ -73.917216027082702, 40.856821563696364 ], [ -73.919049137643768, 40.857408592979297 ], [ -73.917216027082702, 40.858918096849685 ], [ -73.914605233253326, 40.862104827242725 ], [ -73.910939012131209, 40.865920517581756 ], [ -73.90949474320432, 40.868813733333333 ], [ -73.908939255155516, 40.872168186378637 ], [ -73.907439437423747, 40.873551898259826 ], [ -73.906161814911485, 40.873258383618357 ] ] ] } },
{ "type": "Feature", "properties": { "id": "23", "NTACode": "BX0702", "GEOCODE": 50702, "GEONAME": "Bedford Park", "nta_population": 52222.0, "pop_within_walk": 51026.052652834755, "pct_pop_walk": 97.709878313421086 }, "geometry": { "type": "Polygon", "coordinates": [ [ [ -73.887108574837484, 40.882818574797476 ], [ -73.887053026032603, 40.882483129492947 ], [ -73.883442353715367, 40.876067738043801 ], [ -73.883386804910486, 40.873929274227422 ], [ -73.882553572837281, 40.8724617010201 ], [ -73.881442596739674, 40.868562149354936 ], [ -73.883609000130008, 40.867262298799879 ], [ -73.886830830813082, 40.865375418961897 ], [ -73.88810845332533, 40.864243291059104 ], [ -73.888886136593655, 40.864746459015898 ], [ -73.890163759105917, 40.863488539123907 ], [ -73.894107724252422, 40.865920517581756 ], [ -73.897385103740376, 40.86747195211521 ], [ -73.896551871667171, 40.868562149354936 ], [ -73.898940470277026, 40.869652346594656 ], [ -73.897773945374539, 40.87086833582358 ], [ -73.898384982228222, 40.873677690249025 ], [ -73.899884799959992, 40.874180858205818 ], [ -73.900440288008795, 40.874977540804075 ], [ -73.899829251155111, 40.87640318334833 ], [ -73.896662969276932, 40.880135012361237 ], [ -73.89638522525253, 40.881812238883889 ], [ -73.894329919471943, 40.883028228112806 ], [ -73.891608028032806, 40.882357337503748 ], [ -73.887941806910689, 40.882902436123608 ], [ -73.887108574837484, 40.882818574797476 ] ] ] } },
{ "type": "Feature", "properties": { "id": "24", "NTACode": "BX0703", "GEOCODE": 50703, "GEONAME": "Norwood", "nta_population": 35206.0, "pop_within_walk": 3061.6404273460075, "pct_pop_walk": 8.6963597890871096 }, "geometry": { "type": "Polygon", "coordinates": [ [ [ -73.8708327750075, 40.880470457665766 ], [ -73.870166189348936, 40.880344665676567 ], [ -73.870943872617261, 40.878499716501651 ], [ -73.872554787958791, 40.875187194119412 ], [ -73.875165581788181, 40.871581157095704 ], [ -73.876943143544352, 40.869945861236118 ], [ -73.883109060886085, 40.866591408190814 ], [ -73.883609000130008, 40.867262298799879 ], [ -73.881442596739674, 40.868562149354936 ], [ -73.882553572837281, 40.8724617010201 ], [ -73.883386804910486, 40.873929274227422 ], [ -73.883442353715367, 40.876067738043801 ], [ -73.887053026032603, 40.882483129492947 ], [ -73.887108574837484, 40.882818574797476 ], [ -73.887053026032603, 40.884370009330929 ], [ -73.884220036983692, 40.883195950765071 ], [ -73.882775768056803, 40.883405604080409 ], [ -73.881220401520153, 40.882692782808277 ], [ -73.878054119641959, 40.887137433093308 ], [ -73.877609729202916, 40.884537731983194 ], [ -73.878109668446839, 40.882147684188418 ], [ -73.874721191349138, 40.881560654905485 ], [ -73.874776740154019, 40.88009308169817 ], [ -73.8708327750075, 40.880470457665766 ] ] ] } },
{ "type": "Feature", "properties": { "id": "25", "NTACode": "BX0801", "GEOCODE": 50801, "GEONAME": "Kingsbridge Heights-Van Cortlandt Village", "nta_population": 34393.0, "pop_within_walk": 8318.5193321301394, "pct_pop_walk": 24.18666394943779 }, "geometry": { "type": "Polygon", "coordinates": [ [ [ -73.887053026032603, 40.884370009330929 ], [ -73.887108574837484, 40.882818574797476 ], [ -73.887941806910689, 40.882902436123608 ], [ -73.891608028032806, 40.882357337503748 ], [ -73.894329919471943, 40.883028228112806 ], [ -73.89638522525253, 40.881812238883889 ], [ -73.896662969276932, 40.880135012361237 ], [ -73.899829251155111, 40.87640318334833 ], [ -73.900440288008795, 40.874977540804075 ], [ -73.899884799959992, 40.874180858205818 ], [ -73.898384982228222, 40.873677690249025 ], [ -73.897773945374539, 40.87086833582358 ], [ -73.898940470277026, 40.869652346594656 ], [ -73.89966260474047, 40.868562149354936 ], [ -73.902384496179621, 40.868687941344135 ], [ -73.904495350765075, 40.870574821182117 ], [ -73.904439801960194, 40.872252047704769 ], [ -73.906161814911485, 40.873258383618357 ], [ -73.90377321630163, 40.878541647164717 ], [ -73.898607177447744, 40.884411939993996 ], [ -73.896662969276932, 40.885963374527449 ], [ -73.887608514081407, 40.884244217341731 ], [ -73.887053026032603, 40.884370009330929 ] ] ] } },
{ "type": "Feature", "properties": { "id": "26", "NTACode": "BX0802", "GEOCODE": 50802, "GEONAME": "Kingsbridge-Marble Hill", "nta_population": 24166.0, "pop_within_walk": 17158.899524060573, "pct_pop_walk": 71.004301597536085 }, "geometry": { "type": "Polygon", "coordinates": [ [ [ -73.89794059178918, 40.890533816801678 ], [ -73.899884799959992, 40.886550403810375 ], [ -73.896662969276932, 40.885963374527449 ], [ -73.898607177447744, 40.884411939993996 ], [ -73.90377321630163, 40.878541647164717 ], [ -73.906161814911485, 40.873258383618357 ], [ -73.907439437423747, 40.873551898259826 ], [ -73.908939255155516, 40.872168186378637 ], [ -73.909605840814081, 40.873090660966092 ], [ -73.911661146594653, 40.874474372847281 ], [ -73.915771758155813, 40.875732292739272 ], [ -73.914827428472847, 40.876654767326727 ], [ -73.91204998822883, 40.878122340534048 ], [ -73.911494500180012, 40.879002884458444 ], [ -73.909661389618961, 40.879506052415238 ], [ -73.910550170497046, 40.880470457665766 ], [ -73.909383645594559, 40.881434862916286 ], [ -73.906939498179824, 40.884747385298525 ], [ -73.904162057935793, 40.887095502430242 ], [ -73.902884435423545, 40.889150104920489 ], [ -73.900884678447852, 40.888898520942092 ], [ -73.89794059178918, 40.890533816801678 ] ] ] } },
{ "type": "Feature", "properties": { "id": "27", "NTACode": "BX0803", "GEOCODE": 50803, "GEONAME": "Riverdale-Spuyten Duyvil", "nta_population": 47218.0, "pop_within_walk": 822.71593327723599, "pct_pop_walk": 1.7423777654225847 }, "geometry": { "type": "Polygon", "coordinates": [ [ [ -73.896607420472051, 40.911415287008701 ], [ -73.89638522525253, 40.903196877047705 ], [ -73.897162908520855, 40.899381186708666 ], [ -73.89644077405741, 40.893636685868586 ], [ -73.89794059178918, 40.890533816801678 ], [ -73.900884678447852, 40.888898520942092 ], [ -73.902884435423545, 40.889150104920489 ], [ -73.904162057935793, 40.887095502430242 ], [ -73.906939498179824, 40.884747385298525 ], [ -73.909383645594559, 40.881434862916286 ], [ -73.910550170497046, 40.880470457665766 ], [ -73.909661389618961, 40.879506052415238 ], [ -73.911494500180012, 40.879002884458444 ], [ -73.91204998822883, 40.878122340534048 ], [ -73.914827428472847, 40.876654767326727 ], [ -73.915771758155813, 40.875732292739272 ], [ -73.91777151513152, 40.87564843141314 ], [ -73.919771272107212, 40.87640318334833 ], [ -73.922048773107306, 40.878583577827783 ], [ -73.92360413964397, 40.878960953795378 ], [ -73.923826334863492, 40.880344665676567 ], [ -73.920604504180417, 40.887179363756374 ], [ -73.9169382830583, 40.896655693609361 ], [ -73.915160721302129, 40.901603511851185 ], [ -73.914605233253326, 40.90411935163516 ], [ -73.914160842814283, 40.904161282298226 ], [ -73.912661025082514, 40.908060833963397 ], [ -73.911438951375132, 40.912840929552949 ], [ -73.911661146594653, 40.913427958835882 ], [ -73.910105780058004, 40.9153987 ], [ -73.908494864716474, 40.915021324032402 ], [ -73.902440044984502, 40.912966721542155 ], [ -73.900606934423436, 40.912589345574553 ], [ -73.896607420472051, 40.911415287008701 ] ] ] } },
{ "type": "Feature", "properties": { "id": "28", "NTACode": "BX0901", "GEOCODE": 50901, "GEONAME": "Soundview-Bruckner-Bronx River", "nta_population": 67539.0, "pop_within_walk": 3411.6679807033706, "pct_pop_walk": 5.0514043451981383 }, "geometry": { "type": "Polygon", "coordinates": [ [ [ -73.862722649494955, 40.832921085748573 ], [ -73.863666979177921, 40.832711432433243 ], [ -73.862667100690075, 40.82818292082208 ], [ -73.860667343714368, 40.828434504800477 ], [ -73.859723014031402, 40.826296040984097 ], [ -73.871443811861184, 40.824702675787577 ], [ -73.873554666446651, 40.824409161146114 ], [ -73.87244369034903, 40.820132233513348 ], [ -73.879831681398144, 40.81916782826282 ], [ -73.880998206300632, 40.818245353675366 ], [ -73.882442475227521, 40.81925168958896 ], [ -73.884386683398347, 40.822941587938793 ], [ -73.884664427422749, 40.823822131863182 ], [ -73.884386683398347, 40.826799208940891 ], [ -73.883497902520247, 40.829273118061806 ], [ -73.88388674415441, 40.829818216681666 ], [ -73.880053876617666, 40.834682173597358 ], [ -73.879276193349341, 40.834430589618961 ], [ -73.876720948324831, 40.836191677467745 ], [ -73.873943508080814, 40.835982024152415 ], [ -73.872832531983192, 40.83975578382838 ], [ -73.86922185966597, 40.839588061176116 ], [ -73.864500211251126, 40.841097565046503 ], [ -73.863944723202323, 40.840049298469843 ], [ -73.862722649494955, 40.832921085748573 ] ] ] } },
{ "type": "Feature", "properties": { "id": "29", "NTACode": "BX0902", "GEOCODE": 50902, "GEONAME": "Soundview-Clason Point", "nta_population": 36633.0, "pop_within_walk": 0.0, "pct_pop_walk": 0.0 }, "geometry": { "type": "Polygon", "coordinates": [ [ [ -73.845780264006407, 40.811578378247823 ], [ -73.84616910564057, 40.810655903660361 ], [ -73.847446728152818, 40.810907487638758 ], [ -73.848224411421143, 40.812458922172212 ], [ -73.849057643494348, 40.812123476867683 ], [ -73.849835326762673, 40.809985013051303 ], [ -73.849946424372433, 40.808559370507048 ], [ -73.848391057835784, 40.807385311941189 ], [ -73.848391057835784, 40.806378976027602 ], [ -73.847502276957698, 40.80545650144014 ], [ -73.848724350665066, 40.804743680168016 ], [ -73.850168619591955, 40.804534026852686 ], [ -73.855834597689764, 40.804534026852686 ], [ -73.856112341714166, 40.805288778787876 ], [ -73.858112098689872, 40.80545650144014 ], [ -73.858667586738676, 40.80684021332133 ], [ -73.858389842714274, 40.808265855865585 ], [ -73.859056428372838, 40.809985013051303 ], [ -73.860334050885086, 40.809523775757576 ], [ -73.862278259055913, 40.809943082388237 ], [ -73.861111734153411, 40.811159071617162 ], [ -73.864333564836485, 40.813004020792079 ], [ -73.864611308860887, 40.814220010020996 ], [ -73.866555517031699, 40.814345802010202 ], [ -73.868888566836688, 40.815100553945392 ], [ -73.869555152495252, 40.816106889858986 ], [ -73.871443811861184, 40.824702675787577 ], [ -73.859723014031402, 40.826296040984097 ], [ -73.856334536933687, 40.826757278277825 ], [ -73.855945695299525, 40.8260444570057 ], [ -73.85361264549455, 40.816106889858986 ], [ -73.851612888518858, 40.816358473837383 ], [ -73.851168498079801, 40.814387732673268 ], [ -73.847057886518655, 40.814807039303929 ], [ -73.846335752055211, 40.811704170237022 ], [ -73.845780264006407, 40.811578378247823 ] ] ] } },
{ "type": "Feature", "properties": { "id": "30", "NTACode": "BX0903", "GEOCODE": 50903, "GEONAME": "Castle Hill-Unionport", "nta_population": 36636.0, "pop_within_walk": 0.0, "pct_pop_walk": 0.0 }, "geometry": { "type": "MultiPolygon", "coordinates": [ [ [ [ -73.839725444274421, 40.816400404500449 ], [ -73.840058737103703, 40.817909908370837 ], [ -73.838947761006096, 40.819000105610556 ], [ -73.839058858615857, 40.822690003960396 ], [ -73.841114164396444, 40.826170248994899 ], [ -73.842280689298931, 40.828686088778873 ], [ -73.837003552835284, 40.829063464746469 ], [ -73.836836906420643, 40.828434504800477 ], [ -73.836003674347438, 40.823528617221719 ], [ -73.836059223152319, 40.817784116381638 ], [ -73.836948004030404, 40.816358473837383 ], [ -73.839725444274421, 40.816400404500449 ] ] ], [ [ [ -73.842891726152615, 40.828602227452741 ], [ -73.84044757873788, 40.823360894569454 ], [ -73.839836541884182, 40.821557876057604 ], [ -73.840280932323239, 40.819629065556555 ], [ -73.84200294527453, 40.818790452295225 ], [ -73.84211404288429, 40.818077631023101 ], [ -73.844113799859983, 40.814513524662466 ], [ -73.84528032476247, 40.811788031563154 ], [ -73.845780264006407, 40.811578378247823 ], [ -73.846335752055211, 40.811704170237022 ], [ -73.847057886518655, 40.814807039303929 ], [ -73.851168498079801, 40.814387732673268 ], [ -73.851612888518858, 40.816358473837383 ], [ -73.85361264549455, 40.816106889858986 ], [ -73.855945695299525, 40.8260444570057 ], [ -73.856334536933687, 40.826757278277825 ], [ -73.859723014031402, 40.826296040984097 ], [ -73.860667343714368, 40.828434504800477 ], [ -73.862667100690075, 40.82818292082208 ], [ -73.863666979177921, 40.832711432433243 ], [ -73.862722649494955, 40.832921085748573 ], [ -73.860833990129009, 40.833633907020698 ], [ -73.860334050885086, 40.833256531053102 ], [ -73.851668437323738, 40.83422093630363 ], [ -73.848502155445544, 40.834514450945093 ], [ -73.847280081738177, 40.829315048724872 ], [ -73.84533587356735, 40.828434504800477 ], [ -73.842891726152615, 40.828602227452741 ] ] ] ] } },
{ "type": "Feature", "properties": { "id": "31", "NTACode": "BX0904", "GEOCODE": 50904, "GEONAME": "Parkchester", "nta_population": 29846.0, "pop_within_walk": 0.0, "pct_pop_walk": 0.0 }, "geometry": { "type": "Polygon", "coordinates": [ [ [ -73.851668437323738, 40.83422093630363 ], [ -73.860334050885086, 40.833256531053102 ], [ -73.860833990129009, 40.833633907020698 ], [ -73.862722649494955, 40.832921085748573 ], [ -73.863944723202323, 40.840049298469843 ], [ -73.864500211251126, 40.841097565046503 ], [ -73.8634447839584, 40.841307218361834 ], [ -73.853334901470149, 40.842481276927693 ], [ -73.852057278957901, 40.835604648184813 ], [ -73.851668437323738, 40.83422093630363 ] ] ] } },
{ "type": "Feature", "properties": { "id": "32", "NTACode": "BX0991", "GEOCODE": 50991, "GEONAME": "Soundview Park", "nta_population": 0.0, "pop_within_walk": 0.0, "pct_pop_walk": 0.0 }, "geometry": { "type": "Polygon", "coordinates": [ [ [ -73.862278259055913, 40.809943082388237 ], [ -73.867666493129306, 40.810572042334229 ], [ -73.869777347714773, 40.81342332742274 ], [ -73.871721555885586, 40.814932831293127 ], [ -73.876498753105309, 40.816148820522052 ], [ -73.87660985071507, 40.815729513891384 ], [ -73.878054119641959, 40.816190751185118 ], [ -73.880998206300632, 40.818245353675366 ], [ -73.879831681398144, 40.81916782826282 ], [ -73.87244369034903, 40.820132233513348 ], [ -73.873554666446651, 40.824409161146114 ], [ -73.871443811861184, 40.824702675787577 ], [ -73.869555152495252, 40.816106889858986 ], [ -73.868888566836688, 40.815100553945392 ], [ -73.866555517031699, 40.814345802010202 ], [ -73.864611308860887, 40.814220010020996 ], [ -73.864333564836485, 40.813004020792079 ], [ -73.861111734153411, 40.811159071617162 ], [ -73.862278259055913, 40.809943082388237 ] ] ] } },
{ "type": "Feature", "properties": { "id": "33", "NTACode": "BX1001", "GEOCODE": 51001, "GEONAME": "Westchester Square", "nta_population": 15387.0, "pop_within_walk": 8827.2229413433597, "pct_pop_walk": 57.368057069886007 }, "geometry": { "type": "Polygon", "coordinates": [ [ [ -73.844947031933188, 40.848225777767773 ], [ -73.844613739103906, 40.846380828592856 ], [ -73.844891483128308, 40.845416423342328 ], [ -73.843280567786778, 40.843529543504346 ], [ -73.841225262006205, 40.84059439708971 ], [ -73.839392151445139, 40.840887911731173 ], [ -73.839725444274421, 40.83954613051305 ], [ -73.840280932323239, 40.839504199849983 ], [ -73.839836541884182, 40.836107816141613 ], [ -73.839392151445139, 40.834598312271225 ], [ -73.839947639493943, 40.833340392379235 ], [ -73.842225140494051, 40.831537373867384 ], [ -73.843113921372137, 40.8297762860186 ], [ -73.842891726152615, 40.828602227452741 ], [ -73.84533587356735, 40.828434504800477 ], [ -73.847280081738177, 40.829315048724872 ], [ -73.848502155445544, 40.834514450945093 ], [ -73.851668437323738, 40.83422093630363 ], [ -73.852057278957901, 40.835604648184813 ], [ -73.853334901470149, 40.842481276927693 ], [ -73.848057765006502, 40.843068306210618 ], [ -73.84622465444545, 40.844493948754874 ], [ -73.847891118591861, 40.846003452625261 ], [ -73.844947031933188, 40.848225777767773 ] ] ] } },
{ "type": "Feature", "properties": { "id": "34", "NTACode": "BX1002", "GEOCODE": 51002, "GEONAME": "Throgs Neck-Schuylerville", "nta_population": 43157.0, "pop_within_walk": 2093.0861393643636, "pct_pop_walk": 4.8499342849696774 }, "geometry": { "type": "Polygon", "coordinates": [ [ [ -73.826227084688469, 40.842984444884486 ], [ -73.825838243054307, 40.837072221392134 ], [ -73.825504950225024, 40.835227272217217 ], [ -73.824616169346939, 40.833843560336028 ], [ -73.822560863566352, 40.834472520282027 ], [ -73.816061653395337, 40.836023954815481 ], [ -73.816061653395337, 40.834598312271225 ], [ -73.815506165346534, 40.832292125802574 ], [ -73.814784030883089, 40.83082455259526 ], [ -73.813839701200123, 40.82998593933393 ], [ -73.812728725102502, 40.828266782148212 ], [ -73.813839701200123, 40.826841139603957 ], [ -73.814061896419645, 40.824493022472247 ], [ -73.81328421315132, 40.82394792385238 ], [ -73.809673540834083, 40.825289705070503 ], [ -73.80911805278528, 40.825876734353436 ], [ -73.807007198199813, 40.825331635733569 ], [ -73.806673905370531, 40.82340282523252 ], [ -73.805840673297325, 40.821893321362133 ], [ -73.805729575687565, 40.820174164176414 ], [ -73.80334097707771, 40.818245353675366 ], [ -73.802452196199624, 40.818538868316828 ], [ -73.79756390137014, 40.816526196489647 ], [ -73.797397254955499, 40.81577144455445 ], [ -73.799008170297029, 40.815561791239119 ], [ -73.800119146394636, 40.814010356705666 ], [ -73.801452317711764, 40.812920159465946 ], [ -73.802785489028906, 40.812458922172212 ], [ -73.803174330663069, 40.813507188748872 ], [ -73.805118538833881, 40.815645652565252 ], [ -73.805674026882684, 40.81501669261926 ], [ -73.80495189241924, 40.812165407530749 ], [ -73.803896465126513, 40.812123476867683 ], [ -73.802341098589864, 40.810026943714369 ], [ -73.798563779857986, 40.809607637083708 ], [ -73.792286764906493, 40.80684021332133 ], [ -73.790842495979604, 40.807343381278123 ], [ -73.790064812711265, 40.805414570777074 ], [ -73.791064691199125, 40.804282442874282 ], [ -73.7933977410041, 40.80419858154815 ], [ -73.795175302760271, 40.805750016081603 ], [ -73.798841523882388, 40.807175658625859 ], [ -73.801674512931285, 40.809020607800775 ], [ -73.804063111541154, 40.808769023822379 ], [ -73.807118295809573, 40.810655903660361 ], [ -73.808562564736476, 40.812165407530749 ], [ -73.814006347614765, 40.813549119411938 ], [ -73.81650604383438, 40.813842634053401 ], [ -73.821172143444343, 40.812962090129012 ], [ -73.824282876517657, 40.812123476867683 ], [ -73.826282633493349, 40.81128486360636 ], [ -73.828393488078802, 40.814890900630061 ], [ -73.823171900420036, 40.816693919141912 ], [ -73.825393852615264, 40.820216094839481 ], [ -73.826727023932392, 40.821809460036 ], [ -73.828337939273922, 40.82105470810081 ], [ -73.829448915371543, 40.822396489318926 ], [ -73.824671718151819, 40.824744606450643 ], [ -73.835337088688874, 40.82818292082208 ], [ -73.836836906420643, 40.828434504800477 ], [ -73.837003552835284, 40.829063464746469 ], [ -73.842280689298931, 40.828686088778873 ], [ -73.841891847664769, 40.830698760606055 ], [ -73.839003309810977, 40.833382323042301 ], [ -73.839169956225618, 40.83870751725172 ], [ -73.839725444274421, 40.83954613051305 ], [ -73.839392151445139, 40.840887911731173 ], [ -73.837670138493849, 40.841139495709569 ], [ -73.836836906420643, 40.843445682178213 ], [ -73.832948490079005, 40.843529543504346 ], [ -73.830448793859389, 40.843864988808875 ], [ -73.826115987078708, 40.845332562016196 ], [ -73.826227084688469, 40.842984444884486 ] ] ] } },
{ "type": "Feature", "properties": { "id": "35", "NTACode": "BX1003", "GEOCODE": 51003, "GEONAME": "Pelham Bay-Country Club-City Island", "nta_population": 27665.0, "pop_within_walk": 8909.1841688865934, "pct_pop_walk": 32.203810478534585 }, "geometry": { "type": "MultiPolygon", "coordinates": [ [ [ [ -73.816061653395337, 40.836023954815481 ], [ -73.822560863566352, 40.834472520282027 ], [ -73.824616169346939, 40.833843560336028 ], [ -73.825504950225024, 40.835227272217217 ], [ -73.825838243054307, 40.837072221392134 ], [ -73.826227084688469, 40.842984444884486 ], [ -73.825171657395742, 40.842690930243023 ], [ -73.824949462176221, 40.846087313951394 ], [ -73.820505557785779, 40.848519292409236 ], [ -73.820116716151617, 40.848016124452442 ], [ -73.816283848614859, 40.848561223072302 ], [ -73.815117323712371, 40.849064391029103 ], [ -73.816172751005098, 40.847009788538848 ], [ -73.814228542834286, 40.846003452625261 ], [ -73.814172994029406, 40.84474553273327 ], [ -73.813450859565961, 40.843655335493544 ], [ -73.815006226102611, 40.84348761284128 ], [ -73.815395067736773, 40.84239741560156 ], [ -73.814784030883089, 40.839084893219322 ], [ -73.8164504950295, 40.837785042664265 ], [ -73.816061653395337, 40.836023954815481 ] ] ], [ [ [ -73.836836906420643, 40.843445682178213 ], [ -73.83622586956696, 40.845835729972997 ], [ -73.835559283908395, 40.851957606780672 ], [ -73.834614954225415, 40.853802555955596 ], [ -73.833892819761971, 40.854473446564654 ], [ -73.831282025932595, 40.855437851815182 ], [ -73.828615683298324, 40.855731366456645 ], [ -73.827226963176315, 40.853341318661862 ], [ -73.827115865566554, 40.85187374545454 ], [ -73.82800464644464, 40.848645084398434 ], [ -73.826115987078708, 40.845332562016196 ], [ -73.830448793859389, 40.843864988808875 ], [ -73.832948490079005, 40.843529543504346 ], [ -73.836836906420643, 40.843445682178213 ] ] ], [ [ [ -73.789231580638059, 40.85875037419742 ], [ -73.788787190199017, 40.858414928892884 ], [ -73.788898287808777, 40.856611910381034 ], [ -73.788342799759974, 40.855605574467447 ], [ -73.788509446174615, 40.854431515901588 ], [ -73.787953958125811, 40.85346711065106 ], [ -73.786398591589162, 40.852125329432944 ], [ -73.784454383418336, 40.851077062856284 ], [ -73.78356560254025, 40.849274044344433 ], [ -73.782454626442643, 40.849357905670566 ], [ -73.781510296759677, 40.848561223072302 ], [ -73.783065663296327, 40.845500284668461 ], [ -73.783454504930489, 40.843655335493544 ], [ -73.781565845564558, 40.84080405040504 ], [ -73.781343650345036, 40.839294546534653 ], [ -73.78189913839384, 40.837659250675067 ], [ -73.784121090589053, 40.836736776087605 ], [ -73.785565359515957, 40.837910834653464 ], [ -73.785732005930598, 40.839252615871587 ], [ -73.787287372467247, 40.839671922502248 ], [ -73.788231702150213, 40.842187762286223 ], [ -73.789620422272222, 40.844493948754874 ], [ -73.791453532833287, 40.846800135223518 ], [ -73.791342435223527, 40.848225777767773 ], [ -73.789731519881983, 40.84952562832283 ], [ -73.790120361516145, 40.851202854845482 ], [ -73.791120240004005, 40.852041468106805 ], [ -73.791286886418646, 40.854599238553853 ], [ -73.792064569686971, 40.856528049054901 ], [ -73.790009263906384, 40.858540720882083 ], [ -73.789231580638059, 40.85875037419742 ] ] ], [ [ [ -73.784565481028096, 40.860511462046205 ], [ -73.7851209690769, 40.858792304860486 ], [ -73.786898530833085, 40.860259878067801 ], [ -73.784565481028096, 40.860511462046205 ] ] ] ] } },
{ "type": "Feature", "properties": { "id": "36", "NTACode": "BX1004", "GEOCODE": 51004, "GEONAME": "Co-op City", "nta_population": 36615.0, "pop_within_walk": 0.0, "pct_pop_walk": 0.0 }, "geometry": { "type": "Polygon", "coordinates": [ [ [ -73.820227813761377, 40.885502137233722 ], [ -73.820061167346736, 40.882105753525352 ], [ -73.821116594639463, 40.878960953795378 ], [ -73.823282998029796, 40.873090660966092 ], [ -73.821283241054104, 40.86906531731173 ], [ -73.815783909370936, 40.865752794929492 ], [ -73.816839336663662, 40.864327152385236 ], [ -73.819172386468651, 40.862314480558055 ], [ -73.821283241054104, 40.861140421992197 ], [ -73.827226963176315, 40.859211611491148 ], [ -73.828393488078802, 40.860930768676866 ], [ -73.829560012981304, 40.862146757905791 ], [ -73.832670746054603, 40.8682267040504 ], [ -73.834337210201014, 40.872042394389439 ], [ -73.834781600640071, 40.873719620912091 ], [ -73.834670503030296, 40.876528975337528 ], [ -73.83378172215221, 40.878709369816981 ], [ -73.831448672347236, 40.881099417611757 ], [ -73.829060073737367, 40.882608921482145 ], [ -73.826060438273828, 40.884160356015599 ], [ -73.826615926322631, 40.884663523972392 ], [ -73.822060924322429, 40.886089166516648 ], [ -73.820227813761377, 40.885502137233722 ] ] ] } },
{ "type": "Feature", "properties": { "id": "37", "NTACode": "BX1071", "GEOCODE": 51071, "GEONAME": "Hart Island", "nta_population": 0.0, "pop_within_walk": 0.0, "pct_pop_walk": 0.0 }, "geometry": { "type": "Polygon", "coordinates": [ [ [ -73.76784529075907, 40.854431515901588 ], [ -73.769400657295733, 40.852544636063605 ], [ -73.768622974027394, 40.850783548214821 ], [ -73.769622852515255, 40.847596817821781 ], [ -73.76790083956395, 40.84529063135313 ], [ -73.769011815661571, 40.845080978037799 ], [ -73.771567060686067, 40.847512956495649 ], [ -73.770900475027503, 40.849735281638161 ], [ -73.772455841564152, 40.851706022802276 ], [ -73.77212254873487, 40.854431515901588 ], [ -73.772178097539751, 40.859966363426338 ], [ -73.770844926222622, 40.860092155415536 ], [ -73.768345230002993, 40.858372998229818 ], [ -73.768345230002993, 40.857660176957694 ], [ -73.765345594539454, 40.85506047584758 ], [ -73.76784529075907, 40.854431515901588 ] ] ] } },
{ "type": "Feature", "properties": { "id": "38", "NTACode": "BX1091", "GEOCODE": 51091, "GEONAME": "Ferry Point Park-St. Raymond Cemetery", "nta_population": 0.0, "pop_within_walk": 0.0, "pct_pop_walk": 0.0 }, "geometry": { "type": "Polygon", "coordinates": [ [ [ -73.826282633493349, 40.81128486360636 ], [ -73.827838000029999, 40.811452586258625 ], [ -73.829837757005706, 40.81099134896489 ], [ -73.831837513981398, 40.809272191779172 ], [ -73.83217080681068, 40.807511103930388 ], [ -73.831615318761877, 40.806630560005999 ], [ -73.831670867566757, 40.804953333483347 ], [ -73.834059466176612, 40.805121056135611 ], [ -73.836892455225524, 40.805917738733868 ], [ -73.838058980128011, 40.80704986663666 ], [ -73.838114528932891, 40.807930410561056 ], [ -73.840280932323239, 40.811452586258625 ], [ -73.840336481128119, 40.813129812781277 ], [ -73.839669895469541, 40.813926495379533 ], [ -73.839725444274421, 40.816400404500449 ], [ -73.836948004030404, 40.816358473837383 ], [ -73.836059223152319, 40.817784116381638 ], [ -73.836003674347438, 40.823528617221719 ], [ -73.836836906420643, 40.828434504800477 ], [ -73.835337088688874, 40.82818292082208 ], [ -73.824671718151819, 40.824744606450643 ], [ -73.829448915371543, 40.822396489318926 ], [ -73.828337939273922, 40.82105470810081 ], [ -73.826727023932392, 40.821809460036 ], [ -73.825393852615264, 40.820216094839481 ], [ -73.823171900420036, 40.816693919141912 ], [ -73.828393488078802, 40.814890900630061 ], [ -73.826282633493349, 40.81128486360636 ] ] ] } },
{ "type": "Feature", "properties": { "id": "39", "NTACode": "BX1101", "GEOCODE": 51101, "GEONAME": "Pelham Parkway-Van Nest", "nta_population": 28565.0, "pop_within_walk": 18491.174802526304, "pct_pop_walk": 64.733676886141438 }, "geometry": { "type": "Polygon", "coordinates": [ [ [ -73.861778319811975, 40.857995622262223 ], [ -73.862111612641257, 40.850825478877887 ], [ -73.863055942324237, 40.850615825562556 ], [ -73.862500454275434, 40.848351569756971 ], [ -73.860389599689967, 40.848225777767773 ], [ -73.858667586738676, 40.84529063135313 ], [ -73.857389964226428, 40.84369726615661 ], [ -73.853334901470149, 40.842481276927693 ], [ -73.8634447839584, 40.841307218361834 ], [ -73.864500211251126, 40.841097565046503 ], [ -73.86922185966597, 40.839588061176116 ], [ -73.872832531983192, 40.83975578382838 ], [ -73.873610215251531, 40.839797714491446 ], [ -73.870999421422141, 40.843110236873684 ], [ -73.868055334763483, 40.844829394059403 ], [ -73.868610822812286, 40.84529063135313 ], [ -73.867833139543961, 40.848854737713772 ], [ -73.86922185966597, 40.849232113681367 ], [ -73.868277529983004, 40.850951270867085 ], [ -73.869888445324534, 40.855689435793579 ], [ -73.868388627592765, 40.857785968946892 ], [ -73.861778319811975, 40.857995622262223 ] ] ] } },
{ "type": "Feature", "properties": { "id": "40", "NTACode": "BX1102", "GEOCODE": 51102, "GEONAME": "Morris Park", "nta_population": 22818.0, "pop_within_walk": 569.41698366743833, "pct_pop_walk": 2.4954728007162692 }, "geometry": { "type": "Polygon", "coordinates": [ [ [ -73.836836906420643, 40.857282800990099 ], [ -73.837725687298729, 40.855731366456645 ], [ -73.839392151445139, 40.854976614521448 ], [ -73.841503006030607, 40.853173596009597 ], [ -73.844947031933188, 40.848225777767773 ], [ -73.847891118591861, 40.846003452625261 ], [ -73.84622465444545, 40.844493948754874 ], [ -73.848057765006502, 40.843068306210618 ], [ -73.853334901470149, 40.842481276927693 ], [ -73.857389964226428, 40.84369726615661 ], [ -73.858667586738676, 40.84529063135313 ], [ -73.860389599689967, 40.848225777767773 ], [ -73.862500454275434, 40.848351569756971 ], [ -73.863055942324237, 40.850615825562556 ], [ -73.862111612641257, 40.850825478877887 ], [ -73.861778319811975, 40.857995622262223 ], [ -73.856612280958089, 40.858121414251421 ], [ -73.849335387518749, 40.858708443534354 ], [ -73.846446849664972, 40.858624582208215 ], [ -73.843280567786778, 40.858289136903686 ], [ -73.836836906420643, 40.857282800990099 ] ] ] } },
{ "type": "Feature", "properties": { "id": "41", "NTACode": "BX1103", "GEOCODE": 51103, "GEONAME": "Pelham Gardens", "nta_population": 28561.0, "pop_within_walk": 10444.890540558781, "pct_pop_walk": 36.570465111721511 }, "geometry": { "type": "Polygon", "coordinates": [ [ [ -73.85361264549455, 40.873300314281423 ], [ -73.848613253055305, 40.871665018421837 ], [ -73.835781479127917, 40.864998042994294 ], [ -73.831615318761877, 40.862649925862584 ], [ -73.829560012981304, 40.862146757905791 ], [ -73.828393488078802, 40.860930768676866 ], [ -73.828560134493443, 40.860763046024601 ], [ -73.829893305810586, 40.859756710111007 ], [ -73.836836906420643, 40.857282800990099 ], [ -73.843280567786778, 40.858289136903686 ], [ -73.846446849664972, 40.858624582208215 ], [ -73.849335387518749, 40.858708443534354 ], [ -73.856612280958089, 40.858121414251421 ], [ -73.857334415421548, 40.859547056795677 ], [ -73.85772325705571, 40.862272549894989 ], [ -73.858889781958197, 40.864620667026699 ], [ -73.858667586738676, 40.865501210951095 ], [ -73.858500940324035, 40.871287642454242 ], [ -73.856612280958089, 40.871245711791175 ], [ -73.856501183348328, 40.874222788868884 ], [ -73.85361264549455, 40.873300314281423 ] ] ] } },
{ "type": "Feature", "properties": { "id": "42", "NTACode": "BX1104", "GEOCODE": 51104, "GEONAME": "Allerton", "nta_population": 33558.0, "pop_within_walk": 11508.228079125256, "pct_pop_walk": 34.293545739094277 }, "geometry": { "type": "Polygon", "coordinates": [ [ [ -73.858500940324035, 40.871287642454242 ], [ -73.858667586738676, 40.865501210951095 ], [ -73.858889781958197, 40.864620667026699 ], [ -73.85772325705571, 40.862272549894989 ], [ -73.857334415421548, 40.859547056795677 ], [ -73.856612280958089, 40.858121414251421 ], [ -73.861778319811975, 40.857995622262223 ], [ -73.868388627592765, 40.857785968946892 ], [ -73.871054970227021, 40.857366662316231 ], [ -73.870555030983098, 40.861392005970593 ], [ -73.870388384568457, 40.864662597689765 ], [ -73.870555030983098, 40.869694277257722 ], [ -73.864333564836485, 40.869652346594656 ], [ -73.864278016031605, 40.871371503780374 ], [ -73.858500940324035, 40.871287642454242 ] ] ] } },
{ "type": "Feature", "properties": { "id": "43", "NTACode": "BX1161", "GEOCODE": 51161, "GEONAME": "Hutchinson Metro Center", "nta_population": 480.0, "pop_within_walk": 480.0, "pct_pop_walk": 100.0 }, "geometry": { "type": "Polygon", "coordinates": [ [ [ -73.831282025932595, 40.855437851815182 ], [ -73.833892819761971, 40.854473446564654 ], [ -73.834614954225415, 40.853802555955596 ], [ -73.835559283908395, 40.851957606780672 ], [ -73.83622586956696, 40.845835729972997 ], [ -73.836836906420643, 40.843445682178213 ], [ -73.837670138493849, 40.841139495709569 ], [ -73.839392151445139, 40.840887911731173 ], [ -73.841225262006205, 40.84059439708971 ], [ -73.843280567786778, 40.843529543504346 ], [ -73.844891483128308, 40.845416423342328 ], [ -73.844613739103906, 40.846380828592856 ], [ -73.844947031933188, 40.848225777767773 ], [ -73.841503006030607, 40.853173596009597 ], [ -73.839392151445139, 40.854976614521448 ], [ -73.837725687298729, 40.855731366456645 ], [ -73.836836906420643, 40.857282800990099 ], [ -73.829893305810586, 40.859756710111007 ], [ -73.828560134493443, 40.860763046024601 ], [ -73.831226477127714, 40.857492454305429 ], [ -73.832837392469244, 40.85610874242424 ], [ -73.831282025932595, 40.855437851815182 ] ] ] } },
{ "type": "Feature", "properties": { "id": "44", "NTACode": "BX1201", "GEOCODE": 51201, "GEONAME": "Williamsbridge-Olinville", "nta_population": 57777.0, "pop_within_walk": 20359.982651631912, "pct_pop_walk": 35.238905882326726 }, "geometry": { "type": "Polygon", "coordinates": [ [ [ -73.847446728152818, 40.886969710441043 ], [ -73.852501669396943, 40.879464121752171 ], [ -73.85094630286028, 40.877912687218718 ], [ -73.851723986128619, 40.876822489978998 ], [ -73.850668558835878, 40.875480708760875 ], [ -73.85361264549455, 40.873300314281423 ], [ -73.856501183348328, 40.874222788868884 ], [ -73.856612280958089, 40.871245711791175 ], [ -73.858500940324035, 40.871287642454242 ], [ -73.864278016031605, 40.871371503780374 ], [ -73.864333564836485, 40.869652346594656 ], [ -73.870555030983098, 40.869694277257722 ], [ -73.870332835763577, 40.875606500750074 ], [ -73.869388506080611, 40.878122340534048 ], [ -73.870943872617261, 40.878499716501651 ], [ -73.870166189348936, 40.880344665676567 ], [ -73.8708327750075, 40.880470457665766 ], [ -73.869999542934295, 40.882357337503748 ], [ -73.868388627592765, 40.885124761266127 ], [ -73.866999907470742, 40.889066243594357 ], [ -73.863666979177921, 40.894307576477644 ], [ -73.863555881568161, 40.89539777371737 ], [ -73.861333929372933, 40.894643021782173 ], [ -73.862722649494955, 40.891833667356735 ], [ -73.847446728152818, 40.886969710441043 ] ] ] } },
{ "type": "Feature", "properties": { "id": "45", "NTACode": "BX1202", "GEOCODE": 51202, "GEONAME": "Eastchester-Edenwald-Baychester", "nta_population": 53147.0, "pop_within_walk": 5801.1912521657832, "pct_pop_walk": 10.915369168844494 }, "geometry": { "type": "Polygon", "coordinates": [ [ [ -73.793231094589459, 40.882818574797476 ], [ -73.794508717101706, 40.883070158775872 ], [ -73.805174087638761, 40.886005305190515 ], [ -73.807895979077912, 40.885795651875185 ], [ -73.812784273907397, 40.886676195799581 ], [ -73.815172872517252, 40.886676195799581 ], [ -73.820227813761377, 40.885502137233722 ], [ -73.822060924322429, 40.886089166516648 ], [ -73.826615926322631, 40.884663523972392 ], [ -73.826060438273828, 40.884160356015599 ], [ -73.829060073737367, 40.882608921482145 ], [ -73.831448672347236, 40.881099417611757 ], [ -73.83378172215221, 40.878709369816981 ], [ -73.834670503030296, 40.876528975337528 ], [ -73.834781600640071, 40.873719620912091 ], [ -73.834337210201014, 40.872042394389439 ], [ -73.832670746054603, 40.8682267040504 ], [ -73.829560012981304, 40.862146757905791 ], [ -73.831615318761877, 40.862649925862584 ], [ -73.835781479127917, 40.864998042994294 ], [ -73.848613253055305, 40.871665018421837 ], [ -73.85361264549455, 40.873300314281423 ], [ -73.850668558835878, 40.875480708760875 ], [ -73.851723986128619, 40.876822489978998 ], [ -73.85094630286028, 40.877912687218718 ], [ -73.852501669396943, 40.879464121752171 ], [ -73.847446728152818, 40.886969710441043 ], [ -73.845891361616168, 40.889737134203415 ], [ -73.850668558835878, 40.891288568736869 ], [ -73.838392272957293, 40.894055992499247 ], [ -73.838058980128011, 40.894139853825379 ], [ -73.823671839663959, 40.889904856855679 ], [ -73.822838607590754, 40.891204707410736 ], [ -73.818283605590565, 40.889862926192613 ], [ -73.802896586638667, 40.886047235853582 ], [ -73.793842131443142, 40.883657188058805 ], [ -73.793231094589459, 40.882818574797476 ] ] ] } },
{ "type": "Feature", "properties": { "id": "46", "NTACode": "BX1203", "GEOCODE": 51203, "GEONAME": "Wakefield-Woodlawn", "nta_population": 49697.0, "pop_within_walk": 17033.68217744775, "pct_pop_walk": 34.275071286894082 }, "geometry": { "type": "Polygon", "coordinates": [ [ [ -73.838392272957293, 40.894055992499247 ], [ -73.850668558835878, 40.891288568736869 ], [ -73.845891361616168, 40.889737134203415 ], [ -73.847446728152818, 40.886969710441043 ], [ -73.862722649494955, 40.891833667356735 ], [ -73.861333929372933, 40.894643021782173 ], [ -73.863555881568161, 40.89539777371737 ], [ -73.864889052885289, 40.895733219021899 ], [ -73.870499482178218, 40.896655693609361 ], [ -73.874832288958899, 40.895733219021899 ], [ -73.877109789958993, 40.895481635043502 ], [ -73.87655430191019, 40.896697624272427 ], [ -73.874887837763779, 40.898374850795079 ], [ -73.869943994129414, 40.900848759915988 ], [ -73.867888688348842, 40.902945293069301 ], [ -73.859445270007001, 40.900513314611459 ], [ -73.858889781958197, 40.901729303840384 ], [ -73.857112220202026, 40.903658114341432 ], [ -73.857001122592266, 40.904580588928887 ], [ -73.856001244104405, 40.905293410201018 ], [ -73.856945573787385, 40.905964300810076 ], [ -73.854223682348234, 40.907012567386737 ], [ -73.854612523982397, 40.908941377887786 ], [ -73.852946059835986, 40.910367020432041 ], [ -73.852279474177422, 40.909863852475247 ], [ -73.85350154788479, 40.90751573534353 ], [ -73.85094630286028, 40.906635191419142 ], [ -73.850168619591955, 40.90751573534353 ], [ -73.847057886518655, 40.906173954125407 ], [ -73.844835934323427, 40.905544994179415 ], [ -73.844891483128308, 40.904203212961292 ], [ -73.841391908420846, 40.904161282298226 ], [ -73.840669773957401, 40.901393858535847 ], [ -73.839225505030498, 40.899506978697865 ], [ -73.839669895469541, 40.897326584218419 ], [ -73.838392272957293, 40.894055992499247 ] ] ] } },
{ "type": "Feature", "properties": { "id": "47", "NTACode": "BX1271", "GEOCODE": 51271, "GEONAME": "Woodlawn Cemetery", "nta_population": 4341.0, "pop_within_walk": 2071.3465703971119, "pct_pop_walk": 47.715885058675696 }, "geometry": { "type": "Polygon", "coordinates": [ [ [ -73.878054119641959, 40.887137433093308 ], [ -73.87816521725172, 40.888059907680763 ], [ -73.880164974227426, 40.892085251335132 ], [ -73.880387169446948, 40.893259309900991 ], [ -73.880053876617666, 40.895230051065106 ], [ -73.877109789958993, 40.895481635043502 ], [ -73.874832288958899, 40.895733219021899 ], [ -73.870499482178218, 40.896655693609361 ], [ -73.864889052885289, 40.895733219021899 ], [ -73.863555881568161, 40.89539777371737 ], [ -73.863666979177921, 40.894307576477644 ], [ -73.866999907470742, 40.889066243594357 ], [ -73.868388627592765, 40.885124761266127 ], [ -73.869999542934295, 40.882357337503748 ], [ -73.8708327750075, 40.880470457665766 ], [ -73.874776740154019, 40.88009308169817 ], [ -73.874721191349138, 40.881560654905485 ], [ -73.878109668446839, 40.882147684188418 ], [ -73.877609729202916, 40.884537731983194 ], [ -73.878054119641959, 40.887137433093308 ] ] ] } },
{ "type": "Feature", "properties": { "id": "48", "NTACode": "BX2691", "GEOCODE": 52691, "GEONAME": "Van Cortlandt Park", "nta_population": 56.0, "pop_within_walk": 0.0, "pct_pop_walk": 0.0 }, "geometry": { "type": "Polygon", "coordinates": [ [ [ -73.867888688348842, 40.902945293069301 ], [ -73.869943994129414, 40.900848759915988 ], [ -73.874887837763779, 40.898374850795079 ], [ -73.87655430191019, 40.896697624272427 ], [ -73.877109789958993, 40.895481635043502 ], [ -73.880053876617666, 40.895230051065106 ], [ -73.880387169446948, 40.893259309900991 ], [ -73.880164974227426, 40.892085251335132 ], [ -73.87816521725172, 40.888059907680763 ], [ -73.878054119641959, 40.887137433093308 ], [ -73.881220401520153, 40.882692782808277 ], [ -73.882775768056803, 40.883405604080409 ], [ -73.884220036983692, 40.883195950765071 ], [ -73.887053026032603, 40.884370009330929 ], [ -73.887608514081407, 40.884244217341731 ], [ -73.896662969276932, 40.885963374527449 ], [ -73.899884799959992, 40.886550403810375 ], [ -73.89794059178918, 40.890533816801678 ], [ -73.89644077405741, 40.893636685868586 ], [ -73.897162908520855, 40.899381186708666 ], [ -73.89638522525253, 40.903196877047705 ], [ -73.896607420472051, 40.911415287008701 ], [ -73.886053147544757, 40.908312417941794 ], [ -73.883053512081204, 40.907348012691266 ], [ -73.867888688348842, 40.902945293069301 ] ] ] } },
{ "type": "Feature", "properties": { "id": "49", "NTACode": "BX2791", "GEOCODE": 52791, "GEONAME": "Bronx Park", "nta_population": 26.0, "pop_within_walk": 0.0, "pct_pop_walk": 0.0 }, "geometry": { "type": "Polygon", "coordinates": [ [ [ -73.870555030983098, 40.869694277257722 ], [ -73.870388384568457, 40.864662597689765 ], [ -73.870555030983098, 40.861392005970593 ], [ -73.871054970227021, 40.857366662316231 ], [ -73.868388627592765, 40.857785968946892 ], [ -73.869888445324534, 40.855689435793579 ], [ -73.868277529983004, 40.850951270867085 ], [ -73.86922185966597, 40.849232113681367 ], [ -73.869888445324534, 40.846632412571253 ], [ -73.870999421422141, 40.845919591299129 ], [ -73.871110519031902, 40.844913255385535 ], [ -73.872165946324628, 40.843655335493544 ], [ -73.873999056885694, 40.842523207590759 ], [ -73.874610093739378, 40.841516871677165 ], [ -73.87816521725172, 40.842607068916891 ], [ -73.877331985178515, 40.84399078079808 ], [ -73.882831316861683, 40.847806471137112 ], [ -73.883109060886085, 40.848225777767773 ], [ -73.88072046227623, 40.856695771707166 ], [ -73.880998206300632, 40.85824720624062 ], [ -73.880609364666469, 40.8608888380138 ], [ -73.881998084788478, 40.862062896579658 ], [ -73.883775646544649, 40.864159429732972 ], [ -73.883831195349529, 40.865207696309625 ], [ -73.883109060886085, 40.866591408190814 ], [ -73.876943143544352, 40.869945861236118 ], [ -73.875165581788181, 40.871581157095704 ], [ -73.872554787958791, 40.875187194119412 ], [ -73.870943872617261, 40.878499716501651 ], [ -73.869388506080611, 40.878122340534048 ], [ -73.870332835763577, 40.875606500750074 ], [ -73.870555030983098, 40.869694277257722 ] ] ] } },
{ "type": "Feature", "properties": { "id": "50", "NTACode": "BX2891", "GEOCODE": 52891, "GEONAME": "Pelham Bay Park", "nta_population": 57.0, "pop_within_walk": 0.0, "pct_pop_walk": 0.0 }, "geometry": { "type": "MultiPolygon", "coordinates": [ [ [ [ -73.802230000980103, 40.841642663666363 ], [ -73.802618842614265, 40.841097565046503 ], [ -73.805285185248522, 40.841139495709569 ], [ -73.806951649394932, 40.841474941014098 ], [ -73.806785002980291, 40.842481276927693 ], [ -73.803952013931394, 40.842607068916891 ], [ -73.802230000980103, 40.841642663666363 ] ] ], [ [ [ -73.793231094589459, 40.882818574797476 ], [ -73.794897558735869, 40.880554318991898 ], [ -73.796230730052997, 40.877032143294329 ], [ -73.797452803760379, 40.875145263456346 ], [ -73.799841402370234, 40.874138927542752 ], [ -73.8007857320532, 40.871497295769572 ], [ -73.802674391419146, 40.870155514551449 ], [ -73.802952135443547, 40.868729872007201 ], [ -73.804229757955795, 40.868687941344135 ], [ -73.807118295809573, 40.870700613171316 ], [ -73.80656280776077, 40.868646010681069 ], [ -73.80495189241924, 40.868310565376532 ], [ -73.804007562736274, 40.867136506810681 ], [ -73.801730061736166, 40.86642368553855 ], [ -73.7976749989799, 40.872377839693968 ], [ -73.794786461126108, 40.87321645295529 ], [ -73.793953229052903, 40.874558234173413 ], [ -73.793175545784578, 40.877074073957395 ], [ -73.794397619491946, 40.877661103240321 ], [ -73.792620057735775, 40.879673775067502 ], [ -73.790953593589364, 40.88009308169817 ], [ -73.790786947174723, 40.880847833633361 ], [ -73.789064934223418, 40.881225209600956 ], [ -73.789509324662461, 40.879002884458444 ], [ -73.78612084756476, 40.87904481512151 ], [ -73.784232188198814, 40.878290063186313 ], [ -73.784676578637857, 40.876067738043801 ], [ -73.785954201150119, 40.875145263456346 ], [ -73.787009628442846, 40.873803482238223 ], [ -73.787120726052606, 40.872755215661563 ], [ -73.785065420272019, 40.872000463726373 ], [ -73.783954444174412, 40.872881007650761 ], [ -73.783121212101207, 40.872293978367836 ], [ -73.783176760906088, 40.870910266486646 ], [ -73.784287737003694, 40.869778138583854 ], [ -73.785676457125717, 40.869191109300928 ], [ -73.788342799759974, 40.86927497062706 ], [ -73.790786947174723, 40.868310565376532 ], [ -73.792009020882091, 40.866507546864682 ], [ -73.792286764906493, 40.865165765646559 ], [ -73.792120118491852, 40.863614331113112 ], [ -73.791509081638168, 40.862356411221121 ], [ -73.79189792327233, 40.861056560666064 ], [ -73.793564387418741, 40.860511462046205 ], [ -73.794897558735869, 40.858079483588355 ], [ -73.794342070687065, 40.856528049054901 ], [ -73.796841766906695, 40.856276465076505 ], [ -73.799063719101909, 40.854054139933993 ], [ -73.797952743004302, 40.853005873357333 ], [ -73.798174938223823, 40.85057389489949 ], [ -73.799674755955593, 40.849483697659764 ], [ -73.800119146394636, 40.848309639093905 ], [ -73.801396768906883, 40.8486870150615 ], [ -73.80184115934594, 40.850112657605756 ], [ -73.804174209150915, 40.853341318661862 ], [ -73.804563050785077, 40.854725030543051 ], [ -73.803618721102112, 40.855395921152116 ], [ -73.804618599589958, 40.859966363426338 ], [ -73.804729697199718, 40.861475867296726 ], [ -73.806229514931488, 40.861433936633659 ], [ -73.805840673297325, 40.86005022475247 ], [ -73.808284820712075, 40.859714779447941 ], [ -73.809395796809682, 40.860553392709271 ], [ -73.810840065736571, 40.862314480558055 ], [ -73.81328421315132, 40.86323695514551 ], [ -73.815117323712371, 40.863069232493245 ], [ -73.816394946224619, 40.861182352655263 ], [ -73.813839701200123, 40.860553392709271 ], [ -73.812728725102502, 40.858876166186619 ], [ -73.81228433466346, 40.854179931923191 ], [ -73.816394946224619, 40.854096070597059 ], [ -73.817228178297825, 40.851831814791474 ], [ -73.816228299809978, 40.850112657605756 ], [ -73.815117323712371, 40.849064391029103 ], [ -73.816283848614859, 40.848561223072302 ], [ -73.820116716151617, 40.848016124452442 ], [ -73.820505557785779, 40.848519292409236 ], [ -73.824949462176221, 40.846087313951394 ], [ -73.825171657395742, 40.842690930243023 ], [ -73.826227084688469, 40.842984444884486 ], [ -73.826115987078708, 40.845332562016196 ], [ -73.82800464644464, 40.848645084398434 ], [ -73.827115865566554, 40.85187374545454 ], [ -73.827226963176315, 40.853341318661862 ], [ -73.828615683298324, 40.855731366456645 ], [ -73.831282025932595, 40.855437851815182 ], [ -73.832837392469244, 40.85610874242424 ], [ -73.831226477127714, 40.857492454305429 ], [ -73.828560134493443, 40.860763046024601 ], [ -73.828393488078802, 40.860930768676866 ], [ -73.827226963176315, 40.859211611491148 ], [ -73.821283241054104, 40.861140421992197 ], [ -73.819172386468651, 40.862314480558055 ], [ -73.816839336663662, 40.864327152385236 ], [ -73.815783909370936, 40.865752794929492 ], [ -73.821283241054104, 40.86906531731173 ], [ -73.823282998029796, 40.873090660966092 ], [ -73.821116594639463, 40.878960953795378 ], [ -73.820061167346736, 40.882105753525352 ], [ -73.820227813761377, 40.885502137233722 ], [ -73.815172872517252, 40.886676195799581 ], [ -73.812784273907397, 40.886676195799581 ], [ -73.807895979077912, 40.885795651875185 ], [ -73.805174087638761, 40.886005305190515 ], [ -73.794508717101706, 40.883070158775872 ], [ -73.793231094589459, 40.882818574797476 ] ] ] ] } },
{ "type": "Feature", "properties": { "id": "51", "NTACode": "BK0101", "GEOCODE": 470101, "GEONAME": "Greenpoint", "nta_population": 39227.0, "pop_within_walk": 18891.395556677599, "pct_pop_walk": 48.159164750497361 }, "geometry": { "type": "Polygon", "coordinates": [ [ [ -73.932158655595558, 40.728178289408937 ], [ -73.934102863766384, 40.726836508190814 ], [ -73.937491340864085, 40.724278737743774 ], [ -73.940213232303236, 40.722895025862584 ], [ -73.941935245254527, 40.721637105970593 ], [ -73.947212381718174, 40.718576167566752 ], [ -73.948434455425542, 40.718450375577554 ], [ -73.949101041084106, 40.722559580558055 ], [ -73.95065640762077, 40.721720967296726 ], [ -73.951656286108616, 40.72348205514551 ], [ -73.954767019181915, 40.722475719231923 ], [ -73.95815549627963, 40.724404529732972 ], [ -73.958433240304032, 40.725410865646559 ], [ -73.960099704450442, 40.725327004320427 ], [ -73.961599522182226, 40.725872102940293 ], [ -73.961044034133408, 40.728723388028797 ], [ -73.961266229352944, 40.73006516924692 ], [ -73.961266229352944, 40.730149030573052 ], [ -73.961655070987106, 40.731490811791176 ], [ -73.961710619791987, 40.731574673117308 ], [ -73.96226610784079, 40.734048582238223 ], [ -73.959821960426041, 40.737067589978999 ], [ -73.956933422572263, 40.738870608490849 ], [ -73.953211652645265, 40.738996400480048 ], [ -73.950378663596368, 40.738283579207916 ], [ -73.946434698449849, 40.736774075337529 ], [ -73.94237963569357, 40.735432294119413 ], [ -73.941157561986202, 40.734132443564356 ], [ -73.939768841864193, 40.731071505160514 ], [ -73.936935852815282, 40.729100763996399 ], [ -73.934936095839589, 40.728555665376533 ], [ -73.932158655595558, 40.728178289408937 ] ] ] } },
{ "type": "Feature", "properties": { "id": "52", "NTACode": "BK0102", "GEOCODE": 470102, "GEONAME": "Williamsburg", "nta_population": 66064.0, "pop_within_walk": 49634.179688686352, "pct_pop_walk": 75.130448790091961 }, "geometry": { "type": "Polygon", "coordinates": [ [ [ -73.95815549627963, 40.724404529732972 ], [ -73.954767019181915, 40.722475719231923 ], [ -73.951656286108616, 40.72348205514551 ], [ -73.95065640762077, 40.721720967296726 ], [ -73.949101041084106, 40.722559580558055 ], [ -73.948434455425542, 40.718450375577554 ], [ -73.947212381718174, 40.718576167566752 ], [ -73.951156346864693, 40.716018397119711 ], [ -73.953489396669667, 40.714089586618663 ], [ -73.949378785108507, 40.714047655955596 ], [ -73.948656650645063, 40.709728797659764 ], [ -73.950878602840291, 40.709519144344434 ], [ -73.950212017181713, 40.705493800690064 ], [ -73.951934030133017, 40.70637434461446 ], [ -73.957877752255229, 40.708428947104707 ], [ -73.958433240304032, 40.707254888538849 ], [ -73.963265986328636, 40.707716125832583 ], [ -73.968376476377642, 40.706835581908187 ], [ -73.969265257255728, 40.707087165886584 ], [ -73.969931842914292, 40.709309491029103 ], [ -73.968487573987403, 40.713125181368135 ], [ -73.968820866816685, 40.713209042694267 ], [ -73.966598914621457, 40.71794720762076 ], [ -73.966543365816577, 40.718031068946893 ], [ -73.965765682548252, 40.718701959555951 ], [ -73.965099096889688, 40.720337255415537 ], [ -73.965043548084807, 40.720379186078603 ], [ -73.964376962426243, 40.720421116741669 ], [ -73.964376962426243, 40.720463047404735 ], [ -73.964265864816483, 40.72058883939394 ], [ -73.964210316011602, 40.720672700720073 ], [ -73.964043669596961, 40.720798492709271 ], [ -73.964043669596961, 40.720882354035403 ], [ -73.962988242304235, 40.722014481938189 ], [ -73.962099461426149, 40.723859431113112 ], [ -73.961988363816388, 40.723985223102311 ], [ -73.961155131743169, 40.725285073657361 ], [ -73.95815549627963, 40.724404529732972 ] ] ] } },
{ "type": "Feature", "properties": { "id": "53", "NTACode": "BK0103", "GEOCODE": 470103, "GEONAME": "South Williamsburg", "nta_population": 46005.0, "pop_within_walk": 18976.025724045627, "pct_pop_walk": 41.247746384187863 }, "geometry": { "type": "Polygon", "coordinates": [ [ [ -73.950212017181713, 40.705493800690064 ], [ -73.941935245254527, 40.700713705100505 ], [ -73.944379392669262, 40.700420190459042 ], [ -73.957044520182023, 40.698994547914786 ], [ -73.961044034133408, 40.698323657305728 ], [ -73.962821595889594, 40.698030142664265 ], [ -73.962155010231029, 40.700210537143711 ], [ -73.967209951475155, 40.70423588079808 ], [ -73.968376476377642, 40.706835581908187 ], [ -73.963265986328636, 40.707716125832583 ], [ -73.958433240304032, 40.707254888538849 ], [ -73.957877752255229, 40.708428947104707 ], [ -73.951934030133017, 40.70637434461446 ], [ -73.950212017181713, 40.705493800690064 ] ] ] } },
{ "type": "Feature", "properties": { "id": "54", "NTACode": "BK0104", "GEOCODE": 470104, "GEONAME": "East Williamsburg", "nta_population": 51706.0, "pop_within_walk": 39718.87824998323, "pct_pop_walk": 76.816768363407007 }, "geometry": { "type": "Polygon", "coordinates": [ [ [ -73.924048530083013, 40.714131517281729 ], [ -73.924048530083013, 40.71400572529253 ], [ -73.922215419521947, 40.712873597389738 ], [ -73.921548833863383, 40.711028648214821 ], [ -73.920771150595058, 40.710525480258021 ], [ -73.921882126692665, 40.709393352355235 ], [ -73.925937189448945, 40.7058292459946 ], [ -73.933936217351743, 40.702684446264627 ], [ -73.941935245254527, 40.700713705100505 ], [ -73.950212017181713, 40.705493800690064 ], [ -73.950878602840291, 40.709519144344434 ], [ -73.948656650645063, 40.709728797659764 ], [ -73.949378785108507, 40.714047655955596 ], [ -73.953489396669667, 40.714089586618663 ], [ -73.951156346864693, 40.716018397119711 ], [ -73.947212381718174, 40.718576167566752 ], [ -73.941935245254527, 40.721637105970593 ], [ -73.940213232303236, 40.722895025862584 ], [ -73.937491340864085, 40.724278737743774 ], [ -73.934102863766384, 40.726836508190814 ], [ -73.932158655595558, 40.728178289408937 ], [ -73.929603410571062, 40.727633190789078 ], [ -73.927881397619757, 40.725830172277227 ], [ -73.927770300009996, 40.724907697689765 ], [ -73.925603896619663, 40.720043740774074 ], [ -73.924492920522056, 40.719624434143412 ], [ -73.924826213351338, 40.71849230624062 ], [ -73.928381336863694, 40.717569831653165 ], [ -73.928103592839278, 40.717108594359431 ], [ -73.924604018131816, 40.71794720762076 ], [ -73.923048651595167, 40.71635384242424 ], [ -73.924826213351338, 40.715263645184514 ], [ -73.924048530083013, 40.714131517281729 ] ] ] } },
{ "type": "Feature", "properties": { "id": "55", "NTACode": "BK0201", "GEOCODE": 470201, "GEONAME": "Brooklyn Heights", "nta_population": 24936.0, "pop_within_walk": 19847.983662058476, "pct_pop_walk": 79.595699639310538 }, "geometry": { "type": "Polygon", "coordinates": [ [ [ -73.992373560086008, 40.689685940714071 ], [ -73.999928197549764, 40.691782473867384 ], [ -74.001761308110815, 40.692411433813376 ], [ -74.001261368866892, 40.693291977737772 ], [ -74.00098362484249, 40.694088660336028 ], [ -74.000261490379046, 40.694969204260424 ], [ -73.999539355915587, 40.696562569456944 ], [ -73.999483807110707, 40.696688361446142 ], [ -73.998872770257023, 40.69714959873987 ], [ -73.9983728310131, 40.698072073327332 ], [ -73.998039538183818, 40.69874296393639 ], [ -73.997484050135014, 40.699623507860785 ], [ -73.99670636686669, 40.700881427752776 ], [ -73.99515100033004, 40.70297796090609 ], [ -73.995039902720279, 40.703145683558354 ], [ -73.99259575530553, 40.702055486318628 ], [ -73.990929291159119, 40.700755635763571 ], [ -73.991429230403043, 40.698701033273323 ], [ -73.991262583988402, 40.69660450012001 ], [ -73.990429351915196, 40.693837076357632 ], [ -73.990984839964, 40.692537225802575 ], [ -73.988929534183427, 40.692075988508847 ], [ -73.989207278207829, 40.690985791269128 ], [ -73.990484900720077, 40.689140842094204 ], [ -73.992373560086008, 40.689685940714071 ] ] ] } },
{ "type": "Feature", "properties": { "id": "56", "NTACode": "BK0202", "GEOCODE": 470202, "GEONAME": "Downtown Brooklyn-DUMBO-Boerum Hill", "nta_population": 40031.0, "pop_within_walk": 29031.160823173479, "pct_pop_walk": 72.521697742183505 }, "geometry": { "type": "Polygon", "coordinates": [ [ [ -73.995039902720279, 40.703145683558354 ], [ -73.994817707500758, 40.703271475547552 ], [ -73.994873256305638, 40.703774643504346 ], [ -73.994762158695877, 40.70394236615661 ], [ -73.994595512281236, 40.704361672787279 ], [ -73.992151364866487, 40.704697118091808 ], [ -73.990929291159119, 40.704026227482743 ], [ -73.990096059085914, 40.704948702070205 ], [ -73.983430202500259, 40.705661523342329 ], [ -73.982485872817279, 40.70553573135313 ], [ -73.982319226402637, 40.70553573135313 ], [ -73.979041846914697, 40.705955037983799 ], [ -73.979097395719577, 40.70553573135313 ], [ -73.980930506280629, 40.701845833003297 ], [ -73.980430567036706, 40.700713705100505 ], [ -73.980541664646466, 40.698239795979596 ], [ -73.980152823012304, 40.694717620282027 ], [ -73.979152944524458, 40.693501631053103 ], [ -73.981763738353834, 40.692956532433243 ], [ -73.982041482378236, 40.691321236573657 ], [ -73.980819408670868, 40.688847327452741 ], [ -73.978041968426851, 40.684863914461445 ], [ -73.979597334963501, 40.682473866666662 ], [ -73.988262948524849, 40.685870250375032 ], [ -73.989151729402948, 40.684570399819982 ], [ -73.993928926622658, 40.686457279657965 ], [ -73.992373560086008, 40.689685940714071 ], [ -73.990484900720077, 40.689140842094204 ], [ -73.989207278207829, 40.690985791269128 ], [ -73.988929534183427, 40.692075988508847 ], [ -73.990984839964, 40.692537225802575 ], [ -73.990429351915196, 40.693837076357632 ], [ -73.991262583988402, 40.69660450012001 ], [ -73.991429230403043, 40.698701033273323 ], [ -73.990929291159119, 40.700755635763571 ], [ -73.99259575530553, 40.702055486318628 ], [ -73.995039902720279, 40.703145683558354 ] ] ] } },
{ "type": "Feature", "properties": { "id": "57", "NTACode": "BK0203", "GEOCODE": 470203, "GEONAME": "Fort Greene", "nta_population": 32395.0, "pop_within_walk": 19191.979951027068, "pct_pop_walk": 59.243648560046516 }, "geometry": { "type": "Polygon", "coordinates": [ [ [ -73.962821595889594, 40.698030142664265 ], [ -73.964154767206722, 40.696269054815481 ], [ -73.96548793852385, 40.695933609510952 ], [ -73.969376354865489, 40.696101332163217 ], [ -73.968820866816685, 40.693124255085507 ], [ -73.969820745304531, 40.693124255085507 ], [ -73.969098610841087, 40.68947628739874 ], [ -73.970154038133813, 40.689518218061806 ], [ -73.968709769206924, 40.682012629372934 ], [ -73.97376471045105, 40.683060895949595 ], [ -73.977430931573153, 40.684067231863182 ], [ -73.978041968426851, 40.684863914461445 ], [ -73.980819408670868, 40.688847327452741 ], [ -73.982041482378236, 40.691321236573657 ], [ -73.981763738353834, 40.692956532433243 ], [ -73.979152944524458, 40.693501631053103 ], [ -73.980152823012304, 40.694717620282027 ], [ -73.980541664646466, 40.698239795979596 ], [ -73.965765682548252, 40.69765276669667 ], [ -73.962821595889594, 40.698030142664265 ] ] ] } },
{ "type": "Feature", "properties": { "id": "58", "NTACode": "BK0204", "GEOCODE": 470204, "GEONAME": "Clinton Hill", "nta_population": 28275.0, "pop_within_walk": 5212.6604641723134, "pct_pop_walk": 18.43558077514523 }, "geometry": { "type": "Polygon", "coordinates": [ [ [ -73.961321778157824, 40.680461194839481 ], [ -73.968709769206924, 40.682012629372934 ], [ -73.970154038133813, 40.689518218061806 ], [ -73.969098610841087, 40.68947628739874 ], [ -73.969820745304531, 40.693124255085507 ], [ -73.968820866816685, 40.693124255085507 ], [ -73.969376354865489, 40.696101332163217 ], [ -73.96548793852385, 40.695933609510952 ], [ -73.964154767206722, 40.696269054815481 ], [ -73.962821595889594, 40.698030142664265 ], [ -73.961044034133408, 40.698323657305728 ], [ -73.959433118791878, 40.690440692649261 ], [ -73.960266350865083, 40.690356831323129 ], [ -73.958822081938195, 40.683018965286529 ], [ -73.961655070987106, 40.682683519981993 ], [ -73.961321778157824, 40.680461194839481 ] ] ] } },
{ "type": "Feature", "properties": { "id": "59", "NTACode": "BK0261", "GEOCODE": 470261, "GEONAME": "Brooklyn Navy Yard", "nta_population": 0.0, "pop_within_walk": 0.0, "pct_pop_walk": 0.0 }, "geometry": { "type": "Polygon", "coordinates": [ [ [ -73.969265257255728, 40.707087165886584 ], [ -73.968376476377642, 40.706835581908187 ], [ -73.967209951475155, 40.70423588079808 ], [ -73.962155010231029, 40.700210537143711 ], [ -73.962821595889594, 40.698030142664265 ], [ -73.965765682548252, 40.69765276669667 ], [ -73.980541664646466, 40.698239795979596 ], [ -73.980430567036706, 40.700713705100505 ], [ -73.980930506280629, 40.701845833003297 ], [ -73.979097395719577, 40.70553573135313 ], [ -73.978041968426851, 40.704277811461147 ], [ -73.975986662646264, 40.704697118091808 ], [ -73.97693099232923, 40.702810238253825 ], [ -73.975986662646264, 40.701929694329429 ], [ -73.973209222402247, 40.701678110351033 ], [ -73.972820380768084, 40.702726376927693 ], [ -73.969820745304531, 40.700252467806777 ], [ -73.968987513231326, 40.701761971677165 ], [ -73.971431660646061, 40.703523059525949 ], [ -73.971042819011899, 40.703816574167412 ], [ -73.973375868816888, 40.705745384668461 ], [ -73.972542636743682, 40.706206621962195 ], [ -73.974653491329136, 40.707674195169517 ], [ -73.974209100890093, 40.708009640474046 ], [ -73.97120946542654, 40.705787315331534 ], [ -73.971042819011899, 40.706961373897386 ], [ -73.972764831963204, 40.708848253735368 ], [ -73.972320441524161, 40.709099837713772 ], [ -73.970265135743574, 40.706877512571253 ], [ -73.970154038133813, 40.704948702070205 ], [ -73.969320806060608, 40.705074494059403 ], [ -73.969265257255728, 40.707087165886584 ] ] ] } },
{ "type": "Feature", "properties": { "id": "60", "NTACode": "BK0301", "GEOCODE": 470301, "GEONAME": "Bedford-Stuyvesant (West)", "nta_population": 87758.0, "pop_within_walk": 20090.224323693401, "pct_pop_walk": 22.892755445308008 }, "geometry": { "type": "Polygon", "coordinates": [ [ [ -73.944157197449741, 40.678238869696969 ], [ -73.952045127742778, 40.67865817632763 ], [ -73.955933544084417, 40.679329066936688 ], [ -73.961321778157824, 40.680461194839481 ], [ -73.961655070987106, 40.682683519981993 ], [ -73.958822081938195, 40.683018965286529 ], [ -73.960266350865083, 40.690356831323129 ], [ -73.959433118791878, 40.690440692649261 ], [ -73.961044034133408, 40.698323657305728 ], [ -73.957044520182023, 40.698994547914786 ], [ -73.944379392669262, 40.700420190459042 ], [ -73.940324329912997, 40.679874165556555 ], [ -73.9439905510351, 40.680083818871886 ], [ -73.944157197449741, 40.678238869696969 ] ] ] } },
{ "type": "Feature", "properties": { "id": "61", "NTACode": "BK0302", "GEOCODE": 470302, "GEONAME": "Bedford-Stuyvesant (East)", "nta_population": 92525.0, "pop_within_walk": 29241.203982895178, "pct_pop_walk": 31.603570908289846 }, "geometry": { "type": "Polygon", "coordinates": [ [ [ -73.927770300009996, 40.692746879117912 ], [ -73.918049259155922, 40.687212031593155 ], [ -73.916327246204617, 40.678574315001498 ], [ -73.921659931473144, 40.678867829642961 ], [ -73.921826577887785, 40.677022880468044 ], [ -73.944157197449741, 40.678238869696969 ], [ -73.9439905510351, 40.680083818871886 ], [ -73.940324329912997, 40.679874165556555 ], [ -73.944379392669262, 40.700420190459042 ], [ -73.941935245254527, 40.700713705100505 ], [ -73.927770300009996, 40.692746879117912 ] ] ] } },
{ "type": "Feature", "properties": { "id": "62", "NTACode": "BK0401", "GEOCODE": 470401, "GEONAME": "Bushwick (West)", "nta_population": 52167.0, "pop_within_walk": 18285.986802958327, "pct_pop_walk": 35.052785866464099 }, "geometry": { "type": "Polygon", "coordinates": [ [ [ -73.911438951375132, 40.701468457035702 ], [ -73.914049745204522, 40.698826825262522 ], [ -73.916327246204617, 40.700126675817579 ], [ -73.919326881668169, 40.697065737413737 ], [ -73.920826699399939, 40.697904350675067 ], [ -73.924270725302534, 40.694424105640564 ], [ -73.926492677497748, 40.695723956195614 ], [ -73.927492555985594, 40.694717620282027 ], [ -73.926492677497748, 40.694130590999094 ], [ -73.927770300009996, 40.692746879117912 ], [ -73.941935245254527, 40.700713705100505 ], [ -73.933936217351743, 40.702684446264627 ], [ -73.925937189448945, 40.7058292459946 ], [ -73.921882126692665, 40.709393352355235 ], [ -73.911827793009309, 40.703439198199817 ], [ -73.912883220302035, 40.702349000960091 ], [ -73.911438951375132, 40.701468457035702 ] ] ] } },
{ "type": "Feature", "properties": { "id": "63", "NTACode": "BK0402", "GEOCODE": 470402, "GEONAME": "Bushwick (East)", "nta_population": 59808.0, "pop_within_walk": 26228.963735614063, "pct_pop_walk": 43.855276443977502 }, "geometry": { "type": "Polygon", "coordinates": [ [ [ -73.901384617691775, 40.691572820552054 ], [ -73.901884556935698, 40.69106965259526 ], [ -73.904884192399237, 40.687715199549956 ], [ -73.90532858283828, 40.68683465562556 ], [ -73.904495350765075, 40.686289557005701 ], [ -73.905772973277323, 40.684025301200116 ], [ -73.902828886618664, 40.682348074677464 ], [ -73.902606691399143, 40.680670848154811 ], [ -73.904050960326032, 40.67920327494749 ], [ -73.918049259155922, 40.687212031593155 ], [ -73.927770300009996, 40.692746879117912 ], [ -73.926492677497748, 40.694130590999094 ], [ -73.927492555985594, 40.694717620282027 ], [ -73.926492677497748, 40.695723956195614 ], [ -73.924270725302534, 40.694424105640564 ], [ -73.920826699399939, 40.697904350675067 ], [ -73.919326881668169, 40.697065737413737 ], [ -73.916327246204617, 40.700126675817579 ], [ -73.914049745204522, 40.698826825262522 ], [ -73.911438951375132, 40.701468457035702 ], [ -73.910661268106807, 40.701049150405041 ], [ -73.911827793009309, 40.699958953165314 ], [ -73.904273155545553, 40.695682025532548 ], [ -73.905772973277323, 40.694130590999094 ], [ -73.901384617691775, 40.691572820552054 ] ] ] } },
{ "type": "Feature", "properties": { "id": "64", "NTACode": "BK0471", "GEOCODE": 470471, "GEONAME": "The Evergreens Cemetery", "nta_population": 0.0, "pop_within_walk": 0.0, "pct_pop_walk": 0.0 }, "geometry": { "type": "Polygon", "coordinates": [ [ [ -73.896551871667171, 40.68239000534053 ], [ -73.897496201350137, 40.680083818871886 ], [ -73.900218092789274, 40.679412928262821 ], [ -73.902606691399143, 40.680670848154811 ], [ -73.902828886618664, 40.682348074677464 ], [ -73.905772973277323, 40.684025301200116 ], [ -73.904495350765075, 40.686289557005701 ], [ -73.90532858283828, 40.68683465562556 ], [ -73.904884192399237, 40.687715199549956 ], [ -73.901884556935698, 40.69106965259526 ], [ -73.900440288008795, 40.688176436843683 ], [ -73.901162422472254, 40.68788292220222 ], [ -73.896551871667171, 40.68239000534053 ] ] ] } },
{ "type": "Feature", "properties": { "id": "65", "NTACode": "BK0501", "GEOCODE": 470501, "GEONAME": "Cypress Hills", "nta_population": 41071.0, "pop_within_walk": 156.71106821106821, "pct_pop_walk": 0.38156136498032239 }, "geometry": { "type": "Polygon", "coordinates": [ [ [ -73.866277773007297, 40.683186687938793 ], [ -73.871554909470944, 40.681677184068405 ], [ -73.871221616641662, 40.680209610861084 ], [ -73.873276922422249, 40.679916096219621 ], [ -73.873610215251531, 40.681090154785473 ], [ -73.877443082788275, 40.679999957545753 ], [ -73.881053755105512, 40.678993621632159 ], [ -73.880498267056709, 40.676771296489648 ], [ -73.888275099739971, 40.675639168586855 ], [ -73.888997234203416, 40.678574315001498 ], [ -73.889886015081515, 40.678322731023101 ], [ -73.896218578837889, 40.677358325772573 ], [ -73.896551871667171, 40.678574315001498 ], [ -73.900051446374633, 40.676897088478846 ], [ -73.904050960326032, 40.67920327494749 ], [ -73.902606691399143, 40.680670848154811 ], [ -73.900218092789274, 40.679412928262821 ], [ -73.897496201350137, 40.680083818871886 ], [ -73.896551871667171, 40.68239000534053 ], [ -73.894163273057302, 40.685283221092106 ], [ -73.892607906520652, 40.683480202580256 ], [ -73.890163759105917, 40.684989706450644 ], [ -73.889608271057099, 40.684234954515446 ], [ -73.88816400213021, 40.682557727992794 ], [ -73.880276071837187, 40.686289557005701 ], [ -73.875721069836985, 40.688553812811278 ], [ -73.871721555885586, 40.690272969996997 ], [ -73.868055334763483, 40.691195444584459 ], [ -73.86661106583658, 40.685283221092106 ], [ -73.866277773007297, 40.683186687938793 ] ] ] } },
{ "type": "Feature", "properties": { "id": "66", "NTACode": "BK0502", "GEOCODE": 470502, "GEONAME": "East New York (North)", "nta_population": 43029.0, "pop_within_walk": 11911.927274474321, "pct_pop_walk": 27.683486194134932 }, "geometry": { "type": "Polygon", "coordinates": [ [ [ -73.874221252105215, 40.670859072997295 ], [ -73.878887351715179, 40.670188182388237 ], [ -73.878498510081002, 40.668636747854784 ], [ -73.900829129642972, 40.665366156135612 ], [ -73.903495472277228, 40.675513376597657 ], [ -73.900051446374633, 40.676897088478846 ], [ -73.896551871667171, 40.678574315001498 ], [ -73.896218578837889, 40.677358325772573 ], [ -73.889886015081515, 40.678322731023101 ], [ -73.888997234203416, 40.678574315001498 ], [ -73.888275099739971, 40.675639168586855 ], [ -73.880498267056709, 40.676771296489648 ], [ -73.881053755105512, 40.678993621632159 ], [ -73.877443082788275, 40.679999957545753 ], [ -73.87655430191019, 40.680167680198018 ], [ -73.874221252105215, 40.670859072997295 ] ] ] } },
{ "type": "Feature", "properties": { "id": "67", "NTACode": "BK0503", "GEOCODE": 470503, "GEONAME": "East New York-New Lots", "nta_population": 51572.0, "pop_within_walk": 5603.3450224649187, "pct_pop_walk": 10.865091566091907 }, "geometry": { "type": "Polygon", "coordinates": [ [ [ -73.867166553885383, 40.660460268556854 ], [ -73.86916631086109, 40.660124823252325 ], [ -73.889997112691276, 40.651151661356131 ], [ -73.891385832813285, 40.652367650585056 ], [ -73.893552236203618, 40.655218935673567 ], [ -73.897607298959898, 40.653457847824782 ], [ -73.895885286008607, 40.651864482628262 ], [ -73.903995411521151, 40.646623149744975 ], [ -73.90943919439944, 40.651529037323733 ], [ -73.908550413521354, 40.652116066606659 ], [ -73.907383888618867, 40.652828887878783 ], [ -73.90782827905791, 40.654589975727568 ], [ -73.903162179447946, 40.655302796999699 ], [ -73.900273641594154, 40.657189676837682 ], [ -73.898829372667265, 40.657399330153012 ], [ -73.89966260474047, 40.660753783198317 ], [ -73.900662483228317, 40.660586060546052 ], [ -73.901440166496656, 40.663646998949893 ], [ -73.900440288008795, 40.663814721602158 ], [ -73.900829129642972, 40.665366156135612 ], [ -73.878498510081002, 40.668636747854784 ], [ -73.878887351715179, 40.670188182388237 ], [ -73.874221252105215, 40.670859072997295 ], [ -73.873887959275933, 40.66943343045304 ], [ -73.867166553885383, 40.660460268556854 ] ] ] } },
{ "type": "Feature", "properties": { "id": "68", "NTACode": "BK0504", "GEOCODE": 470504, "GEONAME": "Spring Creek-Starrett City", "nta_population": 16047.0, "pop_within_walk": 0.0, "pct_pop_walk": 0.0 }, "geometry": { "type": "MultiPolygon", "coordinates": [ [ [ [ -73.888663941374134, 40.647084387038703 ], [ -73.888552843764373, 40.646958595049504 ], [ -73.888441746154612, 40.646916664386438 ], [ -73.888275099739971, 40.646707011071108 ], [ -73.888663941374134, 40.647084387038703 ] ] ], [ [ [ -73.860556246104608, 40.654631906390634 ], [ -73.862778198299836, 40.653248194509452 ], [ -73.86927740847085, 40.649767949474942 ], [ -73.871277165446543, 40.648551960246024 ], [ -73.87344356883689, 40.64679087239724 ], [ -73.879220644544461, 40.654589975727568 ], [ -73.8791095469347, 40.653709431803179 ], [ -73.873887959275933, 40.646329635103505 ], [ -73.876498753105309, 40.642597806090606 ], [ -73.878331863666361, 40.638865977077707 ], [ -73.880498267056709, 40.641130232883285 ], [ -73.880053876617666, 40.64201077680768 ], [ -73.881387047934794, 40.642346222112209 ], [ -73.882164731203119, 40.643729933993399 ], [ -73.883442353715367, 40.644526616591655 ], [ -73.885553208300834, 40.644023448634861 ], [ -73.887664062886287, 40.646329635103505 ], [ -73.887664062886287, 40.647797208310827 ], [ -73.888663941374134, 40.648006861626158 ], [ -73.890552600740079, 40.649222850855082 ], [ -73.891274735203524, 40.650019533453346 ], [ -73.889997112691276, 40.651151661356131 ], [ -73.86916631086109, 40.660124823252325 ], [ -73.867166553885383, 40.660460268556854 ], [ -73.864111369616964, 40.656351063576352 ], [ -73.862444905470554, 40.655302796999699 ], [ -73.86088953893389, 40.655093143684368 ], [ -73.860556246104608, 40.654631906390634 ] ] ] ] } },
{ "type": "Feature", "properties": { "id": "69", "NTACode": "BK0505", "GEOCODE": 470505, "GEONAME": "East New York-City Line", "nta_population": 49317.0, "pop_within_walk": 23186.263774604784, "pct_pop_walk": 47.014749020834159 }, "geometry": { "type": "Polygon", "coordinates": [ [ [ -73.863333686348639, 40.679370997599754 ], [ -73.862333807860793, 40.679161344284424 ], [ -73.861333929372933, 40.675010208640863 ], [ -73.860389599689967, 40.671236448964891 ], [ -73.857612159445949, 40.671655755595559 ], [ -73.855667951275123, 40.663856652265224 ], [ -73.858445391519155, 40.663437345634563 ], [ -73.857612159445949, 40.660124823252325 ], [ -73.860278502080206, 40.659621655295524 ], [ -73.863167039933998, 40.658279874077408 ], [ -73.862722649494955, 40.657608983468343 ], [ -73.863000393519357, 40.656015618271823 ], [ -73.86100063654365, 40.655218935673567 ], [ -73.86088953893389, 40.655093143684368 ], [ -73.862444905470554, 40.655302796999699 ], [ -73.864111369616964, 40.656351063576352 ], [ -73.867166553885383, 40.660460268556854 ], [ -73.873887959275933, 40.66943343045304 ], [ -73.874221252105215, 40.670859072997295 ], [ -73.87655430191019, 40.680167680198018 ], [ -73.877443082788275, 40.679999957545753 ], [ -73.873610215251531, 40.681090154785473 ], [ -73.873276922422249, 40.679916096219621 ], [ -73.871221616641662, 40.680209610861084 ], [ -73.871554909470944, 40.681677184068405 ], [ -73.866277773007297, 40.683186687938793 ], [ -73.866000028982896, 40.681928768046802 ], [ -73.864111369616964, 40.68239000534053 ], [ -73.863333686348639, 40.679370997599754 ] ] ] } },
{ "type": "Feature", "properties": { "id": "70", "NTACode": "BK0571", "GEOCODE": 470571, "GEONAME": "Highland Park-Cypress Hills Cemeteries (South)", "nta_population": 0.0, "pop_within_walk": 0.0, "pct_pop_walk": 0.0 }, "geometry": { "type": "Polygon", "coordinates": [ [ [ -73.868388627592765, 40.694717620282027 ], [ -73.868610822812286, 40.693879007020698 ], [ -73.868055334763483, 40.691195444584459 ], [ -73.871721555885586, 40.690272969996997 ], [ -73.875721069836985, 40.688553812811278 ], [ -73.880276071837187, 40.686289557005701 ], [ -73.88816400213021, 40.682557727992794 ], [ -73.889608271057099, 40.684234954515446 ], [ -73.88810845332533, 40.685283221092106 ], [ -73.884497781008108, 40.686666932973296 ], [ -73.883775646544649, 40.68788292220222 ], [ -73.879498388568862, 40.691153513921392 ], [ -73.873999056885694, 40.694172521662161 ], [ -73.868944115641568, 40.695136926912689 ], [ -73.868388627592765, 40.694717620282027 ] ] ] } },
{ "type": "Feature", "properties": { "id": "71", "NTACode": "BK0601", "GEOCODE": 470601, "GEONAME": "Carroll Gardens-Cobble Hill-Gowanus-Red Hook", "nta_population": 62357.0, "pop_within_walk": 7163.318706689246, "pct_pop_walk": 11.487593544733144 }, "geometry": { "type": "Polygon", "coordinates": [ [ [ -73.992373560086008, 40.689685940714071 ], [ -73.993928926622658, 40.686457279657965 ], [ -73.989151729402948, 40.684570399819982 ], [ -73.988262948524849, 40.685870250375032 ], [ -73.979597334963501, 40.682473866666662 ], [ -73.983874592939301, 40.676142336543649 ], [ -73.991706974427444, 40.666749868016801 ], [ -73.992762401720171, 40.66549194812481 ], [ -73.994706609890997, 40.666666006690669 ], [ -73.998761672647262, 40.671613824932493 ], [ -74.000317039183926, 40.668720609180916 ], [ -74.002205698549858, 40.668594817191718 ], [ -74.002872284208422, 40.667336897299727 ], [ -74.005094236403636, 40.667965857245726 ], [ -74.005983017281736, 40.667881995919586 ], [ -74.004760943574354, 40.670733281008097 ], [ -74.005427529232932, 40.670901003660362 ], [ -74.006594054135419, 40.668636747854784 ], [ -74.00987143362336, 40.668510955865585 ], [ -74.011537897769784, 40.665072641494149 ], [ -74.015759606940691, 40.664569473537348 ], [ -74.016926131843192, 40.664862988178818 ], [ -74.017870461526158, 40.665869324092405 ], [ -74.018592595989603, 40.670397835703568 ], [ -74.017537168696876, 40.67102679564956 ], [ -74.016703936623671, 40.665450017461744 ], [ -74.012260032233229, 40.665743532103207 ], [ -74.01087131211122, 40.668594817191718 ], [ -74.01087131211122, 40.66972694509451 ], [ -74.011648995379545, 40.670565558355833 ], [ -74.014259789208921, 40.671362240954096 ], [ -74.016315094989508, 40.67291367548755 ], [ -74.01814820555056, 40.671949270237022 ], [ -74.018814791209124, 40.672242784878485 ], [ -74.017259424672474, 40.673626496759674 ], [ -74.01820375435544, 40.674465110020996 ], [ -74.017981559135919, 40.676561643174317 ], [ -74.01975912089209, 40.676603573837383 ], [ -74.018425949574961, 40.67790342439244 ], [ -74.019259181648167, 40.679664512241224 ], [ -74.015204118891887, 40.681970698709868 ], [ -74.012815520282032, 40.683605994569454 ], [ -74.012148934623468, 40.68289317329733 ], [ -74.01409314279428, 40.681719114731472 ], [ -74.013037715501554, 40.680419264176415 ], [ -74.009649238403838, 40.683270549264925 ], [ -74.01076021450146, 40.684360746504645 ], [ -74.011926739403947, 40.683899509210917 ], [ -74.008149420672069, 40.686163765016502 ], [ -74.005649724452454, 40.686792724962494 ], [ -74.004983138793875, 40.68758940756075 ], [ -74.004594297159713, 40.688218367506749 ], [ -74.003816613891388, 40.688931188778874 ], [ -74.003427772257226, 40.689602079387939 ], [ -74.002983381818183, 40.690440692649261 ], [ -74.00098362484249, 40.690147178007798 ], [ -74.000705880818089, 40.690608415301526 ], [ -74.001983503330337, 40.69182440453045 ], [ -74.001761308110815, 40.692411433813376 ], [ -73.999928197549764, 40.691782473867384 ], [ -73.992373560086008, 40.689685940714071 ] ] ] } },
{ "type": "Feature", "properties": { "id": "72", "NTACode": "BK0602", "GEOCODE": 470602, "GEONAME": "Park Slope", "nta_population": 58600.0, "pop_within_walk": 29586.73561232955, "pct_pop_walk": 50.489309918651109 }, "geometry": { "type": "Polygon", "coordinates": [ [ [ -73.97376471045105, 40.683060895949595 ], [ -73.974709040134016, 40.68025154152415 ], [ -73.976153309060905, 40.678071147044705 ], [ -73.971876051085104, 40.676393920522052 ], [ -73.969487452475249, 40.675890752565252 ], [ -73.968709769206924, 40.673794219411938 ], [ -73.968931964426446, 40.672871744824477 ], [ -73.970431782158215, 40.672662091509146 ], [ -73.971820502280224, 40.670649419681965 ], [ -73.979652883768381, 40.66125695115511 ], [ -73.980152823012304, 40.661173089828978 ], [ -73.991706974427444, 40.666749868016801 ], [ -73.983874592939301, 40.676142336543649 ], [ -73.979597334963501, 40.682473866666662 ], [ -73.978041968426851, 40.684863914461445 ], [ -73.977430931573153, 40.684067231863182 ], [ -73.97376471045105, 40.683060895949595 ] ] ] } },
{ "type": "Feature", "properties": { "id": "73", "NTACode": "BK0701", "GEOCODE": 470701, "GEONAME": "Windsor Terrace-South Slope", "nta_population": 25602.0, "pop_within_walk": 4828.2025231645885, "pct_pop_walk": 18.858692770738958 }, "geometry": { "type": "Polygon", "coordinates": [ [ [ -73.980152823012304, 40.661173089828978 ], [ -73.974486844914495, 40.658321804740474 ], [ -73.974098003280332, 40.657692844794475 ], [ -73.971376111841181, 40.648258445604561 ], [ -73.973153673597366, 40.647587554995496 ], [ -73.975264528182819, 40.647839138973893 ], [ -73.980263920622065, 40.647294040354033 ], [ -73.981819287158714, 40.655260866336633 ], [ -73.98842959493949, 40.659244279327929 ], [ -73.987263070037002, 40.660376407230721 ], [ -73.988707338963891, 40.662389079057903 ], [ -73.988318497329729, 40.662766455025498 ], [ -73.992762401720171, 40.66549194812481 ], [ -73.991706974427444, 40.666749868016801 ], [ -73.980152823012304, 40.661173089828978 ] ] ] } },
{ "type": "Feature", "properties": { "id": "74", "NTACode": "BK0702", "GEOCODE": 470702, "GEONAME": "Sunset Park (West)", "nta_population": 49763.0, "pop_within_walk": 16751.753323593533, "pct_pop_walk": 33.663069597077211 }, "geometry": { "type": "Polygon", "coordinates": [ [ [ -73.992762401720171, 40.66549194812481 ], [ -73.988318497329729, 40.662766455025498 ], [ -73.988707338963891, 40.662389079057903 ], [ -73.987263070037002, 40.660376407230721 ], [ -73.98842959493949, 40.659244279327929 ], [ -73.990207156695675, 40.657608983468343 ], [ -73.992373560086008, 40.6589088340234 ], [ -73.992984596939692, 40.658321804740474 ], [ -73.99515100033004, 40.65966358595859 ], [ -74.002150149744978, 40.652954679867982 ], [ -74.016148448574853, 40.639494937023699 ], [ -74.018425949574961, 40.640836718241822 ], [ -74.021092292209218, 40.638278947794774 ], [ -74.02225881711172, 40.640710926252623 ], [ -74.024758513331335, 40.638111225142509 ], [ -74.026924916721669, 40.639453006360633 ], [ -74.026258331063104, 40.640123896969698 ], [ -74.028869124892495, 40.641214094209417 ], [ -74.029813454575461, 40.642304291449143 ], [ -74.032313150795076, 40.643562211341134 ], [ -74.030535589038905, 40.645281368526852 ], [ -74.028202539233931, 40.644023448634861 ], [ -74.026036135843583, 40.646245773777373 ], [ -74.02975790577058, 40.648468098919892 ], [ -74.029369064136418, 40.648803544224421 ], [ -74.025702843014301, 40.646623149744975 ], [ -74.024147476477651, 40.647629485658562 ], [ -74.02553619659966, 40.649767949474942 ], [ -74.024925159745976, 40.651109730693065 ], [ -74.020925645794577, 40.651235522682263 ], [ -74.021981073087318, 40.652241858595858 ], [ -74.021203389818979, 40.652828887878783 ], [ -74.021147841014098, 40.654212599759973 ], [ -74.017870461526158, 40.654044877107708 ], [ -74.016370643794389, 40.655638242304228 ], [ -74.019092535233526, 40.657357399489946 ], [ -74.018592595989603, 40.65786056744674 ], [ -74.015870704550451, 40.656225271587154 ], [ -74.014426435623562, 40.657608983468343 ], [ -74.017481619891996, 40.65945393264326 ], [ -74.015537411721169, 40.660753783198317 ], [ -74.013648752355238, 40.660040961926192 ], [ -74.011815641794186, 40.6589088340234 ], [ -74.011093507330742, 40.659705516621656 ], [ -74.0140375939894, 40.66155046579658 ], [ -74.012648873867391, 40.661969772427241 ], [ -74.008593811111112, 40.659537793969392 ], [ -74.007482835013505, 40.660544129882986 ], [ -74.010371372867283, 40.662389079057903 ], [ -74.008704908720873, 40.663353484308431 ], [ -74.006149663696377, 40.661843980438043 ], [ -74.006205212501257, 40.662808385688564 ], [ -74.004872041184115, 40.665072641494149 ], [ -74.001150271257131, 40.662892247014696 ], [ -73.999539355915587, 40.664401750885084 ], [ -74.002927833013302, 40.666456353375338 ], [ -74.000705880818089, 40.667546550615057 ], [ -73.999983746354644, 40.667462689288925 ], [ -73.998650575037502, 40.669517291779172 ], [ -73.998761672647262, 40.671613824932493 ], [ -73.994706609890997, 40.666666006690669 ], [ -73.992762401720171, 40.66549194812481 ] ] ] } },
{ "type": "Feature", "properties": { "id": "75", "NTACode": "BK0703", "GEOCODE": 470703, "GEONAME": "Sunset Park (Central)", "nta_population": 43324.0, "pop_within_walk": 14449.975229519718, "pct_pop_walk": 33.353280466992238 }, "geometry": { "type": "Polygon", "coordinates": [ [ [ -73.996039781208125, 40.648342306930694 ], [ -73.997039659695972, 40.64754562433243 ], [ -74.009538140794078, 40.635511524032403 ], [ -74.005538626842693, 40.633079545574553 ], [ -74.007038444574462, 40.632115140324032 ], [ -74.01076021450146, 40.634337465466544 ], [ -74.011926739403947, 40.633247268226818 ], [ -74.016315094989508, 40.635930830663064 ], [ -74.016759485428551, 40.63542766270627 ], [ -74.021092292209218, 40.638278947794774 ], [ -74.018425949574961, 40.640836718241822 ], [ -74.016148448574853, 40.639494937023699 ], [ -74.002150149744978, 40.652954679867982 ], [ -73.997817342964296, 40.650271117431743 ], [ -73.99831728220822, 40.649726018811876 ], [ -73.996039781208125, 40.648342306930694 ] ] ] } },
{ "type": "Feature", "properties": { "id": "76", "NTACode": "BK0771", "GEOCODE": 470771, "GEONAME": "Green-Wood Cemetery", "nta_population": 0.0, "pop_within_walk": 0.0, "pct_pop_walk": 0.0 }, "geometry": { "type": "Polygon", "coordinates": [ [ [ -73.98842959493949, 40.659244279327929 ], [ -73.981819287158714, 40.655260866336633 ], [ -73.980263920622065, 40.647294040354033 ], [ -73.981819287158714, 40.647126317701769 ], [ -73.988374046134609, 40.644568547254721 ], [ -73.989040631793188, 40.644107309960994 ], [ -73.996039781208125, 40.648342306930694 ], [ -73.99831728220822, 40.649726018811876 ], [ -73.997817342964296, 40.650271117431743 ], [ -74.002150149744978, 40.652954679867982 ], [ -73.99515100033004, 40.65966358595859 ], [ -73.992984596939692, 40.658321804740474 ], [ -73.992373560086008, 40.6589088340234 ], [ -73.990207156695675, 40.657608983468343 ], [ -73.98842959493949, 40.659244279327929 ] ] ] } },
{ "type": "Feature", "properties": { "id": "77", "NTACode": "BK0801", "GEOCODE": 470801, "GEONAME": "Prospect Heights", "nta_population": 23598.0, "pop_within_walk": 16918.241205940776, "pct_pop_walk": 71.693538460635537 }, "geometry": { "type": "Polygon", "coordinates": [ [ [ -73.968709769206924, 40.682012629372934 ], [ -73.961321778157824, 40.680461194839481 ], [ -73.963154888718876, 40.675513376597657 ], [ -73.960099704450442, 40.674884416651665 ], [ -73.961321778157824, 40.671362240954096 ], [ -73.962543851865192, 40.671613824932493 ], [ -73.967487695499557, 40.672871744824477 ], [ -73.968931964426446, 40.672871744824477 ], [ -73.968709769206924, 40.673794219411938 ], [ -73.969487452475249, 40.675890752565252 ], [ -73.971876051085104, 40.676393920522052 ], [ -73.976153309060905, 40.678071147044705 ], [ -73.974709040134016, 40.68025154152415 ], [ -73.97376471045105, 40.683060895949595 ], [ -73.968709769206924, 40.682012629372934 ] ] ] } },
{ "type": "Feature", "properties": { "id": "78", "NTACode": "BK0802", "GEOCODE": 470802, "GEONAME": "Crown Heights (North)", "nta_population": 86121.0, "pop_within_walk": 44827.748472303145, "pct_pop_walk": 52.052052893374601 }, "geometry": { "type": "Polygon", "coordinates": [ [ [ -73.944157197449741, 40.678238869696969 ], [ -73.921826577887785, 40.677022880468044 ], [ -73.922770907570765, 40.66708531332133 ], [ -73.924270725302534, 40.666456353375338 ], [ -73.925548347814782, 40.668510955865585 ], [ -73.928325788058814, 40.668636747854784 ], [ -73.955266958425838, 40.670104321062105 ], [ -73.961321778157824, 40.671362240954096 ], [ -73.960099704450442, 40.674884416651665 ], [ -73.963154888718876, 40.675513376597657 ], [ -73.961321778157824, 40.680461194839481 ], [ -73.955933544084417, 40.679329066936688 ], [ -73.952045127742778, 40.67865817632763 ], [ -73.944157197449741, 40.678238869696969 ] ] ] } },
{ "type": "Feature", "properties": { "id": "79", "NTACode": "BK0891", "GEOCODE": 470891, "GEONAME": "Lincoln Terrace Park", "nta_population": 0.0, "pop_within_walk": 0.0, "pct_pop_walk": 0.0 }, "geometry": { "type": "Polygon", "coordinates": [ [ [ -73.924270725302534, 40.666456353375338 ], [ -73.924381822912295, 40.666372492049206 ], [ -73.928714629692976, 40.664485612211216 ], [ -73.928325788058814, 40.668636747854784 ], [ -73.925548347814782, 40.668510955865585 ], [ -73.924270725302534, 40.666456353375338 ] ] ] } },
{ "type": "Feature", "properties": { "id": "80", "NTACode": "BK0901", "GEOCODE": 470901, "GEONAME": "Crown Heights (South)", "nta_population": 52273.0, "pop_within_walk": 26509.440491237314, "pct_pop_walk": 50.713447652205375 }, "geometry": { "type": "Polygon", "coordinates": [ [ [ -73.961321778157824, 40.671362240954096 ], [ -73.955266958425838, 40.670104321062105 ], [ -73.928325788058814, 40.668636747854784 ], [ -73.928714629692976, 40.664485612211216 ], [ -73.930658837863788, 40.663605068286827 ], [ -73.931603167546754, 40.663563137623761 ], [ -73.942824026132612, 40.66285031635163 ], [ -73.942712928522852, 40.664066305580555 ], [ -73.945490368766883, 40.664234028232819 ], [ -73.957211166596664, 40.663521206960695 ], [ -73.957266715401545, 40.664317889558951 ], [ -73.960321899669964, 40.664108236243621 ], [ -73.960932936523648, 40.663269622982298 ], [ -73.962543851865192, 40.671613824932493 ], [ -73.961321778157824, 40.671362240954096 ] ] ] } },
{ "type": "Feature", "properties": { "id": "81", "NTACode": "BK0902", "GEOCODE": 470902, "GEONAME": "Prospect Lefferts Gardens-Wingate", "nta_population": 45402.0, "pop_within_walk": 15225.220085819245, "pct_pop_walk": 33.534249781549811 }, "geometry": { "type": "Polygon", "coordinates": [ [ [ -73.931603167546754, 40.663563137623761 ], [ -73.931325423522352, 40.660586060546052 ], [ -73.934213961376145, 40.660418337893788 ], [ -73.933991766156623, 40.658112151425144 ], [ -73.931103228302831, 40.658279874077408 ], [ -73.93088103308331, 40.656602647554756 ], [ -73.94237963569357, 40.655889826282625 ], [ -73.950045370767072, 40.655428588988897 ], [ -73.950156468376832, 40.65626720225022 ], [ -73.956377934523459, 40.655889826282625 ], [ -73.956322385718579, 40.655051213021302 ], [ -73.95971086281628, 40.654841559705972 ], [ -73.959877509230921, 40.655638242304228 ], [ -73.961877266206628, 40.654883490369038 ], [ -73.963099339913995, 40.662137495079506 ], [ -73.96226610784079, 40.663185761656166 ], [ -73.960932936523648, 40.663269622982298 ], [ -73.960321899669964, 40.664108236243621 ], [ -73.957266715401545, 40.664317889558951 ], [ -73.957211166596664, 40.663521206960695 ], [ -73.945490368766883, 40.664234028232819 ], [ -73.942712928522852, 40.664066305580555 ], [ -73.942824026132612, 40.66285031635163 ], [ -73.931603167546754, 40.663563137623761 ] ] ] } },
{ "type": "Feature", "properties": { "id": "82", "NTACode": "BK1001", "GEOCODE": 471001, "GEONAME": "Bay Ridge", "nta_population": 84021.0, "pop_within_walk": 24037.586988507344, "pct_pop_walk": 28.609022730635612 }, "geometry": { "type": "Polygon", "coordinates": [ [ [ -74.032313150795076, 40.643562211341134 ], [ -74.029813454575461, 40.642304291449143 ], [ -74.028869124892495, 40.641214094209417 ], [ -74.026258331063104, 40.640123896969698 ], [ -74.026924916721669, 40.639453006360633 ], [ -74.024758513331335, 40.638111225142509 ], [ -74.02225881711172, 40.640710926252623 ], [ -74.021092292209218, 40.638278947794774 ], [ -74.016759485428551, 40.63542766270627 ], [ -74.015148570087007, 40.633205337563751 ], [ -74.019703572087209, 40.622177573177318 ], [ -74.020092413721372, 40.622429157155715 ], [ -74.022869853965403, 40.619452080078005 ], [ -74.021203389818979, 40.618487674827477 ], [ -74.024758513331335, 40.609682235583556 ], [ -74.02709156313631, 40.610227334203415 ], [ -74.026369428672865, 40.612449659345934 ], [ -74.027535953575367, 40.612952827302728 ], [ -74.025758391819181, 40.616055696369635 ], [ -74.026313879867985, 40.616349211011098 ], [ -74.030091198599862, 40.612617381998199 ], [ -74.030924430673068, 40.611611046084604 ], [ -74.033146382868296, 40.610227334203415 ], [ -74.036034920722074, 40.60930485961596 ], [ -74.037256994429441, 40.611611046084604 ], [ -74.038812360966105, 40.612952827302728 ], [ -74.040478825112515, 40.615636389738974 ], [ -74.041589801210122, 40.620374554665467 ], [ -74.041867545234524, 40.624525690309028 ], [ -74.041034313161319, 40.630270191149116 ], [ -74.036701506380638, 40.63915949171917 ], [ -74.035701627892792, 40.640627064926491 ], [ -74.036701506380638, 40.641675331503151 ], [ -74.034090712551262, 40.644316963276324 ], [ -74.032313150795076, 40.643562211341134 ] ] ] } },
{ "type": "Feature", "properties": { "id": "83", "NTACode": "BK1002", "GEOCODE": 471002, "GEONAME": "Dyker Heights", "nta_population": 40173.0, "pop_within_walk": 8726.8592496133097, "pct_pop_walk": 21.723195304341996 }, "geometry": { "type": "Polygon", "coordinates": [ [ [ -74.007038444574462, 40.632115140324032 ], [ -74.001927954525456, 40.629012271257125 ], [ -74.00253899137914, 40.628467172637258 ], [ -73.997261854915493, 40.625280442244225 ], [ -73.997706245354536, 40.623687077047705 ], [ -73.999317160696066, 40.624651482298226 ], [ -74.010482470477044, 40.613917232553256 ], [ -74.011704544184425, 40.612743173987397 ], [ -74.021203389818979, 40.618487674827477 ], [ -74.022869853965403, 40.619452080078005 ], [ -74.020092413721372, 40.622429157155715 ], [ -74.019703572087209, 40.622177573177318 ], [ -74.015148570087007, 40.633205337563751 ], [ -74.016759485428551, 40.63542766270627 ], [ -74.016315094989508, 40.635930830663064 ], [ -74.011926739403947, 40.633247268226818 ], [ -74.01076021450146, 40.634337465466544 ], [ -74.007038444574462, 40.632115140324032 ] ] ] } },
{ "type": "Feature", "properties": { "id": "84", "NTACode": "BK1061", "GEOCODE": 471061, "GEONAME": "Fort Hamilton", "nta_population": 859.0, "pop_within_walk": 0.0, "pct_pop_walk": 0.0 }, "geometry": { "type": "Polygon", "coordinates": [ [ [ -74.024758513331335, 40.609682235583556 ], [ -74.02148113384338, 40.607837286408639 ], [ -74.022481012331241, 40.60666322784278 ], [ -74.020758999379936, 40.605656891929193 ], [ -74.0214255850385, 40.604398972037202 ], [ -74.018703693599363, 40.603602289438939 ], [ -74.019425828062808, 40.602889468166815 ], [ -74.021036743404338, 40.603560358775873 ], [ -74.029313515331538, 40.604608625352533 ], [ -74.031035528282828, 40.605237585298525 ], [ -74.032701992429239, 40.606327782538251 ], [ -74.034868395819586, 40.608592038343829 ], [ -74.036034920722074, 40.60930485961596 ], [ -74.033146382868296, 40.610227334203415 ], [ -74.030924430673068, 40.611611046084604 ], [ -74.030091198599862, 40.612617381998199 ], [ -74.026313879867985, 40.616349211011098 ], [ -74.025758391819181, 40.616055696369635 ], [ -74.027535953575367, 40.612952827302728 ], [ -74.026369428672865, 40.612449659345934 ], [ -74.02709156313631, 40.610227334203415 ], [ -74.024758513331335, 40.609682235583556 ] ] ] } },
{ "type": "Feature", "properties": { "id": "85", "NTACode": "BK1091", "GEOCODE": 471091, "GEONAME": "Dyker Beach Park", "nta_population": 0.0, "pop_within_walk": 0.0, "pct_pop_walk": 0.0 }, "geometry": { "type": "Polygon", "coordinates": [ [ [ -74.011704544184425, 40.612743173987397 ], [ -74.017037229452953, 40.607669563756374 ], [ -74.015481862916289, 40.606830950495045 ], [ -74.018703693599363, 40.603602289438939 ], [ -74.0214255850385, 40.604398972037202 ], [ -74.020758999379936, 40.605656891929193 ], [ -74.022481012331241, 40.60666322784278 ], [ -74.02148113384338, 40.607837286408639 ], [ -74.024758513331335, 40.609682235583556 ], [ -74.021203389818979, 40.618487674827477 ], [ -74.011704544184425, 40.612743173987397 ] ] ] } },
{ "type": "Feature", "properties": { "id": "86", "NTACode": "BK1101", "GEOCODE": 471101, "GEONAME": "Bensonhurst", "nta_population": 96111.0, "pop_within_walk": 18498.234787706064, "pct_pop_walk": 19.246740526793047 }, "geometry": { "type": "Polygon", "coordinates": [ [ [ -73.990096059085914, 40.62280653312331 ], [ -73.985707703500353, 40.620122970687063 ], [ -73.986263191549156, 40.619577872067204 ], [ -73.974764588938896, 40.612659312661265 ], [ -73.974042454475452, 40.608717830333028 ], [ -73.98842959493949, 40.607124465136515 ], [ -73.989151729402948, 40.60645357452745 ], [ -73.98687422840284, 40.605111793309327 ], [ -73.988707338963891, 40.603434566786675 ], [ -73.990873742354239, 40.604776348004798 ], [ -73.995595390769083, 40.600247836393635 ], [ -74.000039295159524, 40.602889468166815 ], [ -74.000317039183926, 40.602637884188418 ], [ -74.004927589988995, 40.605069862646261 ], [ -74.00092807603761, 40.608633969006895 ], [ -74.007927225452548, 40.612323867356736 ], [ -74.010482470477044, 40.613917232553256 ], [ -73.999317160696066, 40.624651482298226 ], [ -73.997706245354536, 40.623687077047705 ], [ -73.997261854915493, 40.625280442244225 ], [ -73.99676191567157, 40.626831876777672 ], [ -73.990096059085914, 40.62280653312331 ] ] ] } },
{ "type": "Feature", "properties": { "id": "87", "NTACode": "BK1102", "GEOCODE": 471102, "GEONAME": "Bath Beach", "nta_population": 30826.0, "pop_within_walk": 3332.4009572609598, "pct_pop_walk": 10.810358000587035 }, "geometry": { "type": "Polygon", "coordinates": [ [ [ -73.995595390769083, 40.600247836393635 ], [ -74.002039052135217, 40.594042098259827 ], [ -74.002983381818183, 40.595341948814877 ], [ -74.005594175647573, 40.597564273957396 ], [ -74.009204847964796, 40.599828529762974 ], [ -74.01237112984299, 40.601338033633361 ], [ -74.014704179647964, 40.602050854905485 ], [ -74.019425828062808, 40.602889468166815 ], [ -74.018703693599363, 40.603602289438939 ], [ -74.015481862916289, 40.606830950495045 ], [ -74.017037229452953, 40.607669563756374 ], [ -74.011704544184425, 40.612743173987397 ], [ -74.010482470477044, 40.613917232553256 ], [ -74.007927225452548, 40.612323867356736 ], [ -74.00092807603761, 40.608633969006895 ], [ -74.004927589988995, 40.605069862646261 ], [ -74.000317039183926, 40.602637884188418 ], [ -74.000039295159524, 40.602889468166815 ], [ -73.995595390769083, 40.600247836393635 ] ] ] } },
{ "type": "Feature", "properties": { "id": "88", "NTACode": "BK1103", "GEOCODE": 471103, "GEONAME": "Gravesend (West)", "nta_population": 55817.0, "pop_within_walk": 14699.611727286871, "pct_pop_walk": 26.335366872613847 }, "geometry": { "type": "Polygon", "coordinates": [ [ [ -73.980708311061107, 40.594000167596761 ], [ -73.984652276207626, 40.593538930303026 ], [ -73.986040996329635, 40.594461404890488 ], [ -73.989596119841991, 40.590981159855986 ], [ -73.990373803110316, 40.591442397149713 ], [ -73.991540328012803, 40.590394130573053 ], [ -73.993317889768974, 40.589597447974796 ], [ -73.993762280208017, 40.590352199909987 ], [ -73.997928440574057, 40.588381458745872 ], [ -73.998650575037502, 40.589178141344135 ], [ -73.99842837981798, 40.590226407920788 ], [ -73.997095208500852, 40.591274674497448 ], [ -73.997539598939895, 40.59190363444344 ], [ -73.999150514281425, 40.59114888250825 ], [ -73.999483807110707, 40.592951901020101 ], [ -74.001094722452251, 40.592532594389439 ], [ -74.002039052135217, 40.594042098259827 ], [ -73.995595390769083, 40.600247836393635 ], [ -73.990873742354239, 40.604776348004798 ], [ -73.988707338963891, 40.603434566786675 ], [ -73.98687422840284, 40.605111793309327 ], [ -73.989151729402948, 40.60645357452745 ], [ -73.98842959493949, 40.607124465136515 ], [ -73.974042454475452, 40.608717830333028 ], [ -73.972987027182725, 40.608801691659167 ], [ -73.972153795109506, 40.604189318721872 ], [ -73.972931478377845, 40.59932536180618 ], [ -73.971931599889984, 40.599409223132312 ], [ -73.971487209450942, 40.597186897989793 ], [ -73.980375018231825, 40.596180562076206 ], [ -73.979930627792783, 40.594084028922893 ], [ -73.980708311061107, 40.594000167596761 ] ] ] } },
{ "type": "Feature", "properties": { "id": "89", "NTACode": "BK1201", "GEOCODE": 471201, "GEONAME": "Sunset Park (East)-Borough Park (West)", "nta_population": 30883.0, "pop_within_walk": 3271.2625147535273, "pct_pop_walk": 10.592437634794312 }, "geometry": { "type": "Polygon", "coordinates": [ [ [ -73.989040631793188, 40.644107309960994 ], [ -74.005538626842693, 40.633079545574553 ], [ -74.009538140794078, 40.635511524032403 ], [ -73.997039659695972, 40.64754562433243 ], [ -73.996039781208125, 40.648342306930694 ], [ -73.989040631793188, 40.644107309960994 ] ] ] } },
{ "type": "Feature", "properties": { "id": "90", "NTACode": "BK1202", "GEOCODE": 471202, "GEONAME": "Borough Park", "nta_population": 88660.0, "pop_within_walk": 21275.569750485582, "pct_pop_walk": 23.9968077492506 }, "geometry": { "type": "Polygon", "coordinates": [ [ [ -73.976042211451144, 40.631276527062703 ], [ -73.977153187548751, 40.630731428442843 ], [ -73.976597699499948, 40.627586628712869 ], [ -73.977542029182914, 40.627964004680464 ], [ -73.982152579987996, 40.623519354395434 ], [ -73.984374532183224, 40.624903066276623 ], [ -73.986096545134515, 40.623183909090905 ], [ -73.988318497329729, 40.624525690309028 ], [ -73.990096059085914, 40.62280653312331 ], [ -73.99676191567157, 40.626831876777672 ], [ -73.997261854915493, 40.625280442244225 ], [ -74.00253899137914, 40.628467172637258 ], [ -74.001927954525456, 40.629012271257125 ], [ -74.007038444574462, 40.632115140324032 ], [ -74.005538626842693, 40.633079545574553 ], [ -73.989040631793188, 40.644107309960994 ], [ -73.988374046134609, 40.644568547254721 ], [ -73.982985812061202, 40.641339886198615 ], [ -73.980430567036706, 40.642388152775276 ], [ -73.979097395719577, 40.63542766270627 ], [ -73.976875443524349, 40.635679246684667 ], [ -73.976042211451144, 40.631276527062703 ] ] ] } },
{ "type": "Feature", "properties": { "id": "91", "NTACode": "BK1203", "GEOCODE": 471203, "GEONAME": "Kensington", "nta_population": 37992.0, "pop_within_walk": 16129.378792579519, "pct_pop_walk": 42.454671490259841 }, "geometry": { "type": "Polygon", "coordinates": [ [ [ -73.976042211451144, 40.631276527062703 ], [ -73.976875443524349, 40.635679246684667 ], [ -73.979097395719577, 40.63542766270627 ], [ -73.980430567036706, 40.642388152775276 ], [ -73.982985812061202, 40.641339886198615 ], [ -73.988374046134609, 40.644568547254721 ], [ -73.981819287158714, 40.647126317701769 ], [ -73.980263920622065, 40.647294040354033 ], [ -73.975264528182819, 40.647839138973893 ], [ -73.973153673597366, 40.647587554995496 ], [ -73.971376111841181, 40.648258445604561 ], [ -73.96804318354836, 40.636643651935188 ], [ -73.970265135743574, 40.636392067956791 ], [ -73.969876294109412, 40.634211673477346 ], [ -73.976042211451144, 40.631276527062703 ] ] ] } },
{ "type": "Feature", "properties": { "id": "92", "NTACode": "BK1204", "GEOCODE": 471204, "GEONAME": "Mapleton-Midwood (West)", "nta_population": 37160.0, "pop_within_walk": 1144.5387547240559, "pct_pop_walk": 3.0800289416686111 }, "geometry": { "type": "Polygon", "coordinates": [ [ [ -73.962877144694474, 40.612533520672066 ], [ -73.964765804060406, 40.612323867356736 ], [ -73.964321413621363, 40.609766096909688 ], [ -73.972987027182725, 40.608801691659167 ], [ -73.974042454475452, 40.608717830333028 ], [ -73.974764588938896, 40.612659312661265 ], [ -73.986263191549156, 40.619577872067204 ], [ -73.985707703500353, 40.620122970687063 ], [ -73.990096059085914, 40.62280653312331 ], [ -73.988318497329729, 40.624525690309028 ], [ -73.986096545134515, 40.623183909090905 ], [ -73.984374532183224, 40.624903066276623 ], [ -73.982152579987996, 40.623519354395434 ], [ -73.977542029182914, 40.627964004680464 ], [ -73.976597699499948, 40.627586628712869 ], [ -73.976208857865785, 40.625993263516349 ], [ -73.970931721402138, 40.626580292799275 ], [ -73.971376111841181, 40.628928409930992 ], [ -73.966098975377534, 40.629557369876984 ], [ -73.962877144694474, 40.612533520672066 ] ] ] } },
{ "type": "Feature", "properties": { "id": "93", "NTACode": "BK1301", "GEOCODE": 471301, "GEONAME": "Gravesend (South)", "nta_population": 28037.0, "pop_within_walk": 0.0, "pct_pop_walk": 0.0 }, "geometry": { "type": "Polygon", "coordinates": [ [ [ -73.980708311061107, 40.594000167596761 ], [ -73.977708675597555, 40.592197149084903 ], [ -73.977486480378033, 40.59114888250825 ], [ -73.975597821012101, 40.589932893279325 ], [ -73.960655192499246, 40.591610119801977 ], [ -73.960321899669964, 40.587291261506145 ], [ -73.960266350865083, 40.585027005700567 ], [ -73.963432632743277, 40.584649629732972 ], [ -73.966598914621457, 40.58456576840684 ], [ -73.974709040134016, 40.583140125862585 ], [ -73.977430931573153, 40.582888541884188 ], [ -73.981763738353834, 40.583601363156312 ], [ -73.986263191549156, 40.584481907080708 ], [ -73.986540935573558, 40.583643293819378 ], [ -73.988318497329729, 40.583475571167114 ], [ -73.988818436573666, 40.584356115091509 ], [ -73.990873742354239, 40.585865618961897 ], [ -73.99259575530553, 40.588087944104409 ], [ -73.997761794159416, 40.585697896309625 ], [ -73.998095086988698, 40.585362451005096 ], [ -73.998150635793579, 40.586536509570955 ], [ -73.994095573037299, 40.588674973387334 ], [ -73.995373195549561, 40.5893458639964 ], [ -73.997928440574057, 40.588381458745872 ], [ -73.993762280208017, 40.590352199909987 ], [ -73.993317889768974, 40.589597447974796 ], [ -73.991540328012803, 40.590394130573053 ], [ -73.990373803110316, 40.591442397149713 ], [ -73.989596119841991, 40.590981159855986 ], [ -73.986040996329635, 40.594461404890488 ], [ -73.984652276207626, 40.593538930303026 ], [ -73.980708311061107, 40.594000167596761 ] ] ] } },
{ "type": "Feature", "properties": { "id": "94", "NTACode": "BK1302", "GEOCODE": 471302, "GEONAME": "Coney Island-Sea Gate", "nta_population": 52480.0, "pop_within_walk": 13404.556249329262, "pct_pop_walk": 25.542218462898745 }, "geometry": { "type": "Polygon", "coordinates": [ [ [ -73.966598914621457, 40.58456576840684 ], [ -73.968654220402044, 40.575634537173713 ], [ -73.967543244304437, 40.574879785238522 ], [ -73.964765804060406, 40.57479592391239 ], [ -73.959433118791878, 40.575173299879985 ], [ -73.959377569986998, 40.573915379987994 ], [ -73.967209951475155, 40.573328350705069 ], [ -73.96954300128013, 40.572825182748275 ], [ -73.972487087938802, 40.572573598769871 ], [ -73.975486723402341, 40.571986569486945 ], [ -73.978430810061013, 40.571902708160813 ], [ -73.987263070037002, 40.571064094899491 ], [ -73.993151243354333, 40.570393204290426 ], [ -73.997372952525254, 40.570267412301227 ], [ -74.000372587988807, 40.570518996279624 ], [ -74.002039052135217, 40.570225481638161 ], [ -74.00248344257426, 40.571734985508549 ], [ -74.004816492379234, 40.572867113411341 ], [ -74.00670515174518, 40.573412212031201 ], [ -74.010093628842881, 40.573831518661862 ], [ -74.012037837013708, 40.574879785238522 ], [ -74.013037715501554, 40.577773000990099 ], [ -74.011482348964904, 40.580079187458743 ], [ -74.00826051828183, 40.581546760666065 ], [ -74.006038566086616, 40.581966067296726 ], [ -74.002927833013302, 40.581420968676866 ], [ -73.999650453525348, 40.581337107350734 ], [ -73.998261733403339, 40.581588691329131 ], [ -73.997872891769177, 40.580582355415537 ], [ -73.991818072037205, 40.579240574197421 ], [ -73.990373803110316, 40.579408296849685 ], [ -73.988985082988307, 40.578821267566752 ], [ -73.987374167646763, 40.579072851545149 ], [ -73.989929412671273, 40.580666216741669 ], [ -73.988318497329729, 40.583475571167114 ], [ -73.986540935573558, 40.583643293819378 ], [ -73.986263191549156, 40.584481907080708 ], [ -73.981763738353834, 40.583601363156312 ], [ -73.977430931573153, 40.582888541884188 ], [ -73.974709040134016, 40.583140125862585 ], [ -73.966598914621457, 40.58456576840684 ] ] ] } },
{ "type": "Feature", "properties": { "id": "95", "NTACode": "BK1303", "GEOCODE": 471303, "GEONAME": "Brighton Beach", "nta_population": 29628.0, "pop_within_walk": 0.0, "pct_pop_walk": 0.0 }, "geometry": { "type": "Polygon", "coordinates": [ [ [ -73.95237842057206, 40.57425082529253 ], [ -73.954378177547753, 40.574376617281729 ], [ -73.959377569986998, 40.573915379987994 ], [ -73.959433118791878, 40.575173299879985 ], [ -73.964765804060406, 40.57479592391239 ], [ -73.967543244304437, 40.574879785238522 ], [ -73.968654220402044, 40.575634537173713 ], [ -73.966598914621457, 40.58456576840684 ], [ -73.963432632743277, 40.584649629732972 ], [ -73.960266350865083, 40.585027005700567 ], [ -73.960044155645562, 40.583265917851783 ], [ -73.959099825962596, 40.582846611221122 ], [ -73.957322264206425, 40.583014333873386 ], [ -73.95643348332834, 40.582678888568857 ], [ -73.954155982328231, 40.583098195199518 ], [ -73.95237842057206, 40.57425082529253 ] ] ] } },
{ "type": "Feature", "properties": { "id": "96", "NTACode": "BK1391", "GEOCODE": 471391, "GEONAME": "Calvert Vaux Park", "nta_population": 0.0, "pop_within_walk": 0.0, "pct_pop_walk": 0.0 }, "geometry": { "type": "Polygon", "coordinates": [ [ [ -73.988318497329729, 40.583475571167114 ], [ -73.989929412671273, 40.580666216741669 ], [ -73.991651425622564, 40.581085523372337 ], [ -73.991706974427444, 40.581840275307528 ], [ -73.990318254305436, 40.584230323102311 ], [ -73.99265130411041, 40.583601363156312 ], [ -73.996039781208125, 40.58213378994899 ], [ -74.000205941574166, 40.583056264536452 ], [ -74.000372587988807, 40.584188392439245 ], [ -73.998095086988698, 40.585362451005096 ], [ -73.997761794159416, 40.585697896309625 ], [ -73.99259575530553, 40.588087944104409 ], [ -73.990873742354239, 40.585865618961897 ], [ -73.988818436573666, 40.584356115091509 ], [ -73.988318497329729, 40.583475571167114 ] ] ] } },
{ "type": "Feature", "properties": { "id": "97", "NTACode": "BK1401", "GEOCODE": 471401, "GEONAME": "Flatbush", "nta_population": 68167.0, "pop_within_walk": 14823.935411885457, "pct_pop_walk": 21.746498176369002 }, "geometry": { "type": "Polygon", "coordinates": [ [ [ -73.956322385718579, 40.655051213021302 ], [ -73.955822446474656, 40.650522701410139 ], [ -73.958710984328434, 40.650396909420941 ], [ -73.95809994747475, 40.64649735775577 ], [ -73.955655800060001, 40.646623149744975 ], [ -73.954711470377035, 40.644778200570052 ], [ -73.954100433523351, 40.63915949171917 ], [ -73.953600494279428, 40.638404739783979 ], [ -73.9482678090109, 40.63861439309931 ], [ -73.947767869766977, 40.634002020162015 ], [ -73.945879210401046, 40.634127812151213 ], [ -73.945601466376644, 40.631779695019503 ], [ -73.946490247254729, 40.631695833693364 ], [ -73.944157197449741, 40.629515439213918 ], [ -73.947323479327935, 40.629179993909389 ], [ -73.956822324962502, 40.628131727332729 ], [ -73.959377569986998, 40.641465678187814 ], [ -73.963210437523756, 40.639662659675963 ], [ -73.964099218401842, 40.644400824602457 ], [ -73.964987999279927, 40.644316963276324 ], [ -73.96548793852385, 40.646707011071108 ], [ -73.964543608840884, 40.64679087239724 ], [ -73.964876901670166, 40.648719682898289 ], [ -73.96221055903591, 40.649767949474942 ], [ -73.963043791109115, 40.651529037323733 ], [ -73.964654706450645, 40.650900077377734 ], [ -73.966210072987295, 40.653206263846386 ], [ -73.961877266206628, 40.654883490369038 ], [ -73.959877509230921, 40.655638242304228 ], [ -73.95971086281628, 40.654841559705972 ], [ -73.956322385718579, 40.655051213021302 ] ] ] } },
{ "type": "Feature", "properties": { "id": "98", "NTACode": "BK1402", "GEOCODE": 471402, "GEONAME": "Flatbush (West)-Ditmas Park-Parkville", "nta_population": 40527.0, "pop_within_walk": 7655.3814294504136, "pct_pop_walk": 18.889583313471054 }, "geometry": { "type": "Polygon", "coordinates": [ [ [ -73.956822324962502, 40.628131727332729 ], [ -73.959933058035801, 40.6277962820282 ], [ -73.960432997279725, 40.630144399159917 ], [ -73.966098975377534, 40.629557369876984 ], [ -73.971376111841181, 40.628928409930992 ], [ -73.970931721402138, 40.626580292799275 ], [ -73.976208857865785, 40.625993263516349 ], [ -73.976597699499948, 40.627586628712869 ], [ -73.977153187548751, 40.630731428442843 ], [ -73.976042211451144, 40.631276527062703 ], [ -73.969876294109412, 40.634211673477346 ], [ -73.970265135743574, 40.636392067956791 ], [ -73.96804318354836, 40.636643651935188 ], [ -73.971376111841181, 40.648258445604561 ], [ -73.964654706450645, 40.650900077377734 ], [ -73.963043791109115, 40.651529037323733 ], [ -73.96221055903591, 40.649767949474942 ], [ -73.964876901670166, 40.648719682898289 ], [ -73.964543608840884, 40.64679087239724 ], [ -73.96548793852385, 40.646707011071108 ], [ -73.964987999279927, 40.644316963276324 ], [ -73.964099218401842, 40.644400824602457 ], [ -73.963210437523756, 40.639662659675963 ], [ -73.959377569986998, 40.641465678187814 ], [ -73.956822324962502, 40.628131727332729 ] ] ] } },
{ "type": "Feature", "properties": { "id": "99", "NTACode": "BK1403", "GEOCODE": 471403, "GEONAME": "Midwood", "nta_population": 50867.0, "pop_within_walk": 15909.542599633525, "pct_pop_walk": 31.27674641640656 }, "geometry": { "type": "Polygon", "coordinates": [ [ [ -73.956822324962502, 40.628131727332729 ], [ -73.947323479327935, 40.629179993909389 ], [ -73.946434698449849, 40.62439989831983 ], [ -73.945434819962003, 40.624483759645962 ], [ -73.944546039083903, 40.619703664056402 ], [ -73.946490247254729, 40.619494010741072 ], [ -73.945712563986405, 40.615342875097511 ], [ -73.947434576937695, 40.614210747194718 ], [ -73.950267565986607, 40.613917232553256 ], [ -73.94976762674267, 40.611359462106208 ], [ -73.958599886718673, 40.61039505685568 ], [ -73.962377205450551, 40.609975750225018 ], [ -73.962877144694474, 40.612533520672066 ], [ -73.966098975377534, 40.629557369876984 ], [ -73.960432997279725, 40.630144399159917 ], [ -73.959933058035801, 40.6277962820282 ], [ -73.956822324962502, 40.628131727332729 ] ] ] } },
{ "type": "Feature", "properties": { "id": "100", "NTACode": "BK1501", "GEOCODE": 471501, "GEONAME": "Gravesend (East)-Homecrest", "nta_population": 51220.0, "pop_within_walk": 9054.7177795153748, "pct_pop_walk": 17.678090159147551 }, "geometry": { "type": "Polygon", "coordinates": [ [ [ -73.958599886718673, 40.61039505685568 ], [ -73.956822324962502, 40.601086449654964 ], [ -73.957766654645468, 40.601002588328832 ], [ -73.956933422572263, 40.596599868706868 ], [ -73.956100190499058, 40.592113287758771 ], [ -73.956988971377143, 40.591987495769573 ], [ -73.956211288108818, 40.58775249879988 ], [ -73.960321899669964, 40.587291261506145 ], [ -73.960655192499246, 40.591610119801977 ], [ -73.975597821012101, 40.589932893279325 ], [ -73.977486480378033, 40.59114888250825 ], [ -73.977708675597555, 40.592197149084903 ], [ -73.980708311061107, 40.594000167596761 ], [ -73.979930627792783, 40.594084028922893 ], [ -73.980375018231825, 40.596180562076206 ], [ -73.971487209450942, 40.597186897989793 ], [ -73.971931599889984, 40.599409223132312 ], [ -73.972931478377845, 40.59932536180618 ], [ -73.972153795109506, 40.604189318721872 ], [ -73.972987027182725, 40.608801691659167 ], [ -73.964321413621363, 40.609766096909688 ], [ -73.964765804060406, 40.612323867356736 ], [ -73.962877144694474, 40.612533520672066 ], [ -73.962377205450551, 40.609975750225018 ], [ -73.958599886718673, 40.61039505685568 ] ] ] } },
{ "type": "Feature", "properties": { "id": "101", "NTACode": "BK1502", "GEOCODE": 471502, "GEONAME": "Madison", "nta_population": 37991.0, "pop_within_walk": 8406.6451534161224, "pct_pop_walk": 22.127991243758057 }, "geometry": { "type": "Polygon", "coordinates": [ [ [ -73.937546889668965, 40.608550107680763 ], [ -73.939713293059313, 40.607124465136515 ], [ -73.934269510181025, 40.602218577557757 ], [ -73.934491705400546, 40.601212241644163 ], [ -73.942879574937493, 40.600331697719767 ], [ -73.94249073330333, 40.598193233903388 ], [ -73.956933422572263, 40.596599868706868 ], [ -73.957766654645468, 40.601002588328832 ], [ -73.956822324962502, 40.601086449654964 ], [ -73.958599886718673, 40.61039505685568 ], [ -73.94976762674267, 40.611359462106208 ], [ -73.950267565986607, 40.613917232553256 ], [ -73.947434576937695, 40.614210747194718 ], [ -73.945712563986405, 40.615342875097511 ], [ -73.944823783108319, 40.616055696369635 ], [ -73.943546160596057, 40.609346790279027 ], [ -73.942324086888689, 40.6082565930393 ], [ -73.939324451425151, 40.610185403540349 ], [ -73.937546889668965, 40.608550107680763 ] ] ] } },
{ "type": "Feature", "properties": { "id": "102", "NTACode": "BK1503", "GEOCODE": 471503, "GEONAME": "Sheepshead Bay-Manhattan Beach-Gerritsen Beach", "nta_population": 65400.0, "pop_within_walk": 0.0, "pct_pop_walk": 0.0 }, "geometry": { "type": "Polygon", "coordinates": [ [ [ -73.918104807960802, 40.586578440234021 ], [ -73.92099334581458, 40.585739826972699 ], [ -73.922326517131708, 40.586033341614161 ], [ -73.9252150549855, 40.585823688298831 ], [ -73.92682597032703, 40.587291261506145 ], [ -73.927770300009996, 40.588674973387334 ], [ -73.923937432473252, 40.59114888250825 ], [ -73.924215176497654, 40.591358535823581 ], [ -73.928159141644159, 40.588842696039599 ], [ -73.930047801010105, 40.589429725322532 ], [ -73.930547740254028, 40.590268338583854 ], [ -73.929992252205224, 40.594084028922893 ], [ -73.93099213069307, 40.594629127542753 ], [ -73.932825241254122, 40.594796850195017 ], [ -73.931547618741874, 40.592532594389439 ], [ -73.931103228302831, 40.5893458639964 ], [ -73.929714508180822, 40.587626706810681 ], [ -73.928103592839278, 40.586704232223219 ], [ -73.925826091839184, 40.584943144374435 ], [ -73.927214811961193, 40.584775421722171 ], [ -73.931380972327233, 40.586075272277228 ], [ -73.930103349814985, 40.584481907080708 ], [ -73.932047557985797, 40.584230323102311 ], [ -73.931880911571156, 40.583098195199518 ], [ -73.934213961376145, 40.58297240321032 ], [ -73.937102499229923, 40.583349779177915 ], [ -73.938102377717769, 40.583098195199518 ], [ -73.946268052035208, 40.583559432493246 ], [ -73.953489396669667, 40.58297240321032 ], [ -73.953322750255026, 40.582007997959792 ], [ -73.949712077937789, 40.582301512601255 ], [ -73.942712928522852, 40.581001662046205 ], [ -73.93249194842484, 40.581127454035403 ], [ -73.931047679497951, 40.576263497119712 ], [ -73.931492069936994, 40.575676467836779 ], [ -73.94249073330333, 40.575382953195316 ], [ -73.944490490279023, 40.575760329162911 ], [ -73.945934759205926, 40.575131369216919 ], [ -73.95237842057206, 40.57425082529253 ], [ -73.954155982328231, 40.583098195199518 ], [ -73.95643348332834, 40.582678888568857 ], [ -73.957322264206425, 40.583014333873386 ], [ -73.959099825962596, 40.582846611221122 ], [ -73.960044155645562, 40.583265917851783 ], [ -73.960266350865083, 40.585027005700567 ], [ -73.960321899669964, 40.587291261506145 ], [ -73.956211288108818, 40.58775249879988 ], [ -73.956988971377143, 40.591987495769573 ], [ -73.956100190499058, 40.592113287758771 ], [ -73.956933422572263, 40.596599868706868 ], [ -73.94249073330333, 40.598193233903388 ], [ -73.942879574937493, 40.600331697719767 ], [ -73.934491705400546, 40.601212241644163 ], [ -73.934269510181025, 40.602218577557757 ], [ -73.933547375717566, 40.602679814851484 ], [ -73.928159141644159, 40.597773927272726 ], [ -73.929547861766181, 40.596809522022198 ], [ -73.918104807960802, 40.586578440234021 ] ] ] } },
{ "type": "Feature", "properties": { "id": "103", "NTACode": "BK1601", "GEOCODE": 471601, "GEONAME": "Ocean Hill", "nta_population": 39495.0, "pop_within_walk": 0.0, "pct_pop_walk": 0.0 }, "geometry": { "type": "Polygon", "coordinates": [ [ [ -73.904050960326032, 40.67920327494749 ], [ -73.900051446374633, 40.676897088478846 ], [ -73.903495472277228, 40.675513376597657 ], [ -73.922770907570765, 40.66708531332133 ], [ -73.921826577887785, 40.677022880468044 ], [ -73.921659931473144, 40.678867829642961 ], [ -73.916327246204617, 40.678574315001498 ], [ -73.918049259155922, 40.687212031593155 ], [ -73.904050960326032, 40.67920327494749 ] ] ] } },
{ "type": "Feature", "properties": { "id": "104", "NTACode": "BK1602", "GEOCODE": 471602, "GEONAME": "Brownsville", "nta_population": 57650.0, "pop_within_walk": 4245.9681372864552, "pct_pop_walk": 7.3650791626824894 }, "geometry": { "type": "Polygon", "coordinates": [ [ [ -73.900829129642972, 40.665366156135612 ], [ -73.900440288008795, 40.663814721602158 ], [ -73.901440166496656, 40.663646998949893 ], [ -73.900662483228317, 40.660586060546052 ], [ -73.89966260474047, 40.660753783198317 ], [ -73.898829372667265, 40.657399330153012 ], [ -73.900273641594154, 40.657189676837682 ], [ -73.903162179447946, 40.655302796999699 ], [ -73.90782827905791, 40.654589975727568 ], [ -73.907383888618867, 40.652828887878783 ], [ -73.908550413521354, 40.652116066606659 ], [ -73.909328096789679, 40.652828887878783 ], [ -73.910105780058004, 40.655847895619559 ], [ -73.912383281058112, 40.65551245031503 ], [ -73.918160356765682, 40.66071185253525 ], [ -73.919104686448648, 40.664234028232819 ], [ -73.921659931473144, 40.663856652265224 ], [ -73.924381822912295, 40.666372492049206 ], [ -73.924270725302534, 40.666456353375338 ], [ -73.922770907570765, 40.66708531332133 ], [ -73.903495472277228, 40.675513376597657 ], [ -73.900829129642972, 40.665366156135612 ] ] ] } },
{ "type": "Feature", "properties": { "id": "105", "NTACode": "BK1701", "GEOCODE": 471701, "GEONAME": "East Flatbush-Erasmus", "nta_population": 45910.0, "pop_within_walk": 30981.343496560225, "pct_pop_walk": 67.482778254324174 }, "geometry": { "type": "Polygon", "coordinates": [ [ [ -73.94237963569357, 40.655889826282625 ], [ -73.941879696449647, 40.651151661356131 ], [ -73.942824026132612, 40.651109730693065 ], [ -73.942657379717971, 40.649348642844281 ], [ -73.943546160596057, 40.64859389090909 ], [ -73.943379514181416, 40.647126317701769 ], [ -73.944323843864382, 40.647084387038703 ], [ -73.944157197449741, 40.645449091179117 ], [ -73.946045856815687, 40.645323299189918 ], [ -73.945879210401046, 40.643436419351936 ], [ -73.947767869766977, 40.643310627362737 ], [ -73.947434576937695, 40.640040035643565 ], [ -73.948434455425542, 40.639998104980492 ], [ -73.9482678090109, 40.63861439309931 ], [ -73.953600494279428, 40.638404739783979 ], [ -73.954100433523351, 40.63915949171917 ], [ -73.954711470377035, 40.644778200570052 ], [ -73.955655800060001, 40.646623149744975 ], [ -73.95809994747475, 40.64649735775577 ], [ -73.958710984328434, 40.650396909420941 ], [ -73.955822446474656, 40.650522701410139 ], [ -73.956322385718579, 40.655051213021302 ], [ -73.956377934523459, 40.655889826282625 ], [ -73.950156468376832, 40.65626720225022 ], [ -73.950045370767072, 40.655428588988897 ], [ -73.94237963569357, 40.655889826282625 ] ] ] } },
{ "type": "Feature", "properties": { "id": "106", "NTACode": "BK1702", "GEOCODE": 471702, "GEONAME": "East Flatbush-Farragut", "nta_population": 32248.0, "pop_within_walk": 7737.4080681573669, "pct_pop_walk": 23.993450967989851 }, "geometry": { "type": "Polygon", "coordinates": [ [ [ -73.937380243254324, 40.64490399255925 ], [ -73.937269145644564, 40.643939587308729 ], [ -73.925714994229423, 40.64469433924392 ], [ -73.925381701400141, 40.642388152775276 ], [ -73.926548226302629, 40.636475929282923 ], [ -73.927437007180714, 40.635259940054006 ], [ -73.937269145644564, 40.634630980108007 ], [ -73.936991401620162, 40.632324793639363 ], [ -73.945601466376644, 40.631779695019503 ], [ -73.945879210401046, 40.634127812151213 ], [ -73.947767869766977, 40.634002020162015 ], [ -73.9482678090109, 40.63861439309931 ], [ -73.948434455425542, 40.639998104980492 ], [ -73.947434576937695, 40.640040035643565 ], [ -73.947767869766977, 40.643310627362737 ], [ -73.945879210401046, 40.643436419351936 ], [ -73.946045856815687, 40.645323299189918 ], [ -73.944157197449741, 40.645449091179117 ], [ -73.944323843864382, 40.647084387038703 ], [ -73.943379514181416, 40.647126317701769 ], [ -73.942824026132612, 40.646539288418836 ], [ -73.942601830913091, 40.644652408580853 ], [ -73.937380243254324, 40.64490399255925 ] ] ] } },
{ "type": "Feature", "properties": { "id": "107", "NTACode": "BK1703", "GEOCODE": 471703, "GEONAME": "East Flatbush-Rugby", "nta_population": 37809.0, "pop_within_walk": 734.42978926549836, "pct_pop_walk": 1.942473456757646 }, "geometry": { "type": "Polygon", "coordinates": [ [ [ -73.919937918521853, 40.64469433924392 ], [ -73.919715723302332, 40.642765528742871 ], [ -73.923270846814688, 40.63991424365436 ], [ -73.92354859083909, 40.642513944764474 ], [ -73.925381701400141, 40.642388152775276 ], [ -73.925714994229423, 40.64469433924392 ], [ -73.937269145644564, 40.643939587308729 ], [ -73.937380243254324, 40.64490399255925 ], [ -73.9326030460346, 40.645239437863786 ], [ -73.932991887668763, 40.648803544224421 ], [ -73.938713414571453, 40.648510029582958 ], [ -73.938880060986094, 40.649558296159611 ], [ -73.942657379717971, 40.649348642844281 ], [ -73.942824026132612, 40.651109730693065 ], [ -73.941879696449647, 40.651151661356131 ], [ -73.94237963569357, 40.655889826282625 ], [ -73.93088103308331, 40.656602647554756 ], [ -73.931103228302831, 40.658279874077408 ], [ -73.933991766156623, 40.658112151425144 ], [ -73.934213961376145, 40.660418337893788 ], [ -73.931325423522352, 40.660586060546052 ], [ -73.931603167546754, 40.663563137623761 ], [ -73.930658837863788, 40.663605068286827 ], [ -73.924659566936697, 40.658196012751276 ], [ -73.925381701400141, 40.657692844794475 ], [ -73.920882248204819, 40.653625570477047 ], [ -73.919937918521853, 40.64469433924392 ] ] ] } },
{ "type": "Feature", "properties": { "id": "108", "NTACode": "BK1704", "GEOCODE": 471704, "GEONAME": "East Flatbush-Remsen Village", "nta_population": 39044.0, "pop_within_walk": 0.0, "pct_pop_walk": 0.0 }, "geometry": { "type": "Polygon", "coordinates": [ [ [ -73.908550413521354, 40.652116066606659 ], [ -73.90943919439944, 40.651529037323733 ], [ -73.919937918521853, 40.64469433924392 ], [ -73.920882248204819, 40.653625570477047 ], [ -73.925381701400141, 40.657692844794475 ], [ -73.924659566936697, 40.658196012751276 ], [ -73.930658837863788, 40.663605068286827 ], [ -73.928714629692976, 40.664485612211216 ], [ -73.924381822912295, 40.666372492049206 ], [ -73.921659931473144, 40.663856652265224 ], [ -73.919104686448648, 40.664234028232819 ], [ -73.918160356765682, 40.66071185253525 ], [ -73.912383281058112, 40.65551245031503 ], [ -73.910105780058004, 40.655847895619559 ], [ -73.909328096789679, 40.652828887878783 ], [ -73.908550413521354, 40.652116066606659 ] ] ] } },
{ "type": "Feature", "properties": { "id": "109", "NTACode": "BK1771", "GEOCODE": 471771, "GEONAME": "Holy Cross Cemetery", "nta_population": 2169.0, "pop_within_walk": 0.0, "pct_pop_walk": 0.0 }, "geometry": { "type": "Polygon", "coordinates": [ [ [ -73.937380243254324, 40.64490399255925 ], [ -73.942601830913091, 40.644652408580853 ], [ -73.942824026132612, 40.646539288418836 ], [ -73.943379514181416, 40.647126317701769 ], [ -73.943546160596057, 40.64859389090909 ], [ -73.942657379717971, 40.649348642844281 ], [ -73.938880060986094, 40.649558296159611 ], [ -73.938713414571453, 40.648510029582958 ], [ -73.932991887668763, 40.648803544224421 ], [ -73.9326030460346, 40.645239437863786 ], [ -73.937380243254324, 40.64490399255925 ] ] ] } },
{ "type": "Feature", "properties": { "id": "110", "NTACode": "BK1801", "GEOCODE": 471801, "GEONAME": "Flatlands", "nta_population": 65280.0, "pop_within_walk": 5198.0323544040002, "pct_pop_walk": 7.9626721115257357 }, "geometry": { "type": "Polygon", "coordinates": [ [ [ -73.918604747204725, 40.632073209660966 ], [ -73.91688273425342, 40.616265349684966 ], [ -73.920548955375537, 40.613959163216322 ], [ -73.920604504180417, 40.61483970714071 ], [ -73.927770300009996, 40.614378469846983 ], [ -73.931714265156515, 40.617942576207618 ], [ -73.933214082888284, 40.616978170957097 ], [ -73.936880304010401, 40.620248762676262 ], [ -73.94076872035204, 40.617690992229221 ], [ -73.943490611791177, 40.617397477587758 ], [ -73.944823783108319, 40.616055696369635 ], [ -73.945712563986405, 40.615342875097511 ], [ -73.946490247254729, 40.619494010741072 ], [ -73.944546039083903, 40.619703664056402 ], [ -73.945434819962003, 40.624483759645962 ], [ -73.946434698449849, 40.62439989831983 ], [ -73.947323479327935, 40.629179993909389 ], [ -73.944157197449741, 40.629515439213918 ], [ -73.946490247254729, 40.631695833693364 ], [ -73.945601466376644, 40.631779695019503 ], [ -73.936991401620162, 40.632324793639363 ], [ -73.937269145644564, 40.634630980108007 ], [ -73.927437007180714, 40.635259940054006 ], [ -73.926548226302629, 40.636475929282923 ], [ -73.925381701400141, 40.642388152775276 ], [ -73.92354859083909, 40.642513944764474 ], [ -73.923270846814688, 40.63991424365436 ], [ -73.919715723302332, 40.642765528742871 ], [ -73.918604747204725, 40.632073209660966 ] ] ] } },
{ "type": "Feature", "properties": { "id": "111", "NTACode": "BK1802", "GEOCODE": 471802, "GEONAME": "Marine Park-Mill Basin-Bergen Beach", "nta_population": 43039.0, "pop_within_walk": 0.0, "pct_pop_walk": 0.0 }, "geometry": { "type": "Polygon", "coordinates": [ [ [ -73.917216027082702, 40.63173776435643 ], [ -73.916604990229018, 40.63043791380138 ], [ -73.909161450375038, 40.627209252745274 ], [ -73.902717789008904, 40.624232175667565 ], [ -73.901884556935698, 40.622974255775574 ], [ -73.900162543984393, 40.621674405220517 ], [ -73.901995654545459, 40.620542277317732 ], [ -73.898107238203821, 40.617062032283229 ], [ -73.898551628642863, 40.615133221782173 ], [ -73.90210675215522, 40.612785104650463 ], [ -73.903495472277228, 40.614001093879388 ], [ -73.904162057935793, 40.613581787248719 ], [ -73.906939498179824, 40.616055696369635 ], [ -73.908828157545756, 40.617313616261626 ], [ -73.909661389618961, 40.616558864326429 ], [ -73.907772730253029, 40.615259013771372 ], [ -73.904273155545553, 40.612030352715266 ], [ -73.90221784976498, 40.610353126192614 ], [ -73.901662361716177, 40.606076198559855 ], [ -73.901884556935698, 40.605740753255326 ], [ -73.905217485228519, 40.604902139993996 ], [ -73.905995168496844, 40.606369713201317 ], [ -73.909328096789679, 40.606495505190516 ], [ -73.909772487228722, 40.605824614581458 ], [ -73.908328218301833, 40.604063526732673 ], [ -73.910939012131209, 40.603518428112807 ], [ -73.913549805960599, 40.603937734743475 ], [ -73.916716087838779, 40.606830950495045 ], [ -73.916160599789976, 40.610520848844885 ], [ -73.914494135643565, 40.611652976747671 ], [ -73.914938526082608, 40.613959163216322 ], [ -73.916604990229018, 40.613455995259521 ], [ -73.915716209350933, 40.611820699399935 ], [ -73.918049259155922, 40.610269264866481 ], [ -73.917993710351041, 40.608885552985299 ], [ -73.91949352808281, 40.607963078397837 ], [ -73.917938161546161, 40.606201990549053 ], [ -73.918549198399845, 40.606118129222921 ], [ -73.919715723302332, 40.607292187788779 ], [ -73.920660052985298, 40.606747089168913 ], [ -73.921604382668264, 40.607627633093308 ], [ -73.924437371717175, 40.605782683918392 ], [ -73.926270482278227, 40.607417979777978 ], [ -73.929881154595463, 40.605069862646261 ], [ -73.933491826912686, 40.608340454365432 ], [ -73.934213961376145, 40.607879217071705 ], [ -73.936047071937196, 40.609514512931291 ], [ -73.937546889668965, 40.608550107680763 ], [ -73.939324451425151, 40.610185403540349 ], [ -73.942324086888689, 40.6082565930393 ], [ -73.943546160596057, 40.609346790279027 ], [ -73.944823783108319, 40.616055696369635 ], [ -73.943490611791177, 40.617397477587758 ], [ -73.94076872035204, 40.617690992229221 ], [ -73.936880304010401, 40.620248762676262 ], [ -73.933214082888284, 40.616978170957097 ], [ -73.931714265156515, 40.617942576207618 ], [ -73.927770300009996, 40.614378469846983 ], [ -73.920604504180417, 40.61483970714071 ], [ -73.920548955375537, 40.613959163216322 ], [ -73.91688273425342, 40.616265349684966 ], [ -73.918604747204725, 40.632073209660966 ], [ -73.917216027082702, 40.63173776435643 ] ] ] } },
{ "type": "Feature", "properties": { "id": "112", "NTACode": "BK1803", "GEOCODE": 471803, "GEONAME": "Canarsie", "nta_population": 82938.0, "pop_within_walk": 7062.7854611498542, "pct_pop_walk": 8.5157412297738713 }, "geometry": { "type": "Polygon", "coordinates": [ [ [ -73.890552600740079, 40.649222850855082 ], [ -73.891108088788883, 40.648803544224421 ], [ -73.889441624642458, 40.647168248364835 ], [ -73.888663941374134, 40.647084387038703 ], [ -73.888552843764373, 40.646958595049504 ], [ -73.885997598739877, 40.643646072667266 ], [ -73.884608878617868, 40.6431009740474 ], [ -73.881886987178717, 40.640836718241822 ], [ -73.88077601108111, 40.639578798349831 ], [ -73.885942049934997, 40.636224345304527 ], [ -73.882886865666563, 40.633456921542155 ], [ -73.884553329812988, 40.6320312789979 ], [ -73.887497416471646, 40.630102468496844 ], [ -73.888886136593655, 40.629934745844579 ], [ -73.890108210301037, 40.628970340594059 ], [ -73.89227461369137, 40.629096132583257 ], [ -73.890830344764481, 40.630857220432041 ], [ -73.892774552935293, 40.631821625682569 ], [ -73.900106995179513, 40.626999599429944 ], [ -73.901440166496656, 40.625238511581159 ], [ -73.904106509130912, 40.626286778157812 ], [ -73.914438586838685, 40.63098301242124 ], [ -73.916271697399736, 40.632073209660966 ], [ -73.917216027082702, 40.63173776435643 ], [ -73.918604747204725, 40.632073209660966 ], [ -73.919715723302332, 40.642765528742871 ], [ -73.919937918521853, 40.64469433924392 ], [ -73.90943919439944, 40.651529037323733 ], [ -73.903995411521151, 40.646623149744975 ], [ -73.895885286008607, 40.651864482628262 ], [ -73.897607298959898, 40.653457847824782 ], [ -73.893552236203618, 40.655218935673567 ], [ -73.891385832813285, 40.652367650585056 ], [ -73.889997112691276, 40.651151661356131 ], [ -73.891274735203524, 40.650019533453346 ], [ -73.890552600740079, 40.649222850855082 ] ] ] } },
{ "type": "Feature", "properties": { "id": "113", "NTACode": "BK1891", "GEOCODE": 471891, "GEONAME": "Marine Park-Plumb Island", "nta_population": 1851.0, "pop_within_walk": 0.0, "pct_pop_walk": 0.0 }, "geometry": { "type": "MultiPolygon", "coordinates": [ [ [ [ -73.931880911571156, 40.583098195199518 ], [ -73.932047557985797, 40.584230323102311 ], [ -73.930103349814985, 40.584481907080708 ], [ -73.931380972327233, 40.586075272277228 ], [ -73.927214811961193, 40.584775421722171 ], [ -73.925826091839184, 40.584943144374435 ], [ -73.919993467326734, 40.584649629732972 ], [ -73.918771393619366, 40.585236659015898 ], [ -73.91521627010701, 40.586284925592558 ], [ -73.913049866716676, 40.585907549624963 ], [ -73.912494378667873, 40.584691560396038 ], [ -73.912883220302035, 40.583056264536452 ], [ -73.911772244204428, 40.582888541884188 ], [ -73.911494500180012, 40.581840275307528 ], [ -73.914994074887488, 40.581546760666065 ], [ -73.918160356765682, 40.58213378994899 ], [ -73.923215298009808, 40.583433640504047 ], [ -73.927103714351432, 40.583559432493246 ], [ -73.931880911571156, 40.583098195199518 ] ] ], [ [ [ -73.919882369716973, 40.599618876447643 ], [ -73.918660296009605, 40.599493084458445 ], [ -73.916271697399736, 40.598151303240321 ], [ -73.913049866716676, 40.594084028922893 ], [ -73.913216513131317, 40.592155218421837 ], [ -73.914827428472847, 40.591526258475845 ], [ -73.915938404570454, 40.592113287758771 ], [ -73.91788261274128, 40.594712988868885 ], [ -73.921604382668264, 40.597144967326727 ], [ -73.922270968326828, 40.59848674854485 ], [ -73.920826699399939, 40.599535015121511 ], [ -73.919882369716973, 40.599618876447643 ] ] ], [ [ [ -73.918549198399845, 40.606118129222921 ], [ -73.904939741204117, 40.593874375607555 ], [ -73.900995776057613, 40.59010061593159 ], [ -73.89382998022802, 40.583685224482444 ], [ -73.891496930423045, 40.581756413981395 ], [ -73.88810845332533, 40.57873740624062 ], [ -73.887719611691168, 40.578066515631562 ], [ -73.891274735203524, 40.577856862316231 ], [ -73.895496444374444, 40.576766665076505 ], [ -73.896496322862291, 40.578988990219017 ], [ -73.896662969276932, 40.582930472547254 ], [ -73.89799614059406, 40.585152797689766 ], [ -73.89799614059406, 40.586033341614161 ], [ -73.898829372667265, 40.587458984158417 ], [ -73.900884678447852, 40.588046013441343 ], [ -73.90210675215522, 40.587375122832277 ], [ -73.904273155545553, 40.58691388553855 ], [ -73.906717302960303, 40.58796215211521 ], [ -73.906828400570063, 40.586997746864682 ], [ -73.910883463326329, 40.585949480288029 ], [ -73.911938890619069, 40.586410717581757 ], [ -73.911494500180012, 40.591106951845184 ], [ -73.91199443942395, 40.594293682238224 ], [ -73.912605476277633, 40.595551602130207 ], [ -73.915160721302129, 40.598780263186313 ], [ -73.918549198399845, 40.600792935013502 ], [ -73.919715723302332, 40.601002588328832 ], [ -73.921493285058503, 40.601925062916287 ], [ -73.923215298009808, 40.601086449654964 ], [ -73.923992981278133, 40.599744668436841 ], [ -73.92510395737574, 40.599912391089106 ], [ -73.929492312961301, 40.60272174551455 ], [ -73.928992373717378, 40.603686150765071 ], [ -73.931158777107711, 40.603853873417343 ], [ -73.931936460376036, 40.603141052145212 ], [ -73.931492069936994, 40.602092785568551 ], [ -73.929214568936899, 40.600499420372032 ], [ -73.928381336863694, 40.600541351035105 ], [ -73.925048408570859, 40.59827709522952 ], [ -73.922493163546349, 40.596054770087008 ], [ -73.921771029082905, 40.595048434173414 ], [ -73.920826699399939, 40.594880711521149 ], [ -73.91788261274128, 40.592826109030902 ], [ -73.916549441424138, 40.591106951845184 ], [ -73.914605233253326, 40.589890962616259 ], [ -73.914549684448446, 40.588758834713467 ], [ -73.917104929472941, 40.587584776147615 ], [ -73.918104807960802, 40.586578440234021 ], [ -73.929547861766181, 40.596809522022198 ], [ -73.928159141644159, 40.597773927272726 ], [ -73.933547375717566, 40.602679814851484 ], [ -73.934269510181025, 40.602218577557757 ], [ -73.939713293059313, 40.607124465136515 ], [ -73.937546889668965, 40.608550107680763 ], [ -73.936047071937196, 40.609514512931291 ], [ -73.934213961376145, 40.607879217071705 ], [ -73.933491826912686, 40.608340454365432 ], [ -73.929881154595463, 40.605069862646261 ], [ -73.926270482278227, 40.607417979777978 ], [ -73.924437371717175, 40.605782683918392 ], [ -73.921604382668264, 40.607627633093308 ], [ -73.920660052985298, 40.606747089168913 ], [ -73.919715723302332, 40.607292187788779 ], [ -73.918549198399845, 40.606118129222921 ] ] ] ] } },
{ "type": "Feature", "properties": { "id": "114", "NTACode": "BK1892", "GEOCODE": 471892, "GEONAME": "McGuire Fields", "nta_population": 0.0, "pop_within_walk": 0.0, "pct_pop_walk": 0.0 }, "geometry": { "type": "Polygon", "coordinates": [ [ [ -73.904162057935793, 40.613581787248719 ], [ -73.903495472277228, 40.614001093879388 ], [ -73.90210675215522, 40.612785104650463 ], [ -73.898551628642863, 40.615133221782173 ], [ -73.898107238203821, 40.617062032283229 ], [ -73.901995654545459, 40.620542277317732 ], [ -73.900162543984393, 40.621674405220517 ], [ -73.898107238203821, 40.621842127872782 ], [ -73.896496322862291, 40.62142282124212 ], [ -73.895607541984205, 40.619745594719468 ], [ -73.896607420472051, 40.617145893609361 ], [ -73.89644077405741, 40.616097627032701 ], [ -73.895440895569564, 40.614420400510049 ], [ -73.894441017081704, 40.613917232553256 ], [ -73.892496808910892, 40.613791440564057 ], [ -73.889774917471755, 40.611694907410737 ], [ -73.890274856715678, 40.610311195529547 ], [ -73.89227461369137, 40.609179067626762 ], [ -73.892719004130413, 40.607208326462647 ], [ -73.896718518081812, 40.605656891929193 ], [ -73.898496079837983, 40.605279515961591 ], [ -73.900162543984393, 40.605614961266127 ], [ -73.901106873667374, 40.606998673147309 ], [ -73.900773580838091, 40.607543771767176 ], [ -73.900551385618556, 40.610436987518753 ], [ -73.904162057935793, 40.613581787248719 ] ] ] } },
{ "type": "Feature", "properties": { "id": "115", "NTACode": "BK1893", "GEOCODE": 471893, "GEONAME": "Canarsie Park & Pier", "nta_population": 0.0, "pop_within_walk": 0.0, "pct_pop_walk": 0.0 }, "geometry": { "type": "Polygon", "coordinates": [ [ [ -73.901440166496656, 40.625238511581159 ], [ -73.900106995179513, 40.626999599429944 ], [ -73.892774552935293, 40.631821625682569 ], [ -73.890830344764481, 40.630857220432041 ], [ -73.89227461369137, 40.629096132583257 ], [ -73.890108210301037, 40.628970340594059 ], [ -73.888886136593655, 40.629934745844579 ], [ -73.887497416471646, 40.630102468496844 ], [ -73.884553329812988, 40.6320312789979 ], [ -73.882886865666563, 40.633456921542155 ], [ -73.885942049934997, 40.636224345304527 ], [ -73.88077601108111, 40.639578798349831 ], [ -73.878442961276122, 40.637440334533451 ], [ -73.877165338763874, 40.63597276132613 ], [ -73.8782207660566, 40.634589049444941 ], [ -73.881275950325033, 40.632366724302429 ], [ -73.882997963276324, 40.631611972367232 ], [ -73.884053390569051, 40.629557369876984 ], [ -73.882609121642162, 40.628257519321927 ], [ -73.883664548934888, 40.627544698049803 ], [ -73.885108817861791, 40.62884454860486 ], [ -73.88655308678868, 40.62863489528953 ], [ -73.888275099739971, 40.627880143354332 ], [ -73.890441503130319, 40.626286778157812 ], [ -73.891496930423045, 40.624483759645962 ], [ -73.892996748154815, 40.623351631743169 ], [ -73.895163151545148, 40.622513018481847 ], [ -73.901440166496656, 40.625238511581159 ] ] ] } },
{ "type": "Feature", "properties": { "id": "116", "NTACode": "BK5591", "GEOCODE": 475591, "GEONAME": "Prospect Park", "nta_population": 0.0, "pop_within_walk": 0.0, "pct_pop_walk": 0.0 }, "geometry": { "type": "Polygon", "coordinates": [ [ [ -73.962543851865192, 40.671613824932493 ], [ -73.960932936523648, 40.663269622982298 ], [ -73.96226610784079, 40.663185761656166 ], [ -73.963099339913995, 40.662137495079506 ], [ -73.961877266206628, 40.654883490369038 ], [ -73.966210072987295, 40.653206263846386 ], [ -73.964654706450645, 40.650900077377734 ], [ -73.971376111841181, 40.648258445604561 ], [ -73.974098003280332, 40.657692844794475 ], [ -73.974486844914495, 40.658321804740474 ], [ -73.980152823012304, 40.661173089828978 ], [ -73.979652883768381, 40.66125695115511 ], [ -73.971820502280224, 40.670649419681965 ], [ -73.970431782158215, 40.672662091509146 ], [ -73.968931964426446, 40.672871744824477 ], [ -73.967487695499557, 40.672871744824477 ], [ -73.962543851865192, 40.671613824932493 ] ] ] } },
{ "type": "Feature", "properties": { "id": "117", "NTACode": "BK5691", "GEOCODE": 475691, "GEONAME": "Barren Island-Floyd Bennett Field", "nta_population": 13.0, "pop_within_walk": 0.0, "pct_pop_walk": 0.0 }, "geometry": { "type": "Polygon", "coordinates": [ [ [ -73.887719611691168, 40.578066515631562 ], [ -73.88810845332533, 40.57873740624062 ], [ -73.891496930423045, 40.581756413981395 ], [ -73.89382998022802, 40.583685224482444 ], [ -73.900995776057613, 40.59010061593159 ], [ -73.904939741204117, 40.593874375607555 ], [ -73.918549198399845, 40.606118129222921 ], [ -73.917938161546161, 40.606201990549053 ], [ -73.915605111741172, 40.603937734743475 ], [ -73.913272061936198, 40.602260508220823 ], [ -73.909161450375038, 40.601631548274824 ], [ -73.90782827905791, 40.602260508220823 ], [ -73.905661875667562, 40.602595953525352 ], [ -73.903328825862587, 40.602595953525352 ], [ -73.901940105740579, 40.603182982808278 ], [ -73.899051567886787, 40.603518428112807 ], [ -73.898329433423342, 40.603224913471344 ], [ -73.895607541984205, 40.603015260156013 ], [ -73.891552479227926, 40.603434566786675 ], [ -73.890996991179122, 40.603895804080409 ], [ -73.887164123642364, 40.605321446624657 ], [ -73.884775525032509, 40.605153723972393 ], [ -73.88394229295929, 40.605531099939995 ], [ -73.882720219251922, 40.604189318721872 ], [ -73.883386804910486, 40.603015260156013 ], [ -73.881664791959196, 40.598947985838585 ], [ -73.881664791959196, 40.597941649924991 ], [ -73.880887108690871, 40.596516007380735 ], [ -73.88077601108111, 40.594629127542753 ], [ -73.878442961276122, 40.587249330843079 ], [ -73.876720948324831, 40.584901213711369 ], [ -73.879720583788384, 40.580121118121809 ], [ -73.881720340764076, 40.579156712871281 ], [ -73.886164245154518, 40.578150376957694 ], [ -73.887719611691168, 40.578066515631562 ] ] ] } },
{ "type": "Feature", "properties": { "id": "118", "NTACode": "BK5692", "GEOCODE": 475692, "GEONAME": "Jamaica Bay (West)", "nta_population": 0.0, "pop_within_walk": 0.0, "pct_pop_walk": 0.0 }, "geometry": { "type": "MultiPolygon", "coordinates": [ [ [ [ -73.863278137543759, 40.583894877797775 ], [ -73.864500211251126, 40.583601363156312 ], [ -73.867722041934186, 40.581672552655263 ], [ -73.868944115641568, 40.581714483318329 ], [ -73.870499482178218, 40.583349779177915 ], [ -73.871166067836782, 40.586871954875484 ], [ -73.869832896519654, 40.589471655985598 ], [ -73.868499725202525, 40.59010061593159 ], [ -73.866333321812178, 40.59190363444344 ], [ -73.863278137543759, 40.590897298529853 ], [ -73.861278380568052, 40.588004082778276 ], [ -73.861667222202215, 40.58615913360336 ], [ -73.863278137543759, 40.583894877797775 ] ] ], [ [ [ -73.852446120592063, 40.597312689978999 ], [ -73.854945816811679, 40.596306354065405 ], [ -73.857167769006907, 40.596054770087008 ], [ -73.860445148494847, 40.596474076717669 ], [ -73.860556246104608, 40.597061106000595 ], [ -73.862722649494955, 40.599073777827783 ], [ -73.863333686348639, 40.600331697719767 ], [ -73.861889417421736, 40.602176646894684 ], [ -73.861111734153411, 40.602554022862286 ], [ -73.859056428372838, 40.602050854905485 ], [ -73.854834719201918, 40.601883132253221 ], [ -73.852779413421345, 40.600960657665766 ], [ -73.850779656445638, 40.598822193849379 ], [ -73.852446120592063, 40.597312689978999 ] ] ], [ [ [ -73.869666250105013, 40.606537435853582 ], [ -73.871054970227021, 40.606285851875185 ], [ -73.87244369034903, 40.608172731713168 ], [ -73.872999178397833, 40.610562779507951 ], [ -73.871054970227021, 40.609724166246622 ], [ -73.869666250105013, 40.606537435853582 ] ] ], [ [ [ -73.850501912421237, 40.612323867356736 ], [ -73.849557582738271, 40.611527184758472 ], [ -73.84944648512851, 40.60984995823582 ], [ -73.851557339713978, 40.609053275637564 ], [ -73.853057157445747, 40.607963078397837 ], [ -73.854279231153114, 40.607837286408639 ], [ -73.855556853665362, 40.608969414311431 ], [ -73.855501304860482, 40.610143472877283 ], [ -73.853223803860388, 40.610143472877283 ], [ -73.850501912421237, 40.612323867356736 ] ] ], [ [ [ -73.844724836713667, 40.613959163216322 ], [ -73.842669530933094, 40.613162480618058 ], [ -73.840725322762282, 40.611652976747671 ], [ -73.838003431323131, 40.613078619291926 ], [ -73.83622586956696, 40.612198075367537 ], [ -73.838614468176814, 40.608969414311431 ], [ -73.838781114591455, 40.608088870387036 ], [ -73.841391908420846, 40.60645357452745 ], [ -73.841114164396444, 40.604692486678665 ], [ -73.84361386061606, 40.604398972037202 ], [ -73.844613739103906, 40.605027931983194 ], [ -73.84616910564057, 40.604776348004798 ], [ -73.847391179347937, 40.605069862646261 ], [ -73.847557825762578, 40.606998673147309 ], [ -73.845946910421048, 40.60804693972397 ], [ -73.845613617591752, 40.609891888898886 ], [ -73.845780264006407, 40.611275600780075 ], [ -73.845058129542949, 40.612323867356736 ], [ -73.845669166396632, 40.612952827302728 ], [ -73.844724836713667, 40.613959163216322 ] ] ], [ [ [ -73.83372617334733, 40.620961583948393 ], [ -73.834003917371732, 40.614378469846983 ], [ -73.834948247054712, 40.614462331173115 ], [ -73.837281296859686, 40.615762181728172 ], [ -73.835725930323036, 40.616726586978693 ], [ -73.834948247054712, 40.617774853555353 ], [ -73.835725930323036, 40.619745594719468 ], [ -73.83372617334733, 40.620961583948393 ] ] ], [ [ [ -73.850224168396835, 40.623309701080103 ], [ -73.84939093632363, 40.622471087818781 ], [ -73.849668680348032, 40.621380890579054 ], [ -73.850835205250519, 40.620332624002401 ], [ -73.853445999079909, 40.620206832013196 ], [ -73.856556732153209, 40.619703664056402 ], [ -73.857112220202026, 40.620961583948393 ], [ -73.855945695299525, 40.621800197209716 ], [ -73.854668072787277, 40.621590543894385 ], [ -73.85361264549455, 40.6204584159916 ], [ -73.851779534933499, 40.620584207980798 ], [ -73.851335144494456, 40.621925989198921 ], [ -73.852335022982302, 40.622890394449442 ], [ -73.850224168396835, 40.623309701080103 ] ] ], [ [ [ -73.845891361616168, 40.624986927602755 ], [ -73.844724836713667, 40.624777274287425 ], [ -73.843113921372137, 40.623351631743169 ], [ -73.84522477595759, 40.622974255775574 ], [ -73.84522477595759, 40.624357967656763 ], [ -73.845891361616168, 40.624986927602755 ] ] ], [ [ [ -73.868721920422047, 40.617355546924692 ], [ -73.873943508080814, 40.615846043054304 ], [ -73.878609607690763, 40.615929904380437 ], [ -73.879498388568862, 40.616558864326429 ], [ -73.879720583788384, 40.618906981458146 ], [ -73.879387290959102, 40.619871386708667 ], [ -73.877776375617557, 40.621632474557451 ], [ -73.874832288958899, 40.623603215721573 ], [ -73.866444419421939, 40.628257519321927 ], [ -73.865166796909691, 40.627670490039002 ], [ -73.86500015049505, 40.62565781821182 ], [ -73.866499968226819, 40.623770938373838 ], [ -73.864944601690169, 40.621129306600658 ], [ -73.865777833763374, 40.618487674827477 ], [ -73.866833261056101, 40.617816784218419 ], [ -73.868721920422047, 40.617355546924692 ] ] ], [ [ [ -73.853001608640866, 40.6320312789979 ], [ -73.852501669396943, 40.63119266573657 ], [ -73.856001244104405, 40.629892815181513 ], [ -73.85777880586059, 40.629934745844579 ], [ -73.858556489128915, 40.63043791380138 ], [ -73.85777880586059, 40.632534446954693 ], [ -73.855334658445841, 40.632827961596156 ], [ -73.85361264549455, 40.63383429750975 ], [ -73.852279474177422, 40.633289198889884 ], [ -73.853001608640866, 40.6320312789979 ] ] ], [ [ [ -73.846391300860091, 40.635301870717072 ], [ -73.848113313811382, 40.632618308280826 ], [ -73.850057521982194, 40.632324793639363 ], [ -73.849890875567553, 40.634085881488147 ], [ -73.848835448274826, 40.63542766270627 ], [ -73.848502155445544, 40.636937166576658 ], [ -73.847724472177219, 40.638195086468642 ], [ -73.84616910564057, 40.638572462436244 ], [ -73.84528032476247, 40.637230681218121 ], [ -73.844280446274624, 40.636685582598254 ], [ -73.844891483128308, 40.635763108010799 ], [ -73.846391300860091, 40.635301870717072 ] ] ] ] } },
{ "type": "Feature", "properties": { "id": "119", "NTACode": "BK5693", "GEOCODE": 475693, "GEONAME": "Shirley Chisholm State Park", "nta_population": 0.0, "pop_within_walk": 0.0, "pct_pop_walk": 0.0 }, "geometry": { "type": "MultiPolygon", "coordinates": [ [ [ [ -73.878331863666361, 40.638865977077707 ], [ -73.876498753105309, 40.642597806090606 ], [ -73.873887959275933, 40.646329635103505 ], [ -73.873165824812475, 40.645449091179117 ], [ -73.873276922422249, 40.643897656645663 ], [ -73.870110640544056, 40.639830382328228 ], [ -73.869555152495252, 40.637943502490245 ], [ -73.873499117641771, 40.636266275967593 ], [ -73.875443325812583, 40.637272611881187 ], [ -73.877331985178515, 40.638740185088508 ], [ -73.878331863666361, 40.638865977077707 ] ] ], [ [ [ -73.87344356883689, 40.64679087239724 ], [ -73.871277165446543, 40.648551960246024 ], [ -73.86927740847085, 40.649767949474942 ], [ -73.862778198299836, 40.653248194509452 ], [ -73.860556246104608, 40.654631906390634 ], [ -73.857223317811787, 40.650271117431743 ], [ -73.858389842714274, 40.647294040354033 ], [ -73.857167769006907, 40.643688003330332 ], [ -73.859445270007001, 40.643142904710466 ], [ -73.862000515031497, 40.642891320732069 ], [ -73.863333686348639, 40.642304291449143 ], [ -73.865333443324332, 40.64075285691569 ], [ -73.867333200300024, 40.639872312991294 ], [ -73.868666371617167, 40.640920579567954 ], [ -73.869888445324534, 40.643268696699664 ], [ -73.869999542934295, 40.644065379297928 ], [ -73.871166067836782, 40.645323299189918 ], [ -73.872554787958791, 40.645574883168315 ], [ -73.87344356883689, 40.64679087239724 ] ] ] ] } },
{ "type": "Feature", "properties": { "id": "120", "NTACode": "MN0101", "GEOCODE": 610101, "GEONAME": "Financial District-Battery Park City", "nta_population": 48608.0, "pop_within_walk": 48608.0, "pct_pop_walk": 100.0 }, "geometry": { "type": "MultiPolygon", "coordinates": [ [ [ [ -74.00098362484249, 40.694088660336028 ], [ -74.003038930623063, 40.694759550945093 ], [ -74.002372344964499, 40.695723956195614 ], [ -74.000261490379046, 40.694969204260424 ], [ -74.00098362484249, 40.694088660336028 ] ] ], [ [ [ -73.9983728310131, 40.698072073327332 ], [ -73.998872770257023, 40.69714959873987 ], [ -74.001039173647371, 40.697904350675067 ], [ -74.000483685598567, 40.69874296393639 ], [ -73.9983728310131, 40.698072073327332 ] ] ], [ [ [ -73.998039538183818, 40.69874296393639 ], [ -74.000039295159524, 40.699455785208521 ], [ -73.999483807110707, 40.700336329132909 ], [ -73.997484050135014, 40.699623507860785 ], [ -73.998039538183818, 40.69874296393639 ] ] ], [ [ [ -73.99670636686669, 40.700881427752776 ], [ -73.998150635793579, 40.701510387698768 ], [ -73.996206427622766, 40.703397267536751 ], [ -73.99515100033004, 40.70297796090609 ], [ -73.99670636686669, 40.700881427752776 ] ] ], [ [ [ -74.001428015281533, 40.709812658985896 ], [ -73.999150514281425, 40.70796770981098 ], [ -74.001205820062012, 40.706877512571253 ], [ -74.000594783208328, 40.705409939363932 ], [ -74.001428015281533, 40.704864840744072 ], [ -74.003316674647465, 40.705619592679263 ], [ -74.009315945574556, 40.701929694329429 ], [ -74.011037958525861, 40.701468457035702 ], [ -74.011093507330742, 40.700881427752776 ], [ -74.013482105940597, 40.700462121122108 ], [ -74.013926496379639, 40.701007219741975 ], [ -74.013815398769879, 40.702390931623157 ], [ -74.014426435623562, 40.703145683558354 ], [ -74.014315338013802, 40.704529395439543 ], [ -74.01664838781879, 40.70478097941794 ], [ -74.017592717501756, 40.704193950135014 ], [ -74.018425949574961, 40.704152019471948 ], [ -74.019314730453047, 40.706080829972997 ], [ -74.01820375435544, 40.707841917821781 ], [ -74.018870340014004, 40.708051571137112 ], [ -74.017814912721278, 40.712328498769871 ], [ -74.01664838781879, 40.712160776117607 ], [ -74.016315094989508, 40.713418696009597 ], [ -74.017592717501756, 40.713586418661862 ], [ -74.016703936623671, 40.718618098229818 ], [ -74.013204361916195, 40.718324583588355 ], [ -74.013037715501554, 40.719121266186619 ], [ -74.012315581038109, 40.719037404860487 ], [ -74.013704301160118, 40.713670279987994 ], [ -74.008593811111112, 40.711406024182416 ], [ -74.004427650745072, 40.712202706780673 ], [ -74.001428015281533, 40.709812658985896 ] ] ] ] } },
{ "type": "Feature", "properties": { "id": "121", "NTACode": "MN0102", "GEOCODE": 610102, "GEONAME": "Tribeca-Civic Center", "nta_population": 23257.0, "pop_within_walk": 20849.377961432507, "pct_pop_walk": 89.647753198746642 }, "geometry": { "type": "Polygon", "coordinates": [ [ [ -73.999317160696066, 40.717569831653165 ], [ -74.000816978427849, 40.71530557584758 ], [ -74.00087252723273, 40.711699538823879 ], [ -74.000483685598567, 40.710986717551755 ], [ -74.001428015281533, 40.709812658985896 ], [ -74.004427650745072, 40.712202706780673 ], [ -74.008593811111112, 40.711406024182416 ], [ -74.013704301160118, 40.713670279987994 ], [ -74.012315581038109, 40.719037404860487 ], [ -74.013037715501554, 40.719121266186619 ], [ -74.013426557135716, 40.720001810111008 ], [ -74.012537776257631, 40.721511313981395 ], [ -74.011982288208827, 40.72432066840684 ], [ -74.010926860916101, 40.725788241614161 ], [ -73.999317160696066, 40.717569831653165 ] ] ] } },
{ "type": "Feature", "properties": { "id": "122", "NTACode": "MN0191", "GEOCODE": 610191, "GEONAME": "The Battery-Governors Island-Ellis Island-Liberty Island", "nta_population": 0.0, "pop_within_walk": 0.0, "pct_pop_walk": 0.0 }, "geometry": { "type": "MultiPolygon", "coordinates": [ [ [ [ -74.011926739403947, 40.683899509210917 ], [ -74.012148934623468, 40.684109162526248 ], [ -74.008371615891591, 40.686415348994899 ], [ -74.008149420672069, 40.686163765016502 ], [ -74.011926739403947, 40.683899509210917 ] ] ], [ [ [ -74.004983138793875, 40.68758940756075 ], [ -74.005649724452454, 40.686792724962494 ], [ -74.007816127842787, 40.68737975424542 ], [ -74.007427286208625, 40.688218367506749 ], [ -74.004983138793875, 40.68758940756075 ] ] ], [ [ [ -74.003816613891388, 40.688931188778874 ], [ -74.004594297159713, 40.688218367506749 ], [ -74.006760700550061, 40.688847327452741 ], [ -74.006371858915898, 40.689685940714071 ], [ -74.003816613891388, 40.688931188778874 ] ] ], [ [ [ -74.002983381818183, 40.690440692649261 ], [ -74.003427772257226, 40.689602079387939 ], [ -74.005760822062214, 40.690231039333931 ], [ -74.005316431623172, 40.691111583258326 ], [ -74.002983381818183, 40.690440692649261 ] ] ], [ [ [ -74.043867302210231, 40.690189108670864 ], [ -74.043645106990695, 40.688763466126609 ], [ -74.044811631893197, 40.688595743474345 ], [ -74.046255900820086, 40.689308564746469 ], [ -74.047200230503051, 40.690440692649261 ], [ -74.045978156795684, 40.691111583258326 ], [ -74.043867302210231, 40.690189108670864 ] ] ], [ [ [ -74.000705880818089, 40.690608415301526 ], [ -74.004816492379234, 40.691782473867384 ], [ -74.004427650745072, 40.692537225802575 ], [ -74.001983503330337, 40.69182440453045 ], [ -74.000705880818089, 40.690608415301526 ] ] ], [ [ [ -74.016759485428551, 40.693333908400838 ], [ -74.014204240404041, 40.692830740444045 ], [ -74.012204483428349, 40.691153513921392 ], [ -74.012315581038109, 40.689266634083403 ], [ -74.013148813111314, 40.688134506180617 ], [ -74.014870826062605, 40.687253962256221 ], [ -74.016037350965092, 40.687337823582354 ], [ -74.022758756355643, 40.684276885178512 ], [ -74.024647415721574, 40.683983370537049 ], [ -74.026591623892386, 40.68524129042904 ], [ -74.026147233453344, 40.686415348994899 ], [ -74.020203511331133, 40.692034057845781 ], [ -74.019425828062808, 40.69320811641164 ], [ -74.016759485428551, 40.693333908400838 ] ] ], [ [ [ -74.001761308110815, 40.692411433813376 ], [ -74.003983260306029, 40.69320811641164 ], [ -74.003427772257226, 40.694046729672962 ], [ -74.001261368866892, 40.693291977737772 ], [ -74.001761308110815, 40.692411433813376 ] ] ], [ [ [ -74.039923337063712, 40.700881427752776 ], [ -74.037701384868484, 40.699329993219322 ], [ -74.038256872917302, 40.698365587968794 ], [ -74.039367849014909, 40.698114003990398 ], [ -74.04125650838084, 40.699539646534653 ], [ -74.041756447624763, 40.699162270567051 ], [ -74.039923337063712, 40.697694697359736 ], [ -74.041645350015003, 40.696436777467746 ], [ -74.043700655795575, 40.698030142664265 ], [ -74.042978521332131, 40.698994547914786 ], [ -74.041089861966199, 40.700504051785174 ], [ -74.039923337063712, 40.700881427752776 ] ] ], [ [ [ -74.013926496379639, 40.701007219741975 ], [ -74.015148570087007, 40.70083949708971 ], [ -74.017426071087115, 40.703019891569156 ], [ -74.017592717501756, 40.704193950135014 ], [ -74.01664838781879, 40.70478097941794 ], [ -74.014315338013802, 40.704529395439543 ], [ -74.014426435623562, 40.703145683558354 ], [ -74.013815398769879, 40.702390931623157 ], [ -74.013926496379639, 40.701007219741975 ] ] ] ] } },
{ "type": "Feature", "properties": { "id": "123", "NTACode": "MN0201", "GEOCODE": 610201, "GEONAME": "SoHo-Little Italy-Hudson Square", "nta_population": 22167.0, "pop_within_walk": 18994.922958797753, "pct_pop_walk": 85.690093196182403 }, "geometry": { "type": "Polygon", "coordinates": [ [ [ -74.002816735403542, 40.728346012061202 ], [ -73.997595147744775, 40.725788241614161 ], [ -73.99259575530553, 40.724152945754575 ], [ -73.994817707500758, 40.718450375577554 ], [ -73.996039781208125, 40.716228050435042 ], [ -73.999317160696066, 40.717569831653165 ], [ -74.010926860916101, 40.725788241614161 ], [ -74.011982288208827, 40.72432066840684 ], [ -74.011648995379545, 40.725872102940293 ], [ -74.015148570087007, 40.726333340234021 ], [ -74.015148570087007, 40.726794577527748 ], [ -74.011537897769784, 40.726459132223219 ], [ -74.011371251355143, 40.728220220072004 ], [ -74.010538019281924, 40.729100763996399 ], [ -74.002816735403542, 40.728346012061202 ] ] ] } },
{ "type": "Feature", "properties": { "id": "124", "NTACode": "MN0202", "GEOCODE": 610202, "GEONAME": "Greenwich Village", "nta_population": 31517.0, "pop_within_walk": 31517.0, "pct_pop_walk": 100.0 }, "geometry": { "type": "Polygon", "coordinates": [ [ [ -73.989929412671273, 40.734425958205819 ], [ -73.989873863866393, 40.733545414281423 ], [ -73.991318132793282, 40.727758982778276 ], [ -73.99259575530553, 40.724152945754575 ], [ -73.997595147744775, 40.725788241614161 ], [ -74.002816735403542, 40.728346012061202 ], [ -74.001428015281533, 40.731071505160514 ], [ -73.99681746447645, 40.737361104620462 ], [ -73.989929412671273, 40.734425958205819 ] ] ] } },
{ "type": "Feature", "properties": { "id": "125", "NTACode": "MN0203", "GEOCODE": 610203, "GEONAME": "West Village", "nta_population": 32518.0, "pop_within_walk": 29820.129483893874, "pct_pop_walk": 91.703454960003299 }, "geometry": { "type": "Polygon", "coordinates": [ [ [ -74.009149299159915, 40.74247664551455 ], [ -73.99681746447645, 40.737361104620462 ], [ -74.001428015281533, 40.731071505160514 ], [ -74.002816735403542, 40.728346012061202 ], [ -74.010538019281924, 40.729100763996399 ], [ -74.011371251355143, 40.728220220072004 ], [ -74.014370886818682, 40.7284718040504 ], [ -74.0140375939894, 40.730694129192919 ], [ -74.011149056135622, 40.730442545214522 ], [ -74.010371372867283, 40.739164123132312 ], [ -74.011593446574665, 40.73928991512151 ], [ -74.011371251355143, 40.741805754905485 ], [ -74.01081576330634, 40.742602437503749 ], [ -74.009149299159915, 40.74247664551455 ] ] ] } },
{ "type": "Feature", "properties": { "id": "126", "NTACode": "MN0301", "GEOCODE": 610301, "GEONAME": "Chinatown-Two Bridges", "nta_population": 38769.0, "pop_within_walk": 13152.933867039043, "pct_pop_walk": 33.926420250816484 }, "geometry": { "type": "Polygon", "coordinates": [ [ [ -73.984485629792985, 40.709519144344434 ], [ -73.988151850915088, 40.709141768376838 ], [ -73.988762887768786, 40.709980381638161 ], [ -73.997261854915493, 40.70872246174617 ], [ -73.999150514281425, 40.70796770981098 ], [ -74.001428015281533, 40.709812658985896 ], [ -74.000483685598567, 40.710986717551755 ], [ -74.00087252723273, 40.711699538823879 ], [ -74.000816978427849, 40.71530557584758 ], [ -73.999317160696066, 40.717569831653165 ], [ -73.996039781208125, 40.716228050435042 ], [ -73.994817707500758, 40.718450375577554 ], [ -73.989151729402948, 40.716689287728769 ], [ -73.990207156695675, 40.714676615901588 ], [ -73.989318375817589, 40.714131517281729 ], [ -73.98531886186619, 40.714466962586258 ], [ -73.984485629792985, 40.709519144344434 ] ] ] } },
{ "type": "Feature", "properties": { "id": "127", "NTACode": "MN0302", "GEOCODE": 610302, "GEONAME": "Lower East Side", "nta_population": 46107.0, "pop_within_walk": 3218.83962805284, "pct_pop_walk": 6.9812384845095972 }, "geometry": { "type": "Polygon", "coordinates": [ [ [ -73.973598064036409, 40.718618098229818 ], [ -73.976042211451144, 40.712622013411341 ], [ -73.97704208993899, 40.711196370867086 ], [ -73.978264163646372, 40.710483549594954 ], [ -73.981263799109911, 40.710231965616558 ], [ -73.981263799109911, 40.709812658985896 ], [ -73.984485629792985, 40.709519144344434 ], [ -73.98531886186619, 40.714466962586258 ], [ -73.989318375817589, 40.714131517281729 ], [ -73.990207156695675, 40.714676615901588 ], [ -73.989151729402948, 40.716689287728769 ], [ -73.994817707500758, 40.718450375577554 ], [ -73.99259575530553, 40.724152945754575 ], [ -73.978764102890295, 40.719917948784875 ], [ -73.977208736353631, 40.719288988838883 ], [ -73.973598064036409, 40.718618098229818 ] ] ] } },
{ "type": "Feature", "properties": { "id": "128", "NTACode": "MN0303", "GEOCODE": 610303, "GEONAME": "East Village", "nta_population": 68412.0, "pop_within_walk": 38703.729299050246, "pct_pop_walk": 56.574474213661709 }, "geometry": { "type": "Polygon", "coordinates": [ [ [ -73.973598064036409, 40.718618098229818 ], [ -73.977208736353631, 40.719288988838883 ], [ -73.978764102890295, 40.719917948784875 ], [ -73.99259575530553, 40.724152945754575 ], [ -73.991318132793282, 40.727758982778276 ], [ -73.989873863866393, 40.733545414281423 ], [ -73.989929412671273, 40.734425958205819 ], [ -73.982541421622159, 40.731365019801977 ], [ -73.975653369816982, 40.7284718040504 ], [ -73.971653855865583, 40.726626854875484 ], [ -73.973598064036409, 40.718618098229818 ] ] ] } },
{ "type": "Feature", "properties": { "id": "129", "NTACode": "MN0401", "GEOCODE": 610401, "GEONAME": "Chelsea-Hudson Yards", "nta_population": 61878.0, "pop_within_walk": 52689.601336702181, "pct_pop_walk": 85.150782728436894 }, "geometry": { "type": "Polygon", "coordinates": [ [ [ -74.001761308110815, 40.762309849144913 ], [ -73.995484293159322, 40.759626286708666 ], [ -73.997317403720373, 40.757110446924692 ], [ -73.991651425622564, 40.754720399129909 ], [ -73.993484536183615, 40.752204559345934 ], [ -73.997095208500852, 40.747214810441044 ], [ -73.991429230403043, 40.744782831983194 ], [ -73.99681746447645, 40.737361104620462 ], [ -74.009149299159915, 40.74247664551455 ], [ -74.009538140794078, 40.743692634743475 ], [ -74.008704908720873, 40.744866693309326 ], [ -74.009538140794078, 40.745285999939995 ], [ -74.009038201550155, 40.747801839723969 ], [ -74.00992698242824, 40.748933967626762 ], [ -74.009093750355035, 40.750359610171017 ], [ -74.007593932623266, 40.754301092499247 ], [ -74.005427529232932, 40.757320100240022 ], [ -74.005038687598756, 40.758368366816683 ], [ -74.006982895769582, 40.759165049414939 ], [ -74.006538505330539, 40.759877870687063 ], [ -74.004483199549952, 40.759081188088807 ], [ -74.003150028232824, 40.761093859915988 ], [ -74.001761308110815, 40.762309849144913 ] ] ] } },
{ "type": "Feature", "properties": { "id": "130", "NTACode": "MN0402", "GEOCODE": 610402, "GEONAME": "Hell's Kitchen", "nta_population": 55221.0, "pop_within_walk": 40404.735753601657, "pct_pop_walk": 73.169148971589905 }, "geometry": { "type": "Polygon", "coordinates": [ [ [ -73.993817829012897, 40.772918306900685 ], [ -73.993762280208017, 40.772205485628561 ], [ -73.982374775207518, 40.767383459375935 ], [ -73.991651425622564, 40.754720399129909 ], [ -73.997317403720373, 40.757110446924692 ], [ -73.995484293159322, 40.759626286708666 ], [ -74.001761308110815, 40.762309849144913 ], [ -74.00098362484249, 40.763400046384639 ], [ -73.999928197549764, 40.763400046384639 ], [ -73.999150514281425, 40.764196728982895 ], [ -74.002261247354738, 40.765538510201019 ], [ -74.002039052135217, 40.765873955505548 ], [ -73.998872770257023, 40.764574104950491 ], [ -73.998261733403339, 40.765580440864085 ], [ -74.001539112891294, 40.766964152745274 ], [ -74.001316917671772, 40.767257667386737 ], [ -73.998039538183818, 40.765873955505548 ], [ -73.997372952525254, 40.766838360756076 ], [ -74.000650332013208, 40.768222072637258 ], [ -74.000372587988807, 40.768515587278728 ], [ -73.997150757305732, 40.767131875397538 ], [ -73.996484171647168, 40.768096280648059 ], [ -73.996595269256929, 40.769438061866182 ], [ -73.993817829012897, 40.772918306900685 ] ] ] } },
{ "type": "Feature", "properties": { "id": "131", "NTACode": "MN0501", "GEOCODE": 610501, "GEONAME": "Midtown South-Flatiron-Union Square", "nta_population": 29670.0, "pop_within_walk": 29670.0, "pct_pop_walk": 100.0 }, "geometry": { "type": "Polygon", "coordinates": [ [ [ -73.980874957475748, 40.747759909060903 ], [ -73.984096788158823, 40.743315258775873 ], [ -73.989873863866393, 40.735390363456347 ], [ -73.989929412671273, 40.734425958205819 ], [ -73.99681746447645, 40.737361104620462 ], [ -73.991429230403043, 40.744782831983194 ], [ -73.997095208500852, 40.747214810441044 ], [ -73.993484536183615, 40.752204559345934 ], [ -73.987763009280926, 40.749772580888084 ], [ -73.987318618841883, 40.75044347149715 ], [ -73.980874957475748, 40.747759909060903 ] ] ] } },
{ "type": "Feature", "properties": { "id": "132", "NTACode": "MN0502", "GEOCODE": 610502, "GEONAME": "Midtown-Times Square", "nta_population": 21949.0, "pop_within_walk": 21944.063291139239, "pct_pop_walk": 99.977508274359835 }, "geometry": { "type": "Polygon", "coordinates": [ [ [ -73.973042575987606, 40.764280590309028 ], [ -73.969820745304531, 40.762896878427838 ], [ -73.975820016231623, 40.754678468466842 ], [ -73.976542150695067, 40.754971983108305 ], [ -73.978375261256133, 40.752414212661265 ], [ -73.977653126792674, 40.752120698019802 ], [ -73.980874957475748, 40.747759909060903 ], [ -73.987318618841883, 40.75044347149715 ], [ -73.987763009280926, 40.749772580888084 ], [ -73.993484536183615, 40.752204559345934 ], [ -73.991651425622564, 40.754720399129909 ], [ -73.982374775207518, 40.767383459375935 ], [ -73.981485994329432, 40.767886627332729 ], [ -73.973042575987606, 40.764280590309028 ] ] ] } },
{ "type": "Feature", "properties": { "id": "133", "NTACode": "MN0601", "GEOCODE": 610601, "GEONAME": "Stuyvesant Town-Peter Cooper Village", "nta_population": 21963.0, "pop_within_walk": 5131.0, "pct_pop_walk": 23.362017939261484 }, "geometry": { "type": "Polygon", "coordinates": [ [ [ -73.974431296109614, 40.735306502130207 ], [ -73.973431417621768, 40.731281158475845 ], [ -73.971487209450942, 40.729268486648664 ], [ -73.971653855865583, 40.726626854875484 ], [ -73.975653369816982, 40.7284718040504 ], [ -73.982541421622159, 40.731365019801977 ], [ -73.978930749304936, 40.736145115391537 ], [ -73.978541907670774, 40.736899867326727 ], [ -73.975097881768178, 40.735390363456347 ], [ -73.974431296109614, 40.735306502130207 ] ] ] } },
{ "type": "Feature", "properties": { "id": "134", "NTACode": "MN0602", "GEOCODE": 610602, "GEONAME": "Gramercy", "nta_population": 26523.0, "pop_within_walk": 26523.0, "pct_pop_walk": 100.0 }, "geometry": { "type": "Polygon", "coordinates": [ [ [ -73.978541907670774, 40.736899867326727 ], [ -73.978930749304936, 40.736145115391537 ], [ -73.982541421622159, 40.731365019801977 ], [ -73.989929412671273, 40.734425958205819 ], [ -73.989873863866393, 40.735390363456347 ], [ -73.984096788158823, 40.743315258775873 ], [ -73.980874957475748, 40.741973477557757 ], [ -73.98265251923192, 40.739499568436841 ], [ -73.978041968426851, 40.737570757935792 ], [ -73.978541907670774, 40.736899867326727 ] ] ] } },
{ "type": "Feature", "properties": { "id": "135", "NTACode": "MN0603", "GEOCODE": 610603, "GEONAME": "Murray Hill-Kips Bay", "nta_population": 54905.0, "pop_within_walk": 37274.969257222532, "pct_pop_walk": 67.889935811351478 }, "geometry": { "type": "Polygon", "coordinates": [ [ [ -73.968931964426446, 40.750108026192613 ], [ -73.969765196499651, 40.748808175637564 ], [ -73.9679320859386, 40.747969562376234 ], [ -73.970765074987497, 40.744405456015599 ], [ -73.971876051085104, 40.742728229492947 ], [ -73.972653734353443, 40.739206053795378 ], [ -73.972487087938802, 40.735809670087008 ], [ -73.974431296109614, 40.736396699369934 ], [ -73.974431296109614, 40.735306502130207 ], [ -73.975097881768178, 40.735390363456347 ], [ -73.978541907670774, 40.736899867326727 ], [ -73.978041968426851, 40.737570757935792 ], [ -73.98265251923192, 40.739499568436841 ], [ -73.980874957475748, 40.741973477557757 ], [ -73.984096788158823, 40.743315258775873 ], [ -73.980874957475748, 40.747759909060903 ], [ -73.977653126792674, 40.752120698019802 ], [ -73.974431296109614, 40.750778916801679 ], [ -73.973486966426648, 40.752078767356736 ], [ -73.968931964426446, 40.750108026192613 ] ] ] } },
{ "type": "Feature", "properties": { "id": "136", "NTACode": "MN0604", "GEOCODE": 610604, "GEONAME": "East Midtown-Turtle Bay", "nta_population": 41969.0, "pop_within_walk": 35673.238572744354, "pct_pop_walk": 84.999019687732272 }, "geometry": { "type": "Polygon", "coordinates": [ [ [ -73.966598914621457, 40.761555097209715 ], [ -73.958933179547955, 40.75832643615361 ], [ -73.958488789108912, 40.758536089468947 ], [ -73.960655192499246, 40.755936388358833 ], [ -73.961655070987106, 40.755139705760577 ], [ -73.964710255255525, 40.751701391389133 ], [ -73.967209951475155, 40.752707727302727 ], [ -73.968931964426446, 40.750108026192613 ], [ -73.973486966426648, 40.752078767356736 ], [ -73.974431296109614, 40.750778916801679 ], [ -73.977653126792674, 40.752120698019802 ], [ -73.978375261256133, 40.752414212661265 ], [ -73.976542150695067, 40.754971983108305 ], [ -73.975820016231623, 40.754678468466842 ], [ -73.969820745304531, 40.762896878427838 ], [ -73.966598914621457, 40.761555097209715 ] ] ] } },
{ "type": "Feature", "properties": { "id": "137", "NTACode": "MN0661", "GEOCODE": 610661, "GEONAME": "United Nations", "nta_population": 0.0, "pop_within_walk": 0.0, "pct_pop_walk": 0.0 }, "geometry": { "type": "Polygon", "coordinates": [ [ [ -73.964710255255525, 40.751701391389133 ], [ -73.9679320859386, 40.747969562376234 ], [ -73.969765196499651, 40.748808175637564 ], [ -73.968931964426446, 40.750108026192613 ], [ -73.967209951475155, 40.752707727302727 ], [ -73.964710255255525, 40.751701391389133 ] ] ] } },
{ "type": "Feature", "properties": { "id": "138", "NTACode": "MN0701", "GEOCODE": 610701, "GEONAME": "Upper West Side-Lincoln Square", "nta_population": 68212.0, "pop_within_walk": 59689.266832917703, "pct_pop_walk": 87.505522243766066 }, "geometry": { "type": "Polygon", "coordinates": [ [ [ -73.974986784158418, 40.77753067983798 ], [ -73.981652640744073, 40.768389795289529 ], [ -73.981485994329432, 40.767886627332729 ], [ -73.982374775207518, 40.767383459375935 ], [ -73.993762280208017, 40.772205485628561 ], [ -73.993817829012897, 40.772918306900685 ], [ -73.993928926622658, 40.773169890879089 ], [ -73.990929291159119, 40.777572610501046 ], [ -73.990373803110316, 40.777572610501046 ], [ -73.988873985378547, 40.779711074317426 ], [ -73.988151850915088, 40.781388300840078 ], [ -73.985652154695472, 40.780298103600359 ], [ -73.985096666646669, 40.78176567680768 ], [ -73.974986784158418, 40.77753067983798 ] ] ] } },
{ "type": "Feature", "properties": { "id": "139", "NTACode": "MN0702", "GEOCODE": 610702, "GEONAME": "Upper West Side (Central)", "nta_population": 99128.0, "pop_within_walk": 61005.829105661702, "pct_pop_walk": 61.542479527138347 }, "geometry": { "type": "Polygon", "coordinates": [ [ [ -73.964154767206722, 40.792374134563453 ], [ -73.974986784158418, 40.77753067983798 ], [ -73.985096666646669, 40.78176567680768 ], [ -73.985652154695472, 40.780298103600359 ], [ -73.988151850915088, 40.781388300840078 ], [ -73.987985204500447, 40.78176567680768 ], [ -73.980541664646466, 40.792457995889585 ], [ -73.976375504280426, 40.798286358055805 ], [ -73.969431903670369, 40.795351211641162 ], [ -73.969876294109412, 40.79472225169517 ], [ -73.964154767206722, 40.792374134563453 ] ] ] } },
{ "type": "Feature", "properties": { "id": "140", "NTACode": "MN0703", "GEOCODE": 610703, "GEONAME": "Upper West Side-Manhattan Valley", "nta_population": 51421.0, "pop_within_walk": 16693.245044526571, "pct_pop_walk": 32.463866989219525 }, "geometry": { "type": "Polygon", "coordinates": [ [ [ -73.9596553140114, 40.801137643144315 ], [ -73.95815549627963, 40.800592544524449 ], [ -73.964154767206722, 40.792374134563453 ], [ -73.969876294109412, 40.79472225169517 ], [ -73.969431903670369, 40.795351211641162 ], [ -73.976375504280426, 40.798286358055805 ], [ -73.971098367816779, 40.805791946744669 ], [ -73.966710012231218, 40.804156650885083 ], [ -73.9596553140114, 40.801137643144315 ] ] ] } },
{ "type": "Feature", "properties": { "id": "141", "NTACode": "MN0801", "GEOCODE": 610801, "GEONAME": "Upper East Side-Lenox Hill-Roosevelt Island", "nta_population": 79296.0, "pop_within_walk": 62452.045721590686, "pct_pop_walk": 78.758128684411176 }, "geometry": { "type": "MultiPolygon", "coordinates": [ [ [ [ -73.941824147644766, 40.769060685898587 ], [ -73.942879574937493, 40.768305933963397 ], [ -73.944823783108319, 40.765832024842481 ], [ -73.949434333913388, 40.760548761296128 ], [ -73.952100676547659, 40.757990990849081 ], [ -73.952545066986701, 40.757110446924692 ], [ -73.957933301060109, 40.752120698019802 ], [ -73.960932936523648, 40.749772580888084 ], [ -73.960710741304126, 40.75119822343234 ], [ -73.958433240304032, 40.753965647194718 ], [ -73.953656043084308, 40.759500494719468 ], [ -73.952100676547659, 40.760842275937591 ], [ -73.949989821962191, 40.763651630363036 ], [ -73.949101041084106, 40.764280590309028 ], [ -73.944712685498544, 40.769731576507645 ], [ -73.942101891669168, 40.772037762976296 ], [ -73.9408798179618, 40.772373208280825 ], [ -73.940213232303236, 40.771115288388835 ], [ -73.941102013181322, 40.769396131203116 ], [ -73.941824147644766, 40.769060685898587 ] ] ], [ [ [ -73.958488789108912, 40.758536089468947 ], [ -73.958933179547955, 40.75832643615361 ], [ -73.966598914621457, 40.761555097209715 ], [ -73.957266715401545, 40.774302018781874 ], [ -73.947490125742576, 40.770108952475248 ], [ -73.950045370767072, 40.76700608340834 ], [ -73.954433726352633, 40.762184057155714 ], [ -73.958488789108912, 40.758536089468947 ] ] ] ] } },
{ "type": "Feature", "properties": { "id": "142", "NTACode": "MN0802", "GEOCODE": 610802, "GEONAME": "Upper East Side-Carnegie Hill", "nta_population": 54062.0, "pop_within_walk": 49827.485956305514, "pct_pop_walk": 92.167300426002583 }, "geometry": { "type": "Polygon", "coordinates": [ [ [ -73.949323236303627, 40.785203991179117 ], [ -73.957266715401545, 40.774302018781874 ], [ -73.966598914621457, 40.761555097209715 ], [ -73.969820745304531, 40.762896878427838 ], [ -73.973042575987606, 40.764280590309028 ], [ -73.955766897669776, 40.787929484278422 ], [ -73.949323236303627, 40.785203991179117 ] ] ] } },
{ "type": "Feature", "properties": { "id": "143", "NTACode": "MN0803", "GEOCODE": 610803, "GEONAME": "Upper East Side-Yorkville", "nta_population": 78950.0, "pop_within_walk": 66879.083021164144, "pct_pop_walk": 84.710681470758885 }, "geometry": { "type": "Polygon", "coordinates": [ [ [ -73.947490125742576, 40.770108952475248 ], [ -73.957266715401545, 40.774302018781874 ], [ -73.949323236303627, 40.785203991179117 ], [ -73.94404609983998, 40.782981666036598 ], [ -73.943657258205818, 40.782646220732069 ], [ -73.943879453425339, 40.781514092829283 ], [ -73.943435062986296, 40.779753004980492 ], [ -73.941990794059407, 40.776188898619857 ], [ -73.942935123742373, 40.774679394749469 ], [ -73.944879331913199, 40.772582861596156 ], [ -73.947490125742576, 40.770108952475248 ] ] ] } },
{ "type": "Feature", "properties": { "id": "144", "NTACode": "MN0901", "GEOCODE": 610901, "GEONAME": "Morningside Heights", "nta_population": 37984.0, "pop_within_walk": 9883.7323177284925, "pct_pop_walk": 26.020778005814268 }, "geometry": { "type": "Polygon", "coordinates": [ [ [ -73.952100676547659, 40.811452586258625 ], [ -73.953600494279428, 40.80948184509451 ], [ -73.954989214401436, 40.810068874377436 ], [ -73.957711105840588, 40.80629511470147 ], [ -73.958266593889391, 40.80524684812481 ], [ -73.958266593889391, 40.80310838430843 ], [ -73.9596553140114, 40.801137643144315 ], [ -73.966710012231218, 40.804156650885083 ], [ -73.971098367816779, 40.805791946744669 ], [ -73.968876415621565, 40.808769023822379 ], [ -73.966654463426337, 40.812165407530749 ], [ -73.963377083938397, 40.816693919141912 ], [ -73.962043912621269, 40.818077631023101 ], [ -73.959488667596759, 40.816987433783375 ], [ -73.956266836913699, 40.813381396759674 ], [ -73.955711348864881, 40.814136148694864 ], [ -73.954100433523351, 40.812291199519947 ], [ -73.952100676547659, 40.811452586258625 ] ] ] } },
{ "type": "Feature", "properties": { "id": "145", "NTACode": "MN0902", "GEOCODE": 610902, "GEONAME": "Manhattanville-West Harlem", "nta_population": 22260.0, "pop_within_walk": 7587.7040022001283, "pct_pop_walk": 34.086720584906239 }, "geometry": { "type": "Polygon", "coordinates": [ [ [ -73.946101405620567, 40.821264361416141 ], [ -73.948656650645063, 40.815687583228318 ], [ -73.950323114791487, 40.813171743444343 ], [ -73.952100676547659, 40.811452586258625 ], [ -73.954100433523351, 40.812291199519947 ], [ -73.955711348864881, 40.814136148694864 ], [ -73.956266836913699, 40.813381396759674 ], [ -73.959488667596759, 40.816987433783375 ], [ -73.962043912621269, 40.818077631023101 ], [ -73.958822081938195, 40.821515945394538 ], [ -73.957933301060109, 40.822773865286528 ], [ -73.959488667596759, 40.823570547884785 ], [ -73.959155374767477, 40.824325299819982 ], [ -73.957433361816186, 40.823277033243322 ], [ -73.955711348864881, 40.822857726612661 ], [ -73.950823054035411, 40.82084505478548 ], [ -73.949934273157311, 40.822061044014397 ], [ -73.948101162596259, 40.822102974677463 ], [ -73.946101405620567, 40.821264361416141 ] ] ] } },
{ "type": "Feature", "properties": { "id": "146", "NTACode": "MN0903", "GEOCODE": 610903, "GEONAME": "Hamilton Heights-Sugar Hill", "nta_population": 52530.0, "pop_within_walk": 0.0, "pct_pop_walk": 0.0 }, "geometry": { "type": "Polygon", "coordinates": [ [ [ -73.940324329912997, 40.830447176627658 ], [ -73.940157683498356, 40.830363315301526 ], [ -73.938657865766572, 40.829734355355534 ], [ -73.93926890262027, 40.828308712811278 ], [ -73.942935123742373, 40.823277033243322 ], [ -73.945157075937601, 40.820886985448546 ], [ -73.946101405620567, 40.821264361416141 ], [ -73.948101162596259, 40.822102974677463 ], [ -73.949934273157311, 40.822061044014397 ], [ -73.950823054035411, 40.82084505478548 ], [ -73.955711348864881, 40.822857726612661 ], [ -73.957433361816186, 40.823277033243322 ], [ -73.959155374767477, 40.824325299819982 ], [ -73.957266715401545, 40.82713465424542 ], [ -73.956322385718579, 40.827931336843683 ], [ -73.955044763206317, 40.827428168886883 ], [ -73.953600494279428, 40.829105395409542 ], [ -73.950212017181713, 40.834304797629763 ], [ -73.94821226020602, 40.833843560336028 ], [ -73.940324329912997, 40.830447176627658 ] ] ] } },
{ "type": "Feature", "properties": { "id": "147", "NTACode": "MN1001", "GEOCODE": 611001, "GEONAME": "Harlem (South)", "nta_population": 48803.0, "pop_within_walk": 16790.018451350261, "pct_pop_walk": 34.403660535930705 }, "geometry": { "type": "Polygon", "coordinates": [ [ [ -73.941768598839886, 40.807091797299726 ], [ -73.942768477327732, 40.805750016081603 ], [ -73.944323843864382, 40.806378976027602 ], [ -73.946156954425447, 40.803863136243621 ], [ -73.944601587888783, 40.803234176297629 ], [ -73.948323357815781, 40.79811863540354 ], [ -73.949212138693866, 40.796860715511549 ], [ -73.95815549627963, 40.800592544524449 ], [ -73.9596553140114, 40.801137643144315 ], [ -73.958266593889391, 40.80310838430843 ], [ -73.958266593889391, 40.80524684812481 ], [ -73.957711105840588, 40.80629511470147 ], [ -73.954989214401436, 40.810068874377436 ], [ -73.953600494279428, 40.80948184509451 ], [ -73.952100676547659, 40.811452586258625 ], [ -73.941768598839886, 40.807091797299726 ] ] ] } },
{ "type": "Feature", "properties": { "id": "148", "NTACode": "MN1002", "GEOCODE": 611002, "GEONAME": "Harlem (North)", "nta_population": 86090.0, "pop_within_walk": 45173.131739685712, "pct_pop_walk": 52.471984829464176 }, "geometry": { "type": "Polygon", "coordinates": [ [ [ -73.934436156595666, 40.835982024152415 ], [ -73.934936095839589, 40.835227272217217 ], [ -73.935158291059111, 40.832879155085507 ], [ -73.934436156595666, 40.827050792919287 ], [ -73.933991766156623, 40.819712926882687 ], [ -73.933825119741982, 40.819503273567356 ], [ -73.934047314961504, 40.817826047044704 ], [ -73.934880547034709, 40.816526196489647 ], [ -73.941768598839886, 40.807091797299726 ], [ -73.952100676547659, 40.811452586258625 ], [ -73.950323114791487, 40.813171743444343 ], [ -73.948656650645063, 40.815687583228318 ], [ -73.946101405620567, 40.821264361416141 ], [ -73.945157075937601, 40.820886985448546 ], [ -73.942935123742373, 40.823277033243322 ], [ -73.93926890262027, 40.828308712811278 ], [ -73.938657865766572, 40.829734355355534 ], [ -73.940157683498356, 40.830363315301526 ], [ -73.93821347532753, 40.833256531053102 ], [ -73.934436156595666, 40.835982024152415 ] ] ] } },
{ "type": "Feature", "properties": { "id": "149", "NTACode": "MN1101", "GEOCODE": 611101, "GEONAME": "East Harlem (South)", "nta_population": 58607.0, "pop_within_walk": 22794.306522237275, "pct_pop_walk": 38.893488017194663 }, "geometry": { "type": "Polygon", "coordinates": [ [ [ -73.93504719344935, 40.791703243954395 ], [ -73.937046950425042, 40.789397057485743 ], [ -73.938102377717769, 40.787174732343232 ], [ -73.939824390669074, 40.785245921842183 ], [ -73.94249073330333, 40.78390414062406 ], [ -73.943657258205818, 40.782646220732069 ], [ -73.94404609983998, 40.782981666036598 ], [ -73.949323236303627, 40.785203991179117 ], [ -73.955766897669776, 40.787929484278422 ], [ -73.949212138693866, 40.796860715511549 ], [ -73.948323357815781, 40.79811863540354 ], [ -73.941879696449647, 40.795393142304228 ], [ -73.943268416571655, 40.793506262466245 ], [ -73.938657865766572, 40.791577451965196 ], [ -73.937713536083606, 40.79283537185718 ], [ -73.93504719344935, 40.791703243954395 ] ] ] } },
{ "type": "Feature", "properties": { "id": "150", "NTACode": "MN1102", "GEOCODE": 611102, "GEONAME": "East Harlem (North)", "nta_population": 63526.0, "pop_within_walk": 32379.989861507886, "pct_pop_walk": 50.971239904146152 }, "geometry": { "type": "Polygon", "coordinates": [ [ [ -73.93504719344935, 40.791703243954395 ], [ -73.937713536083606, 40.79283537185718 ], [ -73.938657865766572, 40.791577451965196 ], [ -73.943268416571655, 40.793506262466245 ], [ -73.941879696449647, 40.795393142304228 ], [ -73.948323357815781, 40.79811863540354 ], [ -73.944601587888783, 40.803234176297629 ], [ -73.946156954425447, 40.803863136243621 ], [ -73.944323843864382, 40.806378976027602 ], [ -73.942768477327732, 40.805750016081603 ], [ -73.941768598839886, 40.807091797299726 ], [ -73.934880547034709, 40.816526196489647 ], [ -73.934047314961504, 40.817826047044704 ], [ -73.933825119741982, 40.819503273567356 ], [ -73.933991766156623, 40.812794367476748 ], [ -73.934325058985905, 40.809565706420642 ], [ -73.933547375717566, 40.80759496525652 ], [ -73.931158777107711, 40.804953333483347 ], [ -73.929992252205224, 40.803192245634563 ], [ -73.929047922522258, 40.801095712481242 ], [ -73.929047922522258, 40.796776854185417 ], [ -73.930214447424746, 40.794596459705971 ], [ -73.933491826912686, 40.792793441194114 ], [ -73.93504719344935, 40.791703243954395 ] ] ] } },
{ "type": "Feature", "properties": { "id": "151", "NTACode": "MN1191", "GEOCODE": 611191, "GEONAME": "Randall's Island", "nta_population": 2366.0, "pop_within_walk": 0.0, "pct_pop_walk": 0.0 }, "geometry": { "type": "Polygon", "coordinates": [ [ [ -73.927159263156312, 40.797363883468343 ], [ -73.927214811961193, 40.797405814131409 ], [ -73.927492555985594, 40.79811863540354 ], [ -73.92671487271727, 40.800131307230721 ], [ -73.926659323912389, 40.800173237893787 ], [ -73.926548226302629, 40.800299029882986 ], [ -73.926548226302629, 40.800340960546052 ], [ -73.926548226302629, 40.800592544524449 ], [ -73.926492677497748, 40.800676405850581 ], [ -73.925270603790381, 40.802018187068704 ], [ -73.92265980996099, 40.801850464416439 ], [ -73.921937675497546, 40.80151501911191 ], [ -73.920326760156016, 40.799376555295524 ], [ -73.916604990229018, 40.797867051425143 ], [ -73.915438465326531, 40.79707036882688 ], [ -73.913827549985001, 40.794512598379832 ], [ -73.913772001180121, 40.793841707770774 ], [ -73.915160721302129, 40.791996758595857 ], [ -73.918493649594964, 40.78943898814881 ], [ -73.921882126692665, 40.78570715913591 ], [ -73.922826456375645, 40.783568695319531 ], [ -73.924492920522056, 40.78231077542754 ], [ -73.925714994229423, 40.782184983438341 ], [ -73.927325909570953, 40.781094786198615 ], [ -73.928492434473455, 40.781010924872483 ], [ -73.930658837863788, 40.782268844764474 ], [ -73.93504719344935, 40.783023596699664 ], [ -73.936047071937196, 40.784197655265523 ], [ -73.935713779107914, 40.785665228472844 ], [ -73.931492069936994, 40.79048725472547 ], [ -73.929714508180822, 40.791367798649866 ], [ -73.927881397619757, 40.790948492019197 ], [ -73.927159263156312, 40.791912897269725 ], [ -73.928270239253933, 40.792332203900386 ], [ -73.928270239253933, 40.793212747824782 ], [ -73.927325909570953, 40.794470667716766 ], [ -73.926881519131911, 40.796231755565557 ], [ -73.927159263156312, 40.797363883468343 ] ] ] } },
{ "type": "Feature", "properties": { "id": "152", "NTACode": "MN1201", "GEOCODE": 611201, "GEONAME": "Washington Heights (South)", "nta_population": 74814.0, "pop_within_walk": 57297.965670787773, "pct_pop_walk": 76.587223876263508 }, "geometry": { "type": "Polygon", "coordinates": [ [ [ -73.931380972327233, 40.847429095169517 ], [ -73.935547132693273, 40.841726524992495 ], [ -73.93504719344935, 40.839336477197719 ], [ -73.936380364766478, 40.837868903990397 ], [ -73.937991280108008, 40.834388658955895 ], [ -73.939491097839792, 40.833004947074706 ], [ -73.940379878717877, 40.831537373867384 ], [ -73.940324329912997, 40.830447176627658 ], [ -73.94821226020602, 40.833843560336028 ], [ -73.950212017181713, 40.834304797629763 ], [ -73.949545431523148, 40.836862568076803 ], [ -73.948434455425542, 40.839881575817579 ], [ -73.946101405620567, 40.843906919471948 ], [ -73.946156954425447, 40.845374492679262 ], [ -73.946767991279131, 40.847009788538848 ], [ -73.94660134486449, 40.848267708430839 ], [ -73.946990186498653, 40.850448102910292 ], [ -73.943212867766775, 40.849735281638161 ], [ -73.943879453425339, 40.848183847104707 ], [ -73.942046342864288, 40.848309639093905 ], [ -73.938046828912888, 40.847554887158715 ], [ -73.936380364766478, 40.84952562832283 ], [ -73.931380972327233, 40.847429095169517 ] ] ] } },
{ "type": "Feature", "properties": { "id": "153", "NTACode": "MN1202", "GEOCODE": 611202, "GEONAME": "Washington Heights (North)", "nta_population": 75554.0, "pop_within_walk": 58353.932225005119, "pct_pop_walk": 77.234735718830407 }, "geometry": { "type": "Polygon", "coordinates": [ [ [ -73.928714629692976, 40.866759130843079 ], [ -73.927270360766073, 40.865543141614161 ], [ -73.924715115741577, 40.861601659285924 ], [ -73.925270603790381, 40.860134086078602 ], [ -73.92677042152215, 40.858918096849685 ], [ -73.925492799009902, 40.858205275577554 ], [ -73.924715115741577, 40.8566538410441 ], [ -73.927714751205116, 40.852502705400539 ], [ -73.927048165546552, 40.852209190759076 ], [ -73.927492555985594, 40.850699686888689 ], [ -73.929714508180822, 40.848141916441641 ], [ -73.930603289058908, 40.84847736174617 ], [ -73.931380972327233, 40.847429095169517 ], [ -73.936380364766478, 40.84952562832283 ], [ -73.938046828912888, 40.847554887158715 ], [ -73.942046342864288, 40.848309639093905 ], [ -73.943879453425339, 40.848183847104707 ], [ -73.943212867766775, 40.849735281638161 ], [ -73.946990186498653, 40.850448102910292 ], [ -73.943046221352134, 40.852628497389738 ], [ -73.941879696449647, 40.853886417281728 ], [ -73.940268781108117, 40.8566538410441 ], [ -73.937546889668965, 40.860092155415536 ], [ -73.936491462376239, 40.861937104590453 ], [ -73.933991766156623, 40.86503997365736 ], [ -73.932436399619959, 40.867555813441342 ], [ -73.932214204400438, 40.869861999909986 ], [ -73.928714629692976, 40.866759130843079 ] ] ] } },
{ "type": "Feature", "properties": { "id": "154", "NTACode": "MN1203", "GEOCODE": 611203, "GEONAME": "Inwood", "nta_population": 38209.0, "pop_within_walk": 37916.547861507126, "pct_pop_walk": 99.234598815742686 }, "geometry": { "type": "Polygon", "coordinates": [ [ [ -73.922326517131708, 40.855689435793579 ], [ -73.922882005180526, 40.855857158445843 ], [ -73.922882005180526, 40.858876166186619 ], [ -73.924715115741577, 40.861601659285924 ], [ -73.927270360766073, 40.865543141614161 ], [ -73.928714629692976, 40.866759130843079 ], [ -73.926214933473346, 40.868520218691863 ], [ -73.922326517131708, 40.869442693279325 ], [ -73.921548833863383, 40.869442693279325 ], [ -73.919271332863289, 40.870994127812779 ], [ -73.919715723302332, 40.872084325052505 ], [ -73.918438100790084, 40.87300679963996 ], [ -73.913994196399642, 40.871161850465043 ], [ -73.911494500180012, 40.87321645295529 ], [ -73.910661268106807, 40.872293978367836 ], [ -73.91105010974097, 40.869149178637862 ], [ -73.912549927472753, 40.866507546864682 ], [ -73.913938647594762, 40.864746459015898 ], [ -73.91532736771677, 40.86407556840684 ], [ -73.91532736771677, 40.863153093819378 ], [ -73.917104929472941, 40.861853243264321 ], [ -73.91949352808281, 40.858792304860486 ], [ -73.921215541034101, 40.858834235523553 ], [ -73.921159992229221, 40.857534384968496 ], [ -73.922382065936588, 40.856569979717968 ], [ -73.922326517131708, 40.855689435793579 ] ] ] } },
{ "type": "Feature", "properties": { "id": "155", "NTACode": "MN1291", "GEOCODE": 611291, "GEONAME": "Highbridge Park", "nta_population": 0.0, "pop_within_walk": 0.0, "pct_pop_walk": 0.0 }, "geometry": { "type": "Polygon", "coordinates": [ [ [ -73.922326517131708, 40.855689435793579 ], [ -73.922270968326828, 40.855647505130513 ], [ -73.92360413964397, 40.853970278607861 ], [ -73.929714508180822, 40.845248700690064 ], [ -73.930825484278429, 40.842732860906089 ], [ -73.934436156595666, 40.835982024152415 ], [ -73.93821347532753, 40.833256531053102 ], [ -73.940157683498356, 40.830363315301526 ], [ -73.940324329912997, 40.830447176627658 ], [ -73.940379878717877, 40.831537373867384 ], [ -73.939491097839792, 40.833004947074706 ], [ -73.937991280108008, 40.834388658955895 ], [ -73.936380364766478, 40.837868903990397 ], [ -73.93504719344935, 40.839336477197719 ], [ -73.935547132693273, 40.841726524992495 ], [ -73.931380972327233, 40.847429095169517 ], [ -73.930603289058908, 40.84847736174617 ], [ -73.929714508180822, 40.848141916441641 ], [ -73.927492555985594, 40.850699686888689 ], [ -73.927048165546552, 40.852209190759076 ], [ -73.927714751205116, 40.852502705400539 ], [ -73.924715115741577, 40.8566538410441 ], [ -73.925492799009902, 40.858205275577554 ], [ -73.92677042152215, 40.858918096849685 ], [ -73.925270603790381, 40.860134086078602 ], [ -73.924715115741577, 40.861601659285924 ], [ -73.922882005180526, 40.858876166186619 ], [ -73.922882005180526, 40.855857158445843 ], [ -73.922326517131708, 40.855689435793579 ] ] ] } },
{ "type": "Feature", "properties": { "id": "156", "NTACode": "MN1292", "GEOCODE": 611292, "GEONAME": "Inwood Hill Park", "nta_population": 14.0, "pop_within_walk": 0.0, "pct_pop_walk": 0.0 }, "geometry": { "type": "Polygon", "coordinates": [ [ [ -73.911494500180012, 40.87321645295529 ], [ -73.913994196399642, 40.871161850465043 ], [ -73.918438100790084, 40.87300679963996 ], [ -73.919715723302332, 40.872084325052505 ], [ -73.919271332863289, 40.870994127812779 ], [ -73.921548833863383, 40.869442693279325 ], [ -73.922326517131708, 40.869442693279325 ], [ -73.926214933473346, 40.868520218691863 ], [ -73.928714629692976, 40.866759130843079 ], [ -73.932214204400438, 40.869861999909986 ], [ -73.931936460376036, 40.871119919801977 ], [ -73.928992373717378, 40.875732292739272 ], [ -73.926881519131911, 40.877199865946594 ], [ -73.924548469326936, 40.877409519261924 ], [ -73.922382065936588, 40.876738628652859 ], [ -73.92265980996099, 40.874851748814876 ], [ -73.922270968326828, 40.873761551575157 ], [ -73.920604504180417, 40.87300679963996 ], [ -73.916327246204617, 40.874516303510347 ], [ -73.91521627010701, 40.874474372847281 ], [ -73.911494500180012, 40.87321645295529 ] ] ] } },
{ "type": "Feature", "properties": { "id": "157", "NTACode": "MN6491", "GEOCODE": 616491, "GEONAME": "Central Park", "nta_population": 0.0, "pop_within_walk": 0.0, "pct_pop_walk": 0.0 }, "geometry": { "type": "Polygon", "coordinates": [ [ [ -73.949212138693866, 40.796860715511549 ], [ -73.955766897669776, 40.787929484278422 ], [ -73.973042575987606, 40.764280590309028 ], [ -73.981485994329432, 40.767886627332729 ], [ -73.981652640744073, 40.768389795289529 ], [ -73.974986784158418, 40.77753067983798 ], [ -73.964154767206722, 40.792374134563453 ], [ -73.95815549627963, 40.800592544524449 ], [ -73.949212138693866, 40.796860715511549 ] ] ] } },
{ "type": "Feature", "properties": { "id": "158", "NTACode": "QN0101", "GEOCODE": 810101, "GEONAME": "Astoria (North)-Ditmars-Steinway", "nta_population": 48941.0, "pop_within_walk": 7466.146079961316, "pct_pop_walk": 15.255401565070834 }, "geometry": { "type": "Polygon", "coordinates": [ [ [ -73.889441624642458, 40.773547266846684 ], [ -73.888663941374134, 40.768976824572455 ], [ -73.887719611691168, 40.766922222082208 ], [ -73.890885893569362, 40.765873955505548 ], [ -73.891108088788883, 40.766335192799275 ], [ -73.8938855290329, 40.766419054125407 ], [ -73.894329919471943, 40.766125539483944 ], [ -73.902051203350339, 40.767425390039001 ], [ -73.904439801960194, 40.767593112691266 ], [ -73.905772973277323, 40.768012419321927 ], [ -73.911938890619069, 40.769018755235521 ], [ -73.917271575887597, 40.769857368496844 ], [ -73.917715966326639, 40.77040246711671 ], [ -73.922159870717067, 40.773547266846684 ], [ -73.923992981278133, 40.774595533423337 ], [ -73.923048651595167, 40.775392216021601 ], [ -73.923770786058611, 40.776566274587459 ], [ -73.917938161546161, 40.78126250885088 ], [ -73.919937918521853, 40.782646220732069 ], [ -73.918215905570563, 40.783946071287126 ], [ -73.917160478277822, 40.784197655265523 ], [ -73.91682718544854, 40.785203991179117 ], [ -73.912605476277633, 40.789397057485743 ], [ -73.912216634643471, 40.789187404170413 ], [ -73.909883584838482, 40.790948492019197 ], [ -73.906495107740781, 40.790193740084007 ], [ -73.900329190399034, 40.789019681518148 ], [ -73.896940713301333, 40.786629633723372 ], [ -73.895829737203726, 40.785203991179117 ], [ -73.898829372667265, 40.782813943384333 ], [ -73.898662726252624, 40.781975330123011 ], [ -73.896051932423248, 40.783149388688869 ], [ -73.894607663496345, 40.782143052775275 ], [ -73.89377443142314, 40.782352706090606 ], [ -73.891608028032806, 40.780633548904888 ], [ -73.891219186398644, 40.77857894641464 ], [ -73.892496808910892, 40.777404887848782 ], [ -73.891774674447447, 40.776608205250525 ], [ -73.890108210301037, 40.777782263816377 ], [ -73.889497173447339, 40.775518008010799 ], [ -73.889886015081515, 40.774008504140411 ], [ -73.889441624642458, 40.773547266846684 ] ] ] } },
{ "type": "Feature", "properties": { "id": "159", "NTACode": "QN0102", "GEOCODE": 810102, "GEONAME": "Old Astoria-Hallets Point", "nta_population": 13542.0, "pop_within_walk": 199.71616541353384, "pct_pop_walk": 1.4747907651272623 }, "geometry": { "type": "Polygon", "coordinates": [ [ [ -73.928270239253933, 40.776901719891988 ], [ -73.923992981278133, 40.774595533423337 ], [ -73.927825848814877, 40.769899299159917 ], [ -73.926492677497748, 40.769270339213918 ], [ -73.930381093839387, 40.764490243624358 ], [ -73.936158169546957, 40.767676974017398 ], [ -73.935769327912794, 40.769060685898587 ], [ -73.934491705400546, 40.77040246711671 ], [ -73.934547254205427, 40.771157219051901 ], [ -73.935547132693273, 40.771911970987098 ], [ -73.935602681498153, 40.771911970987098 ], [ -73.937491340864085, 40.77254093093309 ], [ -73.937657987278726, 40.775098701380138 ], [ -73.936380364766478, 40.776901719891988 ], [ -73.93510274225423, 40.777949986468641 ], [ -73.931769813961395, 40.777866125142509 ], [ -73.929881154595463, 40.776230829282923 ], [ -73.928270239253933, 40.776901719891988 ] ] ] } },
{ "type": "Feature", "properties": { "id": "160", "NTACode": "QN0103", "GEOCODE": 810103, "GEONAME": "Astoria (Central)", "nta_population": 47901.0, "pop_within_walk": 16754.305817158551, "pct_pop_walk": 34.976943732194634 }, "geometry": { "type": "Polygon", "coordinates": [ [ [ -73.911938890619069, 40.769018755235521 ], [ -73.914494135643565, 40.765873955505548 ], [ -73.91371645237524, 40.765496579537952 ], [ -73.914994074887488, 40.763903214341433 ], [ -73.915771758155813, 40.764280590309028 ], [ -73.924159627692774, 40.753965647194718 ], [ -73.932158655595558, 40.757697476207618 ], [ -73.929658959375942, 40.760800345274525 ], [ -73.930547740254028, 40.761219651905186 ], [ -73.929436764156421, 40.762393710471045 ], [ -73.931325423522352, 40.763274254395434 ], [ -73.930381093839387, 40.764490243624358 ], [ -73.926492677497748, 40.769270339213918 ], [ -73.927825848814877, 40.769899299159917 ], [ -73.923992981278133, 40.774595533423337 ], [ -73.922159870717067, 40.773547266846684 ], [ -73.917715966326639, 40.77040246711671 ], [ -73.917271575887597, 40.769857368496844 ], [ -73.911938890619069, 40.769018755235521 ] ] ] } },
{ "type": "Feature", "properties": { "id": "161", "NTACode": "QN0104", "GEOCODE": 810104, "GEONAME": "Astoria (East)-Woodside (North)", "nta_population": 37591.0, "pop_within_walk": 11765.352755664919, "pct_pop_walk": 31.298323416947987 }, "geometry": { "type": "Polygon", "coordinates": [ [ [ -73.902051203350339, 40.767425390039001 ], [ -73.903495472277228, 40.765832024842481 ], [ -73.9021623009601, 40.762645294449442 ], [ -73.901551264106416, 40.759626286708666 ], [ -73.898773823862385, 40.759919801350129 ], [ -73.899718153545351, 40.757571684218419 ], [ -73.898718275057504, 40.754133369846983 ], [ -73.910216877667764, 40.752959311281124 ], [ -73.916493892619258, 40.753881785868586 ], [ -73.918938040034007, 40.753630201890189 ], [ -73.925603896619663, 40.752120698019802 ], [ -73.924159627692774, 40.753965647194718 ], [ -73.915771758155813, 40.764280590309028 ], [ -73.914994074887488, 40.763903214341433 ], [ -73.91371645237524, 40.765496579537952 ], [ -73.914494135643565, 40.765873955505548 ], [ -73.911938890619069, 40.769018755235521 ], [ -73.905772973277323, 40.768012419321927 ], [ -73.904439801960194, 40.767593112691266 ], [ -73.902051203350339, 40.767425390039001 ] ] ] } },
{ "type": "Feature", "properties": { "id": "162", "NTACode": "QN0105", "GEOCODE": 810105, "GEONAME": "Queensbridge-Ravenswood-Dutch Kills", "nta_population": 27497.0, "pop_within_walk": 10972.928629961856, "pct_pop_walk": 39.905912026627838 }, "geometry": { "type": "Polygon", "coordinates": [ [ [ -73.934547254205427, 40.771157219051901 ], [ -73.934491705400546, 40.77040246711671 ], [ -73.935769327912794, 40.769060685898587 ], [ -73.936158169546957, 40.767676974017398 ], [ -73.930381093839387, 40.764490243624358 ], [ -73.931325423522352, 40.763274254395434 ], [ -73.929436764156421, 40.762393710471045 ], [ -73.930547740254028, 40.761219651905186 ], [ -73.929658959375942, 40.760800345274525 ], [ -73.932158655595558, 40.757697476207618 ], [ -73.924159627692774, 40.753965647194718 ], [ -73.925603896619663, 40.752120698019802 ], [ -73.932269753205318, 40.751952975367537 ], [ -73.933825119741982, 40.751617530063001 ], [ -73.936102620742076, 40.749730650225018 ], [ -73.935380486278632, 40.749395204920489 ], [ -73.936880304010401, 40.748430799669961 ], [ -73.938102377717769, 40.749814511551151 ], [ -73.944879331913199, 40.752623865976595 ], [ -73.950823054035411, 40.755223567086709 ], [ -73.943490611791177, 40.764490243624358 ], [ -73.941324208400843, 40.766922222082208 ], [ -73.939824390669074, 40.767970488658861 ], [ -73.936824755205521, 40.768892963246323 ], [ -73.935213839863991, 40.769689645844579 ], [ -73.934547254205427, 40.771157219051901 ] ] ] } },
{ "type": "Feature", "properties": { "id": "163", "NTACode": "QN0161", "GEOCODE": 810161, "GEONAME": "Sunnyside Yards (North)", "nta_population": 44.0, "pop_within_walk": 0.0, "pct_pop_walk": 0.0 }, "geometry": { "type": "Polygon", "coordinates": [ [ [ -73.910216877667764, 40.752959311281124 ], [ -73.909828036033602, 40.751659460726067 ], [ -73.913160964326437, 40.750946639453943 ], [ -73.91527181891189, 40.750862778127811 ], [ -73.920548955375537, 40.749730650225018 ], [ -73.92099334581458, 40.750988570117009 ], [ -73.922548712351229, 40.751575599399935 ], [ -73.924659566936697, 40.751659460726067 ], [ -73.931492069936994, 40.751156292769274 ], [ -73.933936217351743, 40.750275748844885 ], [ -73.935380486278632, 40.749395204920489 ], [ -73.936102620742076, 40.749730650225018 ], [ -73.933825119741982, 40.751617530063001 ], [ -73.932269753205318, 40.751952975367537 ], [ -73.925603896619663, 40.752120698019802 ], [ -73.918938040034007, 40.753630201890189 ], [ -73.916493892619258, 40.753881785868586 ], [ -73.910216877667764, 40.752959311281124 ] ] ] } },
{ "type": "Feature", "properties": { "id": "164", "NTACode": "QN0171", "GEOCODE": 810171, "GEONAME": "St. Michael's Cemetery", "nta_population": 0.0, "pop_within_walk": 0.0, "pct_pop_walk": 0.0 }, "geometry": { "type": "Polygon", "coordinates": [ [ [ -73.894329919471943, 40.766125539483944 ], [ -73.895218700350028, 40.764238659645962 ], [ -73.89632967644765, 40.763358115721573 ], [ -73.898773823862385, 40.759919801350129 ], [ -73.901551264106416, 40.759626286708666 ], [ -73.9021623009601, 40.762645294449442 ], [ -73.903495472277228, 40.765832024842481 ], [ -73.902051203350339, 40.767425390039001 ], [ -73.894329919471943, 40.766125539483944 ] ] ] } },
{ "type": "Feature", "properties": { "id": "165", "NTACode": "QN0191", "GEOCODE": 810191, "GEONAME": "Astoria Park", "nta_population": 0.0, "pop_within_walk": 0.0, "pct_pop_walk": 0.0 }, "geometry": { "type": "Polygon", "coordinates": [ [ [ -73.923992981278133, 40.774595533423337 ], [ -73.928270239253933, 40.776901719891988 ], [ -73.926326031083107, 40.778243501110111 ], [ -73.924881762156218, 40.778620877077707 ], [ -73.922937553985406, 40.780423895589557 ], [ -73.919937918521853, 40.782646220732069 ], [ -73.917938161546161, 40.78126250885088 ], [ -73.923770786058611, 40.776566274587459 ], [ -73.923048651595167, 40.775392216021601 ], [ -73.923992981278133, 40.774595533423337 ] ] ] } },
{ "type": "Feature", "properties": { "id": "166", "NTACode": "QN0201", "GEOCODE": 810201, "GEONAME": "Long Island City-Hunters Point", "nta_population": 28430.0, "pop_within_walk": 14187.905211471934, "pct_pop_walk": 49.904696487766209 }, "geometry": { "type": "Polygon", "coordinates": [ [ [ -73.936880304010401, 40.748430799669961 ], [ -73.93665810879088, 40.748221146354631 ], [ -73.940324329912997, 40.745411791929193 ], [ -73.942712928522852, 40.744573178667864 ], [ -73.9439905510351, 40.743650704080409 ], [ -73.944212746254621, 40.742895952145211 ], [ -73.940324329912997, 40.744405456015599 ], [ -73.937713536083606, 40.745244069276929 ], [ -73.937269145644564, 40.745160207950789 ], [ -73.938657865766572, 40.738199717881784 ], [ -73.941435306010604, 40.739247984458444 ], [ -73.940379878717877, 40.740338181698171 ], [ -73.939102256205615, 40.742602437503749 ], [ -73.939657744254433, 40.742728229492947 ], [ -73.941213110791082, 40.740296251035105 ], [ -73.942879574937493, 40.738996400480048 ], [ -73.947156832913294, 40.737906203240321 ], [ -73.951934030133017, 40.739499568436841 ], [ -73.953822689498949, 40.73983501374137 ], [ -73.957488910621066, 40.739541499099907 ], [ -73.960710741304126, 40.738073925892586 ], [ -73.962155010231029, 40.738283579207916 ], [ -73.962432754255431, 40.739667291089106 ], [ -73.961321778157824, 40.740463973687369 ], [ -73.961543973377346, 40.741973477557757 ], [ -73.960544094889485, 40.744028080048004 ], [ -73.960544094889485, 40.744111941374136 ], [ -73.9596553140114, 40.743944218721872 ], [ -73.958766533133314, 40.744950554635459 ], [ -73.959155374767477, 40.745998821212119 ], [ -73.957544459425947, 40.748305007680763 ], [ -73.957488910621066, 40.748346938343829 ], [ -73.957044520182023, 40.748933967626762 ], [ -73.955044763206317, 40.749646788898886 ], [ -73.954489275157513, 40.751240154095406 ], [ -73.950823054035411, 40.755223567086709 ], [ -73.944879331913199, 40.752623865976595 ], [ -73.938102377717769, 40.749814511551151 ], [ -73.936880304010401, 40.748430799669961 ] ] ] } },
{ "type": "Feature", "properties": { "id": "167", "NTACode": "QN0202", "GEOCODE": 810202, "GEONAME": "Sunnyside", "nta_population": 47507.0, "pop_within_walk": 1146.4343424444103, "pct_pop_walk": 2.4131903560410262 }, "geometry": { "type": "Polygon", "coordinates": [ [ [ -73.909716938423841, 40.749772580888084 ], [ -73.910161328862884, 40.748514660996094 ], [ -73.911661146594653, 40.748682383648365 ], [ -73.912438829862992, 40.745914959885987 ], [ -73.911272304960491, 40.745789167896788 ], [ -73.91199443942395, 40.742183130873087 ], [ -73.913827549985001, 40.742392784188418 ], [ -73.914438586838685, 40.740547835013501 ], [ -73.915716209350933, 40.740799418991898 ], [ -73.917160478277822, 40.736899867326727 ], [ -73.918327003180323, 40.733168038313828 ], [ -73.919049137643768, 40.732077841074108 ], [ -73.917327124692477, 40.731448881128109 ], [ -73.917993710351041, 40.728513734713466 ], [ -73.918382551985204, 40.72591403360336 ], [ -73.921771029082905, 40.726375270897087 ], [ -73.926437128692868, 40.728136358745871 ], [ -73.928492434473455, 40.727758982778276 ], [ -73.931325423522352, 40.728723388028797 ], [ -73.934547254205427, 40.729100763996399 ], [ -73.936491462376239, 40.729687793279325 ], [ -73.939102256205615, 40.731365019801977 ], [ -73.940046585888595, 40.733755067596761 ], [ -73.941824147644766, 40.735977392739272 ], [ -73.945934759205926, 40.73748689660966 ], [ -73.941435306010604, 40.739247984458444 ], [ -73.938657865766572, 40.738199717881784 ], [ -73.937269145644564, 40.745160207950789 ], [ -73.937713536083606, 40.745244069276929 ], [ -73.934380607790786, 40.746040751875185 ], [ -73.92677042152215, 40.747592186408639 ], [ -73.920771150595058, 40.746879365136515 ], [ -73.920326760156016, 40.749143620942093 ], [ -73.915382916521651, 40.750108026192613 ], [ -73.913494257155719, 40.750191887518753 ], [ -73.909716938423841, 40.749772580888084 ] ] ] } },
{ "type": "Feature", "properties": { "id": "168", "NTACode": "QN0203", "GEOCODE": 810203, "GEONAME": "Woodside", "nta_population": 47886.0, "pop_within_walk": 36090.674792623569, "pct_pop_walk": 75.367904591370277 }, "geometry": { "type": "Polygon", "coordinates": [ [ [ -73.895663090789085, 40.748472730333027 ], [ -73.890885893569362, 40.7406736270027 ], [ -73.894663212301225, 40.740212389708965 ], [ -73.887275221252125, 40.738828677827783 ], [ -73.887552965276527, 40.736774075337529 ], [ -73.889386075837578, 40.735851600750074 ], [ -73.888497294959492, 40.734551750195017 ], [ -73.892330162496251, 40.734467888868885 ], [ -73.895107602740268, 40.735012987488744 ], [ -73.898329433423342, 40.735180710141009 ], [ -73.900162543984393, 40.734761403510348 ], [ -73.901106873667374, 40.733922790249025 ], [ -73.905161936423639, 40.735851600750074 ], [ -73.905995168496844, 40.734006651575157 ], [ -73.90627291252126, 40.732413286378637 ], [ -73.910661268106807, 40.733461552955291 ], [ -73.908550413521354, 40.737948133903387 ], [ -73.907550535033508, 40.741679962916287 ], [ -73.91199443942395, 40.742183130873087 ], [ -73.911272304960491, 40.745789167896788 ], [ -73.912438829862992, 40.745914959885987 ], [ -73.911661146594653, 40.748682383648365 ], [ -73.910161328862884, 40.748514660996094 ], [ -73.909716938423841, 40.749772580888084 ], [ -73.909828036033602, 40.751659460726067 ], [ -73.910216877667764, 40.752959311281124 ], [ -73.898718275057504, 40.754133369846983 ], [ -73.89794059178918, 40.752959311281124 ], [ -73.897051810911094, 40.749940303540349 ], [ -73.895663090789085, 40.748472730333027 ] ] ] } },
{ "type": "Feature", "properties": { "id": "169", "NTACode": "QN0261", "GEOCODE": 810261, "GEONAME": "Sunnyside Yards (South)", "nta_population": 0.0, "pop_within_walk": 0.0, "pct_pop_walk": 0.0 }, "geometry": { "type": "Polygon", "coordinates": [ [ [ -73.909716938423841, 40.749772580888084 ], [ -73.913494257155719, 40.750191887518753 ], [ -73.915382916521651, 40.750108026192613 ], [ -73.920326760156016, 40.749143620942093 ], [ -73.920771150595058, 40.746879365136515 ], [ -73.92677042152215, 40.747592186408639 ], [ -73.934380607790786, 40.746040751875185 ], [ -73.937713536083606, 40.745244069276929 ], [ -73.940324329912997, 40.744405456015599 ], [ -73.944212746254621, 40.742895952145211 ], [ -73.9439905510351, 40.743650704080409 ], [ -73.942712928522852, 40.744573178667864 ], [ -73.940324329912997, 40.745411791929193 ], [ -73.93665810879088, 40.748221146354631 ], [ -73.936880304010401, 40.748430799669961 ], [ -73.935380486278632, 40.749395204920489 ], [ -73.933936217351743, 40.750275748844885 ], [ -73.931492069936994, 40.751156292769274 ], [ -73.924659566936697, 40.751659460726067 ], [ -73.922548712351229, 40.751575599399935 ], [ -73.92099334581458, 40.750988570117009 ], [ -73.920548955375537, 40.749730650225018 ], [ -73.91527181891189, 40.750862778127811 ], [ -73.913160964326437, 40.750946639453943 ], [ -73.909828036033602, 40.751659460726067 ], [ -73.909716938423841, 40.749772580888084 ] ] ] } },
{ "type": "Feature", "properties": { "id": "170", "NTACode": "QN0271", "GEOCODE": 810271, "GEONAME": "Calvary & Mount Zion Cemeteries", "nta_population": 0.0, "pop_within_walk": 0.0, "pct_pop_walk": 0.0 }, "geometry": { "type": "Polygon", "coordinates": [ [ [ -73.91199443942395, 40.742183130873087 ], [ -73.907550535033508, 40.741679962916287 ], [ -73.908550413521354, 40.737948133903387 ], [ -73.910661268106807, 40.733461552955291 ], [ -73.90627291252126, 40.732413286378637 ], [ -73.905995168496844, 40.734006651575157 ], [ -73.905161936423639, 40.735851600750074 ], [ -73.901106873667374, 40.733922790249025 ], [ -73.905161936423639, 40.728974972007201 ], [ -73.907050595789585, 40.727465468136813 ], [ -73.910105780058004, 40.72931041731173 ], [ -73.911716695399534, 40.729981307920788 ], [ -73.91204998822883, 40.728555665376533 ], [ -73.915049623692369, 40.728597596039599 ], [ -73.915049623692369, 40.727968636093607 ], [ -73.917993710351041, 40.728513734713466 ], [ -73.917327124692477, 40.731448881128109 ], [ -73.919049137643768, 40.732077841074108 ], [ -73.918327003180323, 40.733168038313828 ], [ -73.917160478277822, 40.736899867326727 ], [ -73.915716209350933, 40.740799418991898 ], [ -73.914438586838685, 40.740547835013501 ], [ -73.913827549985001, 40.742392784188418 ], [ -73.91199443942395, 40.742183130873087 ] ] ] } },
{ "type": "Feature", "properties": { "id": "171", "NTACode": "QN0301", "GEOCODE": 810301, "GEONAME": "Jackson Heights", "nta_population": 94474.0, "pop_within_walk": 28652.163810080099, "pct_pop_walk": 30.328094301162331 }, "geometry": { "type": "Polygon", "coordinates": [ [ [ -73.873665764056412, 40.756816932283229 ], [ -73.8708327750075, 40.751533668736869 ], [ -73.869444054885491, 40.749143620942093 ], [ -73.891774674447447, 40.746795503810375 ], [ -73.895663090789085, 40.748472730333027 ], [ -73.897051810911094, 40.749940303540349 ], [ -73.89794059178918, 40.752959311281124 ], [ -73.898718275057504, 40.754133369846983 ], [ -73.899718153545351, 40.757571684218419 ], [ -73.898773823862385, 40.759919801350129 ], [ -73.89632967644765, 40.763358115721573 ], [ -73.895218700350028, 40.764238659645962 ], [ -73.894329919471943, 40.766125539483944 ], [ -73.8938855290329, 40.766419054125407 ], [ -73.891108088788883, 40.766335192799275 ], [ -73.890885893569362, 40.765873955505548 ], [ -73.887719611691168, 40.766922222082208 ], [ -73.887108574837484, 40.764993411581159 ], [ -73.886386440374039, 40.761219651905186 ], [ -73.878942900520059, 40.761974403840384 ], [ -73.875998813861386, 40.761429305220517 ], [ -73.875165581788181, 40.756649209630957 ], [ -73.873665764056412, 40.756816932283229 ] ] ] } },
{ "type": "Feature", "properties": { "id": "172", "NTACode": "QN0302", "GEOCODE": 810302, "GEONAME": "East Elmhurst", "nta_population": 27782.0, "pop_within_walk": 0.0, "pct_pop_walk": 0.0 }, "geometry": { "type": "Polygon", "coordinates": [ [ [ -73.86094508773877, 40.763735491689168 ], [ -73.859111977177719, 40.761261582568252 ], [ -73.856390085738568, 40.759919801350129 ], [ -73.854612523982397, 40.758452228142815 ], [ -73.858556489128915, 40.757907129522948 ], [ -73.865666736153614, 40.757613614881485 ], [ -73.873665764056412, 40.756816932283229 ], [ -73.875165581788181, 40.756649209630957 ], [ -73.875998813861386, 40.761429305220517 ], [ -73.878942900520059, 40.761974403840384 ], [ -73.886386440374039, 40.761219651905186 ], [ -73.887108574837484, 40.764993411581159 ], [ -73.887719611691168, 40.766922222082208 ], [ -73.884331134593467, 40.767970488658861 ], [ -73.878054119641959, 40.771073357725768 ], [ -73.875554423422344, 40.771744248334834 ], [ -73.873832410471053, 40.771870040324032 ], [ -73.871277165446543, 40.771660387008701 ], [ -73.867999785958602, 40.770234744464446 ], [ -73.866000028982896, 40.768851032583257 ], [ -73.862944844714477, 40.766083608820878 ], [ -73.86094508773877, 40.763735491689168 ] ] ] } },
{ "type": "Feature", "properties": { "id": "173", "NTACode": "QN0303", "GEOCODE": 810303, "GEONAME": "North Corona", "nta_population": 39689.0, "pop_within_walk": 10490.240225763362, "pct_pop_walk": 26.431102385455322 }, "geometry": { "type": "Polygon", "coordinates": [ [ [ -73.852223925372542, 40.752665796639661 ], [ -73.861111734153411, 40.750024164866481 ], [ -73.869444054885491, 40.749143620942093 ], [ -73.8708327750075, 40.751533668736869 ], [ -73.873665764056412, 40.756816932283229 ], [ -73.865666736153614, 40.757613614881485 ], [ -73.858556489128915, 40.757907129522948 ], [ -73.854612523982397, 40.758452228142815 ], [ -73.853668194299431, 40.756816932283229 ], [ -73.852223925372542, 40.752665796639661 ] ] ] } },
{ "type": "Feature", "properties": { "id": "174", "NTACode": "QN0401", "GEOCODE": 810401, "GEONAME": "Elmhurst", "nta_population": 101254.0, "pop_within_walk": 34054.085033738455, "pct_pop_walk": 33.632335545991715 }, "geometry": { "type": "Polygon", "coordinates": [ [ [ -73.864611308860887, 40.73430016621662 ], [ -73.875221130593062, 40.730736059855985 ], [ -73.879720583788384, 40.729100763996399 ], [ -73.881053755105512, 40.728765318691863 ], [ -73.885886501130116, 40.728304081398136 ], [ -73.887219672447245, 40.727884774767475 ], [ -73.887275221252125, 40.729268486648664 ], [ -73.88805290452045, 40.730107099909986 ], [ -73.888497294959492, 40.734551750195017 ], [ -73.889386075837578, 40.735851600750074 ], [ -73.887552965276527, 40.736774075337529 ], [ -73.887275221252125, 40.738828677827783 ], [ -73.894663212301225, 40.740212389708965 ], [ -73.890885893569362, 40.7406736270027 ], [ -73.895663090789085, 40.748472730333027 ], [ -73.891774674447447, 40.746795503810375 ], [ -73.869444054885491, 40.749143620942093 ], [ -73.868555274007406, 40.747592186408639 ], [ -73.867499846714665, 40.743315258775873 ], [ -73.867555395519545, 40.740925210981096 ], [ -73.865833382568255, 40.73664828334833 ], [ -73.864611308860887, 40.73430016621662 ] ] ] } },
{ "type": "Feature", "properties": { "id": "175", "NTACode": "QN0402", "GEOCODE": 810402, "GEONAME": "Corona", "nta_population": 67362.0, "pop_within_walk": 8651.9205663503635, "pct_pop_walk": 12.843918776684724 }, "geometry": { "type": "Polygon", "coordinates": [ [ [ -73.847557825762578, 40.73908026180618 ], [ -73.851335144494456, 40.737570757935792 ], [ -73.85511246322632, 40.736816006000595 ], [ -73.858778684348437, 40.735767739423942 ], [ -73.859445270007001, 40.735767739423942 ], [ -73.864611308860887, 40.73430016621662 ], [ -73.865833382568255, 40.73664828334833 ], [ -73.867555395519545, 40.740925210981096 ], [ -73.867499846714665, 40.743315258775873 ], [ -73.868555274007406, 40.747592186408639 ], [ -73.869444054885491, 40.749143620942093 ], [ -73.861111734153411, 40.750024164866481 ], [ -73.852223925372542, 40.752665796639661 ], [ -73.850890754055399, 40.749982234203415 ], [ -73.854445877567755, 40.74885010630063 ], [ -73.85361264549455, 40.747508325082507 ], [ -73.850113070787074, 40.740715557665766 ], [ -73.848113313811382, 40.740044667056701 ], [ -73.847557825762578, 40.73908026180618 ] ] ] } },
{ "type": "Feature", "properties": { "id": "176", "NTACode": "QN0501", "GEOCODE": 810501, "GEONAME": "Maspeth", "nta_population": 42029.0, "pop_within_walk": 550.53744493392071, "pct_pop_walk": 1.3098989862569195 }, "geometry": { "type": "Polygon", "coordinates": [ [ [ -73.888497294959492, 40.734551750195017 ], [ -73.88805290452045, 40.730107099909986 ], [ -73.887275221252125, 40.729268486648664 ], [ -73.887219672447245, 40.727884774767475 ], [ -73.887053026032603, 40.724656113711369 ], [ -73.882609121642162, 40.72507542034203 ], [ -73.881609243154315, 40.723901361776178 ], [ -73.891163637593763, 40.719456711491148 ], [ -73.894218821862182, 40.717905276957694 ], [ -73.892885650545054, 40.719205127512751 ], [ -73.894718761106105, 40.721595175307527 ], [ -73.894274370667063, 40.721762897959792 ], [ -73.895829737203726, 40.723901361776178 ], [ -73.898329433423342, 40.723104679177915 ], [ -73.899051567886787, 40.723859431113112 ], [ -73.900106995179513, 40.723314332493246 ], [ -73.899829251155111, 40.721217799339932 ], [ -73.897385103740376, 40.721553244644461 ], [ -73.897385103740376, 40.720463047404735 ], [ -73.900106995179513, 40.720169532763272 ], [ -73.900606934423436, 40.719750226132611 ], [ -73.899829251155111, 40.718366514251422 ], [ -73.898329433423342, 40.719205127512751 ], [ -73.897274006130615, 40.718156860936091 ], [ -73.898829372667265, 40.717360178337834 ], [ -73.897496201350137, 40.716395773087307 ], [ -73.895551993179325, 40.713796071977193 ], [ -73.895052053935387, 40.712496221422143 ], [ -73.906050717301724, 40.712915528052804 ], [ -73.924048530083013, 40.71400572529253 ], [ -73.924048530083013, 40.714131517281729 ], [ -73.924104078887893, 40.715137853195316 ], [ -73.922326517131708, 40.716060327782778 ], [ -73.922770907570765, 40.717527900990099 ], [ -73.923937432473252, 40.719037404860487 ], [ -73.924270725302534, 40.721427452655263 ], [ -73.92515950618062, 40.722349927242725 ], [ -73.924215176497654, 40.724278737743774 ], [ -73.926548226302629, 40.725662449624963 ], [ -73.928492434473455, 40.727758982778276 ], [ -73.926437128692868, 40.728136358745871 ], [ -73.921771029082905, 40.726375270897087 ], [ -73.918382551985204, 40.72591403360336 ], [ -73.917993710351041, 40.728513734713466 ], [ -73.915049623692369, 40.727968636093607 ], [ -73.915049623692369, 40.728597596039599 ], [ -73.91204998822883, 40.728555665376533 ], [ -73.911716695399534, 40.729981307920788 ], [ -73.910105780058004, 40.72931041731173 ], [ -73.907050595789585, 40.727465468136813 ], [ -73.905161936423639, 40.728974972007201 ], [ -73.901106873667374, 40.733922790249025 ], [ -73.900162543984393, 40.734761403510348 ], [ -73.898329433423342, 40.735180710141009 ], [ -73.895107602740268, 40.735012987488744 ], [ -73.892330162496251, 40.734467888868885 ], [ -73.888497294959492, 40.734551750195017 ] ] ] } },
{ "type": "Feature", "properties": { "id": "177", "NTACode": "QN0502", "GEOCODE": 810502, "GEONAME": "Ridgewood", "nta_population": 68356.0, "pop_within_walk": 18450.634352848796, "pct_pop_walk": 26.991974885670306 }, "geometry": { "type": "Polygon", "coordinates": [ [ [ -73.895052053935387, 40.712496221422143 ], [ -73.888441746154612, 40.712286568106805 ], [ -73.887330770057005, 40.710567410921087 ], [ -73.888608392569253, 40.709686866996698 ], [ -73.888219550935091, 40.708890184398435 ], [ -73.889274978227817, 40.707883848484848 ], [ -73.885553208300834, 40.706458205940592 ], [ -73.889108331813176, 40.705619592679263 ], [ -73.891052539984003, 40.703816574167412 ], [ -73.894996505130507, 40.699707369186918 ], [ -73.895774188398846, 40.698491379957993 ], [ -73.895607541984205, 40.697107668076804 ], [ -73.898384982228222, 40.696143262826283 ], [ -73.900051446374633, 40.69341776972697 ], [ -73.901384617691775, 40.691572820552054 ], [ -73.905772973277323, 40.694130590999094 ], [ -73.904273155545553, 40.695682025532548 ], [ -73.911827793009309, 40.699958953165314 ], [ -73.910661268106807, 40.701049150405041 ], [ -73.911438951375132, 40.701468457035702 ], [ -73.912883220302035, 40.702349000960091 ], [ -73.911827793009309, 40.703439198199817 ], [ -73.921882126692665, 40.709393352355235 ], [ -73.920771150595058, 40.710525480258021 ], [ -73.921548833863383, 40.711028648214821 ], [ -73.922215419521947, 40.712873597389738 ], [ -73.924048530083013, 40.71400572529253 ], [ -73.906050717301724, 40.712915528052804 ], [ -73.895052053935387, 40.712496221422143 ] ] ] } },
{ "type": "Feature", "properties": { "id": "178", "NTACode": "QN0503", "GEOCODE": 810503, "GEONAME": "Glendale", "nta_population": 36140.0, "pop_within_walk": 0.0, "pct_pop_walk": 0.0 }, "geometry": { "type": "Polygon", "coordinates": [ [ [ -73.857278866616667, 40.711447954845482 ], [ -73.856667829762969, 40.707674195169517 ], [ -73.855945695299525, 40.706416275277526 ], [ -73.854723621592157, 40.706751720582055 ], [ -73.854723621592157, 40.705200286048601 ], [ -73.852501669396943, 40.702307070297024 ], [ -73.855279109640961, 40.702600584938494 ], [ -73.855279109640961, 40.701971624992495 ], [ -73.858945330763078, 40.701300734383437 ], [ -73.858223196299633, 40.702852168916891 ], [ -73.862833747104716, 40.703397267536751 ], [ -73.86916631086109, 40.702894099579957 ], [ -73.876387655495549, 40.702307070297024 ], [ -73.876221009080908, 40.7015942490249 ], [ -73.881720340764076, 40.699539646534653 ], [ -73.882831316861683, 40.700671774437438 ], [ -73.884331134593467, 40.700210537143711 ], [ -73.887719611691168, 40.699665438523851 ], [ -73.88816400213021, 40.698868755925588 ], [ -73.887664062886287, 40.697317321392134 ], [ -73.8864975379838, 40.696436777467746 ], [ -73.888663941374134, 40.695849748184813 ], [ -73.88816400213021, 40.695053065586556 ], [ -73.891885772057208, 40.694298313651366 ], [ -73.892441260106011, 40.695220788238821 ], [ -73.895052053935387, 40.694591828292829 ], [ -73.895607541984205, 40.69396286834683 ], [ -73.893996626642661, 40.693082324422441 ], [ -73.896940713301333, 40.691950196519649 ], [ -73.897385103740376, 40.694130590999094 ], [ -73.900051446374633, 40.69341776972697 ], [ -73.898384982228222, 40.696143262826283 ], [ -73.895607541984205, 40.697107668076804 ], [ -73.895774188398846, 40.698491379957993 ], [ -73.894996505130507, 40.699707369186918 ], [ -73.891052539984003, 40.703816574167412 ], [ -73.889108331813176, 40.705619592679263 ], [ -73.885553208300834, 40.706458205940592 ], [ -73.883775646544649, 40.706290483288328 ], [ -73.880887108690871, 40.706458205940592 ], [ -73.871554909470944, 40.707045235223518 ], [ -73.869110762056209, 40.707087165886584 ], [ -73.870166189348936, 40.709225629702971 ], [ -73.86500015049505, 40.710777064236424 ], [ -73.859667465226522, 40.713376765346531 ], [ -73.859778562836283, 40.711825330813078 ], [ -73.857278866616667, 40.711447954845482 ] ] ] } },
{ "type": "Feature", "properties": { "id": "179", "NTACode": "QN0504", "GEOCODE": 810504, "GEONAME": "Middle Village", "nta_population": 34652.0, "pop_within_walk": 1100.3137209375295, "pct_pop_walk": 3.1753252941750247 }, "geometry": { "type": "Polygon", "coordinates": [ [ [ -73.865500089738973, 40.72029532475247 ], [ -73.870555030983098, 40.718156860936091 ], [ -73.87238814154415, 40.717821415631562 ], [ -73.871554909470944, 40.712580082748275 ], [ -73.870166189348936, 40.709225629702971 ], [ -73.869110762056209, 40.707087165886584 ], [ -73.871554909470944, 40.707045235223518 ], [ -73.880887108690871, 40.706458205940592 ], [ -73.877609729202916, 40.707171027212716 ], [ -73.878720705300523, 40.710022312301227 ], [ -73.880053876617666, 40.712663944074407 ], [ -73.885053269056911, 40.712160776117607 ], [ -73.886886379617962, 40.712202706780673 ], [ -73.887275221252125, 40.715012061206117 ], [ -73.89066369834984, 40.718576167566752 ], [ -73.892996748154815, 40.71614418910891 ], [ -73.894218821862182, 40.717905276957694 ], [ -73.891163637593763, 40.719456711491148 ], [ -73.881609243154315, 40.723901361776178 ], [ -73.882609121642162, 40.72507542034203 ], [ -73.887053026032603, 40.724656113711369 ], [ -73.887219672447245, 40.727884774767475 ], [ -73.885886501130116, 40.728304081398136 ], [ -73.881053755105512, 40.728765318691863 ], [ -73.879720583788384, 40.729100763996399 ], [ -73.875221130593062, 40.730736059855985 ], [ -73.871443811861184, 40.72931041731173 ], [ -73.870943872617261, 40.72771705211521 ], [ -73.86927740847085, 40.724446460396038 ], [ -73.865500089738973, 40.72029532475247 ] ] ] } },
{ "type": "Feature", "properties": { "id": "180", "NTACode": "QN0571", "GEOCODE": 810571, "GEONAME": "Mount Olivet & All Faiths Cemeteries", "nta_population": 0.0, "pop_within_walk": 0.0, "pct_pop_walk": 0.0 }, "geometry": { "type": "Polygon", "coordinates": [ [ [ -73.894218821862182, 40.717905276957694 ], [ -73.892996748154815, 40.71614418910891 ], [ -73.89066369834984, 40.718576167566752 ], [ -73.887275221252125, 40.715012061206117 ], [ -73.886886379617962, 40.712202706780673 ], [ -73.888441746154612, 40.712286568106805 ], [ -73.895052053935387, 40.712496221422143 ], [ -73.895551993179325, 40.713796071977193 ], [ -73.897496201350137, 40.716395773087307 ], [ -73.898829372667265, 40.717360178337834 ], [ -73.897274006130615, 40.718156860936091 ], [ -73.898329433423342, 40.719205127512751 ], [ -73.899829251155111, 40.718366514251422 ], [ -73.900606934423436, 40.719750226132611 ], [ -73.900106995179513, 40.720169532763272 ], [ -73.897385103740376, 40.720463047404735 ], [ -73.897385103740376, 40.721553244644461 ], [ -73.899829251155111, 40.721217799339932 ], [ -73.900106995179513, 40.723314332493246 ], [ -73.899051567886787, 40.723859431113112 ], [ -73.898329433423342, 40.723104679177915 ], [ -73.895829737203726, 40.723901361776178 ], [ -73.894274370667063, 40.721762897959792 ], [ -73.894718761106105, 40.721595175307527 ], [ -73.892885650545054, 40.719205127512751 ], [ -73.894218821862182, 40.717905276957694 ] ] ] } },
{ "type": "Feature", "properties": { "id": "181", "NTACode": "QN0572", "GEOCODE": 810572, "GEONAME": "Middle Village Cemetery", "nta_population": 0.0, "pop_within_walk": 0.0, "pct_pop_walk": 0.0 }, "geometry": { "type": "Polygon", "coordinates": [ [ [ -73.880887108690871, 40.706458205940592 ], [ -73.883775646544649, 40.706290483288328 ], [ -73.885553208300834, 40.706458205940592 ], [ -73.889274978227817, 40.707883848484848 ], [ -73.888219550935091, 40.708890184398435 ], [ -73.888608392569253, 40.709686866996698 ], [ -73.887330770057005, 40.710567410921087 ], [ -73.888441746154612, 40.712286568106805 ], [ -73.886886379617962, 40.712202706780673 ], [ -73.885053269056911, 40.712160776117607 ], [ -73.880053876617666, 40.712663944074407 ], [ -73.878720705300523, 40.710022312301227 ], [ -73.877609729202916, 40.707171027212716 ], [ -73.880887108690871, 40.706458205940592 ] ] ] } },
{ "type": "Feature", "properties": { "id": "182", "NTACode": "QN0573", "GEOCODE": 810573, "GEONAME": "St. John Cemetery", "nta_population": 0.0, "pop_within_walk": 0.0, "pct_pop_walk": 0.0 }, "geometry": { "type": "Polygon", "coordinates": [ [ [ -73.859667465226522, 40.713376765346531 ], [ -73.86500015049505, 40.710777064236424 ], [ -73.870166189348936, 40.709225629702971 ], [ -73.871554909470944, 40.712580082748275 ], [ -73.87238814154415, 40.717821415631562 ], [ -73.870555030983098, 40.718156860936091 ], [ -73.865500089738973, 40.72029532475247 ], [ -73.863000393519357, 40.717695623642364 ], [ -73.860056306860685, 40.714928199879985 ], [ -73.859667465226522, 40.713376765346531 ] ] ] } },
{ "type": "Feature", "properties": { "id": "183", "NTACode": "QN0574", "GEOCODE": 810574, "GEONAME": "Highland Park-Cypress Hills Cemeteries (North)", "nta_population": 12.0, "pop_within_walk": 0.0, "pct_pop_walk": 0.0 }, "geometry": { "type": "Polygon", "coordinates": [ [ [ -73.868944115641568, 40.695136926912689 ], [ -73.873999056885694, 40.694172521662161 ], [ -73.879498388568862, 40.691153513921392 ], [ -73.883775646544649, 40.68788292220222 ], [ -73.884497781008108, 40.686666932973296 ], [ -73.88810845332533, 40.685283221092106 ], [ -73.889608271057099, 40.684234954515446 ], [ -73.890163759105917, 40.684989706450644 ], [ -73.892607906520652, 40.683480202580256 ], [ -73.894163273057302, 40.685283221092106 ], [ -73.896551871667171, 40.68239000534053 ], [ -73.901162422472254, 40.68788292220222 ], [ -73.900440288008795, 40.688176436843683 ], [ -73.901884556935698, 40.69106965259526 ], [ -73.901384617691775, 40.691572820552054 ], [ -73.900051446374633, 40.69341776972697 ], [ -73.897385103740376, 40.694130590999094 ], [ -73.896940713301333, 40.691950196519649 ], [ -73.893996626642661, 40.693082324422441 ], [ -73.895607541984205, 40.69396286834683 ], [ -73.895052053935387, 40.694591828292829 ], [ -73.892441260106011, 40.695220788238821 ], [ -73.891885772057208, 40.694298313651366 ], [ -73.88816400213021, 40.695053065586556 ], [ -73.888663941374134, 40.695849748184813 ], [ -73.8864975379838, 40.696436777467746 ], [ -73.887664062886287, 40.697317321392134 ], [ -73.88816400213021, 40.698868755925588 ], [ -73.887719611691168, 40.699665438523851 ], [ -73.884331134593467, 40.700210537143711 ], [ -73.882831316861683, 40.700671774437438 ], [ -73.881720340764076, 40.699539646534653 ], [ -73.876221009080908, 40.7015942490249 ], [ -73.876387655495549, 40.702307070297024 ], [ -73.86916631086109, 40.702894099579957 ], [ -73.869499603690372, 40.7015942490249 ], [ -73.869332957275731, 40.699371923882389 ], [ -73.870666128592859, 40.697820489348935 ], [ -73.868944115641568, 40.695136926912689 ] ] ] } },
{ "type": "Feature", "properties": { "id": "184", "NTACode": "QN0601", "GEOCODE": 810601, "GEONAME": "Rego Park", "nta_population": 29500.0, "pop_within_walk": 0.0, "pct_pop_walk": 0.0 }, "geometry": { "type": "Polygon", "coordinates": [ [ [ -73.858778684348437, 40.735767739423942 ], [ -73.856278988128807, 40.730945713171316 ], [ -73.858500940324035, 40.730274822562251 ], [ -73.858001001080112, 40.728723388028797 ], [ -73.859445270007001, 40.726459132223219 ], [ -73.857278866616667, 40.725662449624963 ], [ -73.858056549884992, 40.724446460396038 ], [ -73.859889660446044, 40.724362599069906 ], [ -73.858667586738676, 40.722601511221121 ], [ -73.85777880586059, 40.716437703750373 ], [ -73.857278866616667, 40.711447954845482 ], [ -73.859778562836283, 40.711825330813078 ], [ -73.859667465226522, 40.713376765346531 ], [ -73.860056306860685, 40.714928199879985 ], [ -73.863000393519357, 40.717695623642364 ], [ -73.865500089738973, 40.72029532475247 ], [ -73.86927740847085, 40.724446460396038 ], [ -73.870943872617261, 40.72771705211521 ], [ -73.871443811861184, 40.72931041731173 ], [ -73.875221130593062, 40.730736059855985 ], [ -73.864611308860887, 40.73430016621662 ], [ -73.859445270007001, 40.735767739423942 ], [ -73.858778684348437, 40.735767739423942 ] ] ] } },
{ "type": "Feature", "properties": { "id": "185", "NTACode": "QN0602", "GEOCODE": 810602, "GEONAME": "Forest Hills", "nta_population": 91631.0, "pop_within_walk": 32716.984711374142, "pct_pop_walk": 35.70514859749882 }, "geometry": { "type": "Polygon", "coordinates": [ [ [ -73.831004281908193, 40.714299239933993 ], [ -73.836003674347438, 40.711699538823879 ], [ -73.843169470177017, 40.709225629702971 ], [ -73.844558190299026, 40.708680531083104 ], [ -73.846669044884493, 40.708303155115509 ], [ -73.849502033933391, 40.708345085778575 ], [ -73.854723621592157, 40.706751720582055 ], [ -73.855945695299525, 40.706416275277526 ], [ -73.856667829762969, 40.707674195169517 ], [ -73.857278866616667, 40.711447954845482 ], [ -73.85777880586059, 40.716437703750373 ], [ -73.858667586738676, 40.722601511221121 ], [ -73.859889660446044, 40.724362599069906 ], [ -73.858056549884992, 40.724446460396038 ], [ -73.857278866616667, 40.725662449624963 ], [ -73.859445270007001, 40.726459132223219 ], [ -73.858001001080112, 40.728723388028797 ], [ -73.858500940324035, 40.730274822562251 ], [ -73.856278988128807, 40.730945713171316 ], [ -73.858778684348437, 40.735767739423942 ], [ -73.85511246322632, 40.736816006000595 ], [ -73.851335144494456, 40.737570757935792 ], [ -73.847557825762578, 40.73908026180618 ], [ -73.846058008030809, 40.737109520642065 ], [ -73.845446971177111, 40.734929126162612 ], [ -73.844169348664863, 40.732622939693968 ], [ -73.840336481128119, 40.728807249354936 ], [ -73.839058858615857, 40.72687843885388 ], [ -73.837336845664566, 40.723565916471642 ], [ -73.835392637493754, 40.720714631383139 ], [ -73.834781600640071, 40.719205127512751 ], [ -73.829837757005706, 40.715557159825977 ], [ -73.831004281908193, 40.714299239933993 ] ] ] } },
{ "type": "Feature", "properties": { "id": "186", "NTACode": "QN0701", "GEOCODE": 810701, "GEONAME": "College Point", "nta_population": 30880.0, "pop_within_walk": 0.0, "pct_pop_walk": 0.0 }, "geometry": { "type": "Polygon", "coordinates": [ [ [ -73.827004767956794, 40.797699328772872 ], [ -73.824060681298135, 40.793045025172518 ], [ -73.822838607590754, 40.791493590639064 ], [ -73.822616412371232, 40.789103542844281 ], [ -73.823838486078614, 40.78675542571257 ], [ -73.825005010981101, 40.781681815481548 ], [ -73.825671596639665, 40.780843202220218 ], [ -73.828893427322726, 40.775434146684667 ], [ -73.831615318761877, 40.77254093093309 ], [ -73.83628141837184, 40.769605784518447 ], [ -73.838225626542652, 40.767635043354332 ], [ -73.839281053835379, 40.766041678157812 ], [ -73.839725444274421, 40.766377123462341 ], [ -73.843947153445342, 40.765496579537952 ], [ -73.84528032476247, 40.765664302190217 ], [ -73.8477800209821, 40.766754499429943 ], [ -73.849002094689467, 40.76914454722472 ], [ -73.848613253055305, 40.770612120432041 ], [ -73.849946424372433, 40.772037762976296 ], [ -73.848946545884587, 40.773756920162015 ], [ -73.849224289908989, 40.774553602760271 ], [ -73.848946545884587, 40.777949986468641 ], [ -73.849779777957792, 40.778746669066905 ], [ -73.849502033933391, 40.780046519621962 ], [ -73.849890875567553, 40.781094786198615 ], [ -73.849279838713869, 40.782268844764474 ], [ -73.853168255055508, 40.78231077542754 ], [ -73.855390207250721, 40.782059191449143 ], [ -73.855445756055602, 40.783149388688869 ], [ -73.858056549884992, 40.783736417971795 ], [ -73.858001001080112, 40.78465889255925 ], [ -73.859111977177719, 40.785749089798976 ], [ -73.858112098689872, 40.787048940354033 ], [ -73.857001122592266, 40.786629633723372 ], [ -73.854779170397038, 40.788600374887487 ], [ -73.854445877567755, 40.790277601410139 ], [ -73.852668315811584, 40.791074284008396 ], [ -73.853723743104311, 40.79229027323732 ], [ -73.85355709668967, 40.794135222412237 ], [ -73.852779413421345, 40.794386806390634 ], [ -73.849335387518749, 40.793380470477047 ], [ -73.848724350665066, 40.795435072967294 ], [ -73.84622465444545, 40.796147894239418 ], [ -73.844502641494145, 40.794889974347434 ], [ -73.841891847664769, 40.795602795619558 ], [ -73.840614225152521, 40.796818784848483 ], [ -73.838392272957293, 40.796734923522351 ], [ -73.836614711201122, 40.792499926552651 ], [ -73.837503492079207, 40.791032353345329 ], [ -73.837114650445045, 40.789564780138008 ], [ -73.835559283908395, 40.789522849474942 ], [ -73.83378172215221, 40.788516513561355 ], [ -73.8321152580058, 40.788768097539752 ], [ -73.831726416371637, 40.790990422682263 ], [ -73.829115622542247, 40.791912897269725 ], [ -73.827782451225119, 40.793296609150914 ], [ -73.82800464644464, 40.7949319050105 ], [ -73.828671232103204, 40.796483339543954 ], [ -73.827060316761674, 40.796986507500748 ], [ -73.827004767956794, 40.797699328772872 ] ] ] } },
{ "type": "Feature", "properties": { "id": "187", "NTACode": "QN0702", "GEOCODE": 810702, "GEONAME": "Whitestone-Beechhurst", "nta_population": 28685.0, "pop_within_walk": 0.0, "pct_pop_walk": 0.0 }, "geometry": { "type": "Polygon", "coordinates": [ [ [ -73.79184237446745, 40.789313196159611 ], [ -73.790564751955188, 40.78813913759376 ], [ -73.794953107540749, 40.786294188418836 ], [ -73.797841645394541, 40.785832951125109 ], [ -73.802396647394744, 40.786000673777373 ], [ -73.803785367516753, 40.775601869336931 ], [ -73.81483957968797, 40.776482413261327 ], [ -73.814506286858688, 40.778872461056103 ], [ -73.823338546834677, 40.779585282328227 ], [ -73.82222757073707, 40.781681815481548 ], [ -73.825005010981101, 40.781681815481548 ], [ -73.823838486078614, 40.78675542571257 ], [ -73.822616412371232, 40.789103542844281 ], [ -73.822838607590754, 40.791493590639064 ], [ -73.824060681298135, 40.793045025172518 ], [ -73.827004767956794, 40.797699328772872 ], [ -73.825227206200623, 40.79728002214221 ], [ -73.822560863566352, 40.798957248664863 ], [ -73.821005497029702, 40.80046675253525 ], [ -73.819838972127215, 40.800802197839779 ], [ -73.815950555785577, 40.798496011371135 ], [ -73.812895371517158, 40.797196160816078 ], [ -73.811839944224417, 40.797447744794475 ], [ -73.804618599589958, 40.796147894239418 ], [ -73.803507623492351, 40.796483339543954 ], [ -73.800674634443439, 40.796357547554756 ], [ -73.798563779857986, 40.795896310261021 ], [ -73.796175181248117, 40.795015766336633 ], [ -73.794730912321228, 40.794889974347434 ], [ -73.794342070687065, 40.793548193129311 ], [ -73.794953107540749, 40.791912897269725 ], [ -73.793786582638262, 40.789103542844281 ], [ -73.79184237446745, 40.789313196159611 ] ] ] } },
{ "type": "Feature", "properties": { "id": "188", "NTACode": "QN0703", "GEOCODE": 810703, "GEONAME": "Bay Terrace-Clearview", "nta_population": 23405.0, "pop_within_walk": 0.0, "pct_pop_walk": 0.0 }, "geometry": { "type": "Polygon", "coordinates": [ [ [ -73.781732491979199, 40.791116214671462 ], [ -73.781232552735275, 40.789606710801081 ], [ -73.777955173247321, 40.78834879090909 ], [ -73.774122305710563, 40.786294188418836 ], [ -73.774066756905682, 40.785916812451241 ], [ -73.771622609490947, 40.782981666036598 ], [ -73.769067364466451, 40.780549687578755 ], [ -73.767623095539548, 40.778285431773178 ], [ -73.768622974027394, 40.779082114371434 ], [ -73.775511025832586, 40.777027511881187 ], [ -73.775844318661868, 40.778620877077707 ], [ -73.784621029832977, 40.776146967956791 ], [ -73.791620179247928, 40.774218157455742 ], [ -73.793675485028501, 40.77337954419442 ], [ -73.795675242004194, 40.773044098889883 ], [ -73.797230608540858, 40.773882712151213 ], [ -73.798508231053106, 40.77518256270627 ], [ -73.803785367516753, 40.775601869336931 ], [ -73.802396647394744, 40.786000673777373 ], [ -73.797841645394541, 40.785832951125109 ], [ -73.794953107540749, 40.786294188418836 ], [ -73.790564751955188, 40.78813913759376 ], [ -73.79184237446745, 40.789313196159611 ], [ -73.790287007930786, 40.790319532073205 ], [ -73.785676457125717, 40.790361462736271 ], [ -73.781732491979199, 40.791116214671462 ] ] ] } },
{ "type": "Feature", "properties": { "id": "189", "NTACode": "QN0704", "GEOCODE": 810704, "GEONAME": "Murray Hill-Broadway Flushing", "nta_population": 53856.0, "pop_within_walk": 0.0, "pct_pop_walk": 0.0 }, "geometry": { "type": "Polygon", "coordinates": [ [ [ -73.803785367516753, 40.775601869336931 ], [ -73.798508231053106, 40.77518256270627 ], [ -73.797230608540858, 40.773882712151213 ], [ -73.795675242004194, 40.773044098889883 ], [ -73.793175545784578, 40.77040246711671 ], [ -73.793953229052903, 40.764699896939689 ], [ -73.793008899369937, 40.764616035613557 ], [ -73.79345328980898, 40.760758414611459 ], [ -73.790786947174723, 40.76096806792679 ], [ -73.790342556735666, 40.757823268196816 ], [ -73.794953107540749, 40.75778133753375 ], [ -73.800285792809277, 40.759710148034799 ], [ -73.809506894419442, 40.761303513231319 ], [ -73.811062260956092, 40.761429305220517 ], [ -73.82061665539554, 40.758871534773476 ], [ -73.820783301810181, 40.758955396099608 ], [ -73.823505193249318, 40.764657966276623 ], [ -73.824671718151819, 40.77040246711671 ], [ -73.829560012981304, 40.770695981758173 ], [ -73.831615318761877, 40.77254093093309 ], [ -73.828893427322726, 40.775434146684667 ], [ -73.825671596639665, 40.780843202220218 ], [ -73.825005010981101, 40.781681815481548 ], [ -73.82222757073707, 40.781681815481548 ], [ -73.823338546834677, 40.779585282328227 ], [ -73.814506286858688, 40.778872461056103 ], [ -73.81483957968797, 40.776482413261327 ], [ -73.803785367516753, 40.775601869336931 ] ] ] } },
{ "type": "Feature", "properties": { "id": "190", "NTACode": "QN0705", "GEOCODE": 810705, "GEONAME": "East Flushing", "nta_population": 30054.0, "pop_within_walk": 0.0, "pct_pop_walk": 0.0 }, "geometry": { "type": "Polygon", "coordinates": [ [ [ -73.794953107540749, 40.75778133753375 ], [ -73.794564265906587, 40.753546340564057 ], [ -73.794730912321228, 40.750611194149414 ], [ -73.797286157345738, 40.749437135583555 ], [ -73.794730912321228, 40.747592186408639 ], [ -73.794564265906587, 40.74641812784278 ], [ -73.797341706150618, 40.746460058505846 ], [ -73.798286035833584, 40.746963226462647 ], [ -73.80334097707771, 40.74641812784278 ], [ -73.802729940224026, 40.748598522322233 ], [ -73.802896586638667, 40.749772580888084 ], [ -73.80750713744375, 40.75014995685568 ], [ -73.814172994029406, 40.746124613201317 ], [ -73.815728360566055, 40.746963226462647 ], [ -73.817839215151508, 40.747382533093308 ], [ -73.821061045834583, 40.748556591659167 ], [ -73.824282876517657, 40.751827183378339 ], [ -73.821894277907788, 40.753168964596455 ], [ -73.820838850615061, 40.752246490009 ], [ -73.818394703200326, 40.75383985520552 ], [ -73.820283362566258, 40.755517081728172 ], [ -73.817894763956389, 40.757068516261626 ], [ -73.82061665539554, 40.758871534773476 ], [ -73.811062260956092, 40.761429305220517 ], [ -73.809506894419442, 40.761303513231319 ], [ -73.800285792809277, 40.759710148034799 ], [ -73.794953107540749, 40.75778133753375 ] ] ] } },
{ "type": "Feature", "properties": { "id": "191", "NTACode": "QN0706", "GEOCODE": 810706, "GEONAME": "Queensboro Hill", "nta_population": 19882.0, "pop_within_walk": 0.0, "pct_pop_walk": 0.0 }, "geometry": { "type": "Polygon", "coordinates": [ [ [ -73.814172994029406, 40.746124613201317 ], [ -73.813673054785482, 40.745537583918392 ], [ -73.814284091639166, 40.742979813471344 ], [ -73.808229271907194, 40.742015408220823 ], [ -73.799452560736071, 40.742225061536153 ], [ -73.796952864516456, 40.741931546894691 ], [ -73.797286157345738, 40.740338181698171 ], [ -73.796397376467652, 40.738325509870982 ], [ -73.798230487028704, 40.73824164854485 ], [ -73.804674148394838, 40.738451301860181 ], [ -73.81322866434644, 40.738744816501651 ], [ -73.81495067729773, 40.738577093849379 ], [ -73.816783787858782, 40.738367440534049 ], [ -73.82483836456646, 40.739625360426039 ], [ -73.827004767956794, 40.738577093849379 ], [ -73.82794909763976, 40.738493232523247 ], [ -73.828115744054401, 40.737067589978999 ], [ -73.83055989146915, 40.737528827272726 ], [ -73.831337574737475, 40.739164123132312 ], [ -73.831170928322834, 40.742350853525352 ], [ -73.835837027932797, 40.74323139744974 ], [ -73.835670381518156, 40.744866693309326 ], [ -73.834614954225415, 40.746879365136515 ], [ -73.833059587688766, 40.747969562376234 ], [ -73.831282025932595, 40.748095354365432 ], [ -73.830893184298432, 40.748975898289828 ], [ -73.827671353615358, 40.749856442214217 ], [ -73.825838243054307, 40.749353274257423 ], [ -73.825782694249426, 40.750988570117009 ], [ -73.824282876517657, 40.751827183378339 ], [ -73.821061045834583, 40.748556591659167 ], [ -73.817839215151508, 40.747382533093308 ], [ -73.815728360566055, 40.746963226462647 ], [ -73.814172994029406, 40.746124613201317 ] ] ] } },
{ "type": "Feature", "properties": { "id": "192", "NTACode": "QN0707", "GEOCODE": 810707, "GEONAME": "Flushing-Willets Point", "nta_population": 59755.0, "pop_within_walk": 32745.627409298289, "pct_pop_walk": 54.799811579446555 }, "geometry": { "type": "Polygon", "coordinates": [ [ [ -73.82061665539554, 40.758871534773476 ], [ -73.817894763956389, 40.757068516261626 ], [ -73.820283362566258, 40.755517081728172 ], [ -73.818394703200326, 40.75383985520552 ], [ -73.820838850615061, 40.752246490009 ], [ -73.821894277907788, 40.753168964596455 ], [ -73.824282876517657, 40.751827183378339 ], [ -73.825782694249426, 40.750988570117009 ], [ -73.825838243054307, 40.749353274257423 ], [ -73.827671353615358, 40.749856442214217 ], [ -73.830893184298432, 40.748975898289828 ], [ -73.831282025932595, 40.748095354365432 ], [ -73.833059587688766, 40.747969562376234 ], [ -73.832281904420441, 40.751952975367537 ], [ -73.835614832713276, 40.751365946084604 ], [ -73.838225626542652, 40.755265497749775 ], [ -73.838614468176814, 40.75702658559856 ], [ -73.843225018981897, 40.755349359075908 ], [ -73.845946910421048, 40.760716483948393 ], [ -73.846724593689373, 40.761345443894385 ], [ -73.844113799859983, 40.763148462406235 ], [ -73.843002823762376, 40.764406382298226 ], [ -73.84050312754276, 40.765370787548754 ], [ -73.83944770025002, 40.765454648874886 ], [ -73.839114407420738, 40.765999747494746 ], [ -73.839281053835379, 40.766041678157812 ], [ -73.838225626542652, 40.767635043354332 ], [ -73.83628141837184, 40.769605784518447 ], [ -73.831615318761877, 40.77254093093309 ], [ -73.829560012981304, 40.770695981758173 ], [ -73.824671718151819, 40.77040246711671 ], [ -73.823505193249318, 40.764657966276623 ], [ -73.820783301810181, 40.758955396099608 ], [ -73.82061665539554, 40.758871534773476 ] ] ] } },
{ "type": "Feature", "properties": { "id": "193", "NTACode": "QN0761", "GEOCODE": 810761, "GEONAME": "Fort Totten", "nta_population": 0.0, "pop_within_walk": 0.0, "pct_pop_walk": 0.0 }, "geometry": { "type": "Polygon", "coordinates": [ [ [ -73.774122305710563, 40.786294188418836 ], [ -73.777955173247321, 40.78834879090909 ], [ -73.781232552735275, 40.789606710801081 ], [ -73.781732491979199, 40.791116214671462 ], [ -73.781065906320634, 40.791661313291328 ], [ -73.780677064686472, 40.793632054455443 ], [ -73.781788040784079, 40.794806113021302 ], [ -73.781565845564558, 40.795644726282625 ], [ -73.778288466076603, 40.796734923522351 ], [ -73.77617761149115, 40.796105963576352 ], [ -73.774011208100802, 40.794051361086105 ], [ -73.77362236646664, 40.792751510531048 ], [ -73.772344743954392, 40.79153552130213 ], [ -73.77212254873487, 40.790109878757875 ], [ -73.770622731003101, 40.788474582898289 ], [ -73.771733707100708, 40.787468246984695 ], [ -73.773789012881281, 40.786839287038703 ], [ -73.774122305710563, 40.786294188418836 ] ] ] } },
{ "type": "Feature", "properties": { "id": "194", "NTACode": "QN0791", "GEOCODE": 810791, "GEONAME": "Kissena Park", "nta_population": 0.0, "pop_within_walk": 0.0, "pct_pop_walk": 0.0 }, "geometry": { "type": "Polygon", "coordinates": [ [ [ -73.794564265906587, 40.74641812784278 ], [ -73.794508717101706, 40.744489317341731 ], [ -73.796952864516456, 40.741931546894691 ], [ -73.799452560736071, 40.742225061536153 ], [ -73.808229271907194, 40.742015408220823 ], [ -73.814284091639166, 40.742979813471344 ], [ -73.813673054785482, 40.745537583918392 ], [ -73.814172994029406, 40.746124613201317 ], [ -73.80750713744375, 40.75014995685568 ], [ -73.802896586638667, 40.749772580888084 ], [ -73.802729940224026, 40.748598522322233 ], [ -73.80334097707771, 40.74641812784278 ], [ -73.798286035833584, 40.746963226462647 ], [ -73.797341706150618, 40.746460058505846 ], [ -73.794564265906587, 40.74641812784278 ] ] ] } },
{ "type": "Feature", "properties": { "id": "195", "NTACode": "QN0801", "GEOCODE": 810801, "GEONAME": "Kew Gardens Hills", "nta_population": 35473.0, "pop_within_walk": 0.0, "pct_pop_walk": 0.0 }, "geometry": { "type": "Polygon", "coordinates": [ [ [ -73.81495067729773, 40.738577093849379 ], [ -73.814672933273329, 40.735935462076206 ], [ -73.815228421322132, 40.728807249354936 ], [ -73.814450738053807, 40.728094428082805 ], [ -73.81067341932193, 40.726207548244822 ], [ -73.810617870517049, 40.724404529732972 ], [ -73.809340248004801, 40.720966215361535 ], [ -73.807840430273032, 40.716018397119711 ], [ -73.816283848614859, 40.715892605130513 ], [ -73.817283727102705, 40.715766813141315 ], [ -73.820116716151617, 40.716521565076505 ], [ -73.819505679297933, 40.717360178337834 ], [ -73.825393852615264, 40.717402109000901 ], [ -73.825560499029905, 40.719708295469545 ], [ -73.827115865566554, 40.72432066840684 ], [ -73.828226841664161, 40.725410865646559 ], [ -73.829782208200825, 40.72591403360336 ], [ -73.830837635493552, 40.726710716201616 ], [ -73.833059587688766, 40.729939377257722 ], [ -73.83383727095709, 40.730568337203721 ], [ -73.825671596639665, 40.732287494389439 ], [ -73.82483836456646, 40.739625360426039 ], [ -73.816783787858782, 40.738367440534049 ], [ -73.81495067729773, 40.738577093849379 ] ] ] } },
{ "type": "Feature", "properties": { "id": "196", "NTACode": "QN0802", "GEOCODE": 810802, "GEONAME": "Pomonok-Electchester-Hillcrest", "nta_population": 35746.0, "pop_within_walk": 0.0, "pct_pop_walk": 0.0 }, "geometry": { "type": "Polygon", "coordinates": [ [ [ -73.804674148394838, 40.738451301860181 ], [ -73.802729940224026, 40.738073925892586 ], [ -73.802952135443547, 40.73484526483648 ], [ -73.803840916321633, 40.734887195499546 ], [ -73.804063111541154, 40.73165853444344 ], [ -73.798674877467747, 40.731448881128109 ], [ -73.798563779857986, 40.732874523672365 ], [ -73.794286521882185, 40.7327068010201 ], [ -73.793786582638262, 40.730694129192919 ], [ -73.791731276857689, 40.725788241614161 ], [ -73.790453654345427, 40.723565916471642 ], [ -73.790287007930786, 40.721385521992197 ], [ -73.790731398369829, 40.719288988838883 ], [ -73.794064326662664, 40.718701959555951 ], [ -73.798063840614063, 40.717402109000901 ], [ -73.801896708150821, 40.716563495739571 ], [ -73.804729697199718, 40.716186119771976 ], [ -73.807840430273032, 40.716018397119711 ], [ -73.809340248004801, 40.720966215361535 ], [ -73.810617870517049, 40.724404529732972 ], [ -73.81067341932193, 40.726207548244822 ], [ -73.814450738053807, 40.728094428082805 ], [ -73.815228421322132, 40.728807249354936 ], [ -73.814672933273329, 40.735935462076206 ], [ -73.81495067729773, 40.738577093849379 ], [ -73.81322866434644, 40.738744816501651 ], [ -73.804674148394838, 40.738451301860181 ] ] ] } },
{ "type": "Feature", "properties": { "id": "197", "NTACode": "QN0803", "GEOCODE": 810803, "GEONAME": "Fresh Meadows-Utopia", "nta_population": 20815.0, "pop_within_walk": 0.0, "pct_pop_walk": 0.0 }, "geometry": { "type": "Polygon", "coordinates": [ [ [ -73.777566331613158, 40.730190961236119 ], [ -73.781177003930395, 40.729226555985598 ], [ -73.791731276857689, 40.725788241614161 ], [ -73.793786582638262, 40.730694129192919 ], [ -73.794286521882185, 40.7327068010201 ], [ -73.798563779857986, 40.732874523672365 ], [ -73.798674877467747, 40.731448881128109 ], [ -73.804063111541154, 40.73165853444344 ], [ -73.803840916321633, 40.734887195499546 ], [ -73.802952135443547, 40.73484526483648 ], [ -73.802729940224026, 40.738073925892586 ], [ -73.804674148394838, 40.738451301860181 ], [ -73.798230487028704, 40.73824164854485 ], [ -73.796397376467652, 40.738325509870982 ], [ -73.795341949174912, 40.738535163186313 ], [ -73.78039932066207, 40.742644368166815 ], [ -73.775733221052107, 40.743357189438939 ], [ -73.77456669614962, 40.740799418991898 ], [ -73.772289195149511, 40.735096848814877 ], [ -73.770122791759178, 40.731784326432638 ], [ -73.774899988978902, 40.73090378250825 ], [ -73.777566331613158, 40.730190961236119 ] ] ] } },
{ "type": "Feature", "properties": { "id": "198", "NTACode": "QN0804", "GEOCODE": 810804, "GEONAME": "Jamaica Estates-Holliswood", "nta_population": 24527.0, "pop_within_walk": 9337.9908853369543, "pct_pop_walk": 38.072291292603886 }, "geometry": { "type": "Polygon", "coordinates": [ [ [ -73.756902176197613, 40.726291409570955 ], [ -73.755680102490246, 40.725327004320427 ], [ -73.754957968026801, 40.724152945754575 ], [ -73.759457421222123, 40.721050076687668 ], [ -73.764456813661369, 40.718869682208215 ], [ -73.767345351515146, 40.717276317011702 ], [ -73.773566817661759, 40.715137853195316 ], [ -73.777121941174116, 40.714257309270927 ], [ -73.78617639636964, 40.712076914791474 ], [ -73.7893982270527, 40.711993053465342 ], [ -73.793064448174817, 40.710693202910292 ], [ -73.79345328980898, 40.714425031923192 ], [ -73.792397862516253, 40.716186119771976 ], [ -73.79189792327233, 40.718156860936091 ], [ -73.790731398369829, 40.719288988838883 ], [ -73.790287007930786, 40.721385521992197 ], [ -73.790453654345427, 40.723565916471642 ], [ -73.791731276857689, 40.725788241614161 ], [ -73.781177003930395, 40.729226555985598 ], [ -73.777566331613158, 40.730190961236119 ], [ -73.775233281808184, 40.725243142994294 ], [ -73.777177489978996, 40.723607847134708 ], [ -73.775511025832586, 40.723733639123907 ], [ -73.772844683198315, 40.724865767026699 ], [ -73.769234010881092, 40.72591403360336 ], [ -73.76473455768577, 40.726501062886285 ], [ -73.760346202100209, 40.72591403360336 ], [ -73.756902176197613, 40.726291409570955 ] ] ] } },
{ "type": "Feature", "properties": { "id": "199", "NTACode": "QN0805", "GEOCODE": 810805, "GEONAME": "Jamaica Hills-Briarwood", "nta_population": 38325.0, "pop_within_walk": 5219.588916991217, "pct_pop_walk": 13.61927962685249 }, "geometry": { "type": "Polygon", "coordinates": [ [ [ -73.793064448174817, 40.710693202910292 ], [ -73.797786096589661, 40.709141768376838 ], [ -73.798674877467747, 40.710651272247219 ], [ -73.801285671297123, 40.709728797659764 ], [ -73.803007684248428, 40.708135432463244 ], [ -73.805507380468043, 40.710106173627359 ], [ -73.808062625492553, 40.709351421692169 ], [ -73.806951649394932, 40.707380680528047 ], [ -73.812006590639058, 40.705955037983799 ], [ -73.811506651395135, 40.702265139633958 ], [ -73.814006347614765, 40.702558654275428 ], [ -73.8164504950295, 40.702432862286223 ], [ -73.819116837663771, 40.707883848484848 ], [ -73.821338789858984, 40.710567410921087 ], [ -73.824171778907896, 40.713125181368135 ], [ -73.825560499029905, 40.715766813141315 ], [ -73.823338546834677, 40.716563495739571 ], [ -73.820116716151617, 40.716521565076505 ], [ -73.817283727102705, 40.715766813141315 ], [ -73.816283848614859, 40.715892605130513 ], [ -73.807840430273032, 40.716018397119711 ], [ -73.804729697199718, 40.716186119771976 ], [ -73.801896708150821, 40.716563495739571 ], [ -73.798063840614063, 40.717402109000901 ], [ -73.794064326662664, 40.718701959555951 ], [ -73.790731398369829, 40.719288988838883 ], [ -73.79189792327233, 40.718156860936091 ], [ -73.792397862516253, 40.716186119771976 ], [ -73.79345328980898, 40.714425031923192 ], [ -73.793064448174817, 40.710693202910292 ] ] ] } },
{ "type": "Feature", "properties": { "id": "200", "NTACode": "QN0871", "GEOCODE": 810871, "GEONAME": "Mount Hebron & Cedar Grove Cemeteries", "nta_population": 0.0, "pop_within_walk": 0.0, "pct_pop_walk": 0.0 }, "geometry": { "type": "Polygon", "coordinates": [ [ [ -73.82483836456646, 40.739625360426039 ], [ -73.825671596639665, 40.732287494389439 ], [ -73.83383727095709, 40.730568337203721 ], [ -73.834003917371732, 40.731574673117308 ], [ -73.836059223152319, 40.734258235553554 ], [ -73.835392637493754, 40.736899867326727 ], [ -73.835670381518156, 40.738493232523247 ], [ -73.836725808810883, 40.739709221752172 ], [ -73.837003552835284, 40.742099269546955 ], [ -73.835837027932797, 40.74323139744974 ], [ -73.831170928322834, 40.742350853525352 ], [ -73.831337574737475, 40.739164123132312 ], [ -73.83055989146915, 40.737528827272726 ], [ -73.828115744054401, 40.737067589978999 ], [ -73.82794909763976, 40.738493232523247 ], [ -73.827004767956794, 40.738577093849379 ], [ -73.82483836456646, 40.739625360426039 ] ] ] } },
{ "type": "Feature", "properties": { "id": "201", "NTACode": "QN0891", "GEOCODE": 810891, "GEONAME": "Cunningham Park", "nta_population": 0.0, "pop_within_walk": 0.0, "pct_pop_walk": 0.0 }, "geometry": { "type": "Polygon", "coordinates": [ [ [ -73.756791078587852, 40.726291409570955 ], [ -73.756902176197613, 40.726291409570955 ], [ -73.760346202100209, 40.72591403360336 ], [ -73.76473455768577, 40.726501062886285 ], [ -73.769234010881092, 40.72591403360336 ], [ -73.772844683198315, 40.724865767026699 ], [ -73.775511025832586, 40.723733639123907 ], [ -73.777177489978996, 40.723607847134708 ], [ -73.775233281808184, 40.725243142994294 ], [ -73.777566331613158, 40.730190961236119 ], [ -73.774899988978902, 40.73090378250825 ], [ -73.770122791759178, 40.731784326432638 ], [ -73.772289195149511, 40.735096848814877 ], [ -73.77456669614962, 40.740799418991898 ], [ -73.775733221052107, 40.743357189438939 ], [ -73.771622609490947, 40.744195802700268 ], [ -73.767789741954189, 40.745831098559854 ], [ -73.766956509880984, 40.744237733363335 ], [ -73.765567789758975, 40.743273328112807 ], [ -73.762512605490542, 40.736899867326727 ], [ -73.762734800710064, 40.735264571467141 ], [ -73.765123399319933, 40.734551750195017 ], [ -73.763679130393044, 40.732874523672365 ], [ -73.765567789758975, 40.732539078367836 ], [ -73.762290410271021, 40.729603931953193 ], [ -73.758457542734277, 40.727549329462946 ], [ -73.756791078587852, 40.726291409570955 ] ] ] } },
{ "type": "Feature", "properties": { "id": "202", "NTACode": "QN0901", "GEOCODE": 810901, "GEONAME": "Kew Gardens", "nta_population": 24425.0, "pop_within_walk": 8545.9353303771222, "pct_pop_walk": 34.98847627585311 }, "geometry": { "type": "Polygon", "coordinates": [ [ [ -73.8164504950295, 40.702432862286223 ], [ -73.822449765956591, 40.703648851515148 ], [ -73.831504221152116, 40.70138459570957 ], [ -73.8321152580058, 40.702810238253825 ], [ -73.833892819761971, 40.702349000960091 ], [ -73.834614954225415, 40.70394236615661 ], [ -73.836614711201122, 40.703439198199817 ], [ -73.836948004030404, 40.704193950135014 ], [ -73.838058980128011, 40.705955037983799 ], [ -73.837170199249925, 40.70796770981098 ], [ -73.838281175347532, 40.708428947104707 ], [ -73.843169470177017, 40.709225629702971 ], [ -73.836003674347438, 40.711699538823879 ], [ -73.831004281908193, 40.714299239933993 ], [ -73.825560499029905, 40.715766813141315 ], [ -73.824171778907896, 40.713125181368135 ], [ -73.821338789858984, 40.710567410921087 ], [ -73.819116837663771, 40.707883848484848 ], [ -73.8164504950295, 40.702432862286223 ] ] ] } },
{ "type": "Feature", "properties": { "id": "203", "NTACode": "QN0902", "GEOCODE": 810902, "GEONAME": "Richmond Hill", "nta_population": 34013.0, "pop_within_walk": 7723.1355924930758, "pct_pop_walk": 22.706422816255774 }, "geometry": { "type": "Polygon", "coordinates": [ [ [ -73.8164504950295, 40.702432862286223 ], [ -73.813728603590363, 40.69714959873987 ], [ -73.814395189248927, 40.697065737413737 ], [ -73.820838850615061, 40.695346580228019 ], [ -73.821061045834583, 40.69576588685868 ], [ -73.82794909763976, 40.69396286834683 ], [ -73.837503492079207, 40.691279305910591 ], [ -73.844947031933188, 40.68918277275727 ], [ -73.847724472177219, 40.694759550945093 ], [ -73.849113192299228, 40.698281726642662 ], [ -73.845002580738068, 40.699371923882389 ], [ -73.841558554835487, 40.701091081068107 ], [ -73.8395032490549, 40.702684446264627 ], [ -73.836948004030404, 40.704193950135014 ], [ -73.836614711201122, 40.703439198199817 ], [ -73.834614954225415, 40.70394236615661 ], [ -73.833892819761971, 40.702349000960091 ], [ -73.8321152580058, 40.702810238253825 ], [ -73.831504221152116, 40.70138459570957 ], [ -73.822449765956591, 40.703648851515148 ], [ -73.8164504950295, 40.702432862286223 ] ] ] } },
{ "type": "Feature", "properties": { "id": "204", "NTACode": "QN0903", "GEOCODE": 810903, "GEONAME": "South Richmond Hill", "nta_population": 23428.0, "pop_within_walk": 6202.7052149956262, "pct_pop_walk": 26.475607030030847 }, "geometry": { "type": "Polygon", "coordinates": [ [ [ -73.81072896812681, 40.691908265856583 ], [ -73.813561957175722, 40.691195444584459 ], [ -73.825005010981101, 40.687966783528353 ], [ -73.826004889468948, 40.689937524692468 ], [ -73.828504585688563, 40.689224703420336 ], [ -73.827504707200717, 40.687253962256221 ], [ -73.835948125542558, 40.684863914461445 ], [ -73.836948004030404, 40.68683465562556 ], [ -73.838114528932891, 40.68842802082208 ], [ -73.83633696717672, 40.688931188778874 ], [ -73.837503492079207, 40.691279305910591 ], [ -73.82794909763976, 40.69396286834683 ], [ -73.821061045834583, 40.69576588685868 ], [ -73.820838850615061, 40.695346580228019 ], [ -73.814395189248927, 40.697065737413737 ], [ -73.813728603590363, 40.69714959873987 ], [ -73.81072896812681, 40.691908265856583 ] ] ] } },
{ "type": "Feature", "properties": { "id": "205", "NTACode": "QN0904", "GEOCODE": 810904, "GEONAME": "Ozone Park (North)", "nta_population": 26317.0, "pop_within_walk": 0.0, "pct_pop_walk": 0.0 }, "geometry": { "type": "Polygon", "coordinates": [ [ [ -73.835948125542558, 40.684863914461445 ], [ -73.838058980128011, 40.684234954515446 ], [ -73.836948004030404, 40.681970698709868 ], [ -73.840114285908584, 40.681132085448546 ], [ -73.841169713201324, 40.683354410591058 ], [ -73.847891118591861, 40.681467530753075 ], [ -73.85200173015302, 40.682557727992794 ], [ -73.85100185166516, 40.680586986828679 ], [ -73.854001487128713, 40.679664512241224 ], [ -73.858223196299633, 40.679412928262821 ], [ -73.858778684348437, 40.680628917491745 ], [ -73.863333686348639, 40.679370997599754 ], [ -73.864111369616964, 40.68239000534053 ], [ -73.866000028982896, 40.681928768046802 ], [ -73.866277773007297, 40.683186687938793 ], [ -73.850557461226117, 40.687673268886883 ], [ -73.844947031933188, 40.68918277275727 ], [ -73.837503492079207, 40.691279305910591 ], [ -73.83633696717672, 40.688931188778874 ], [ -73.838114528932891, 40.68842802082208 ], [ -73.836948004030404, 40.68683465562556 ], [ -73.835948125542558, 40.684863914461445 ] ] ] } },
{ "type": "Feature", "properties": { "id": "206", "NTACode": "QN0905", "GEOCODE": 810905, "GEONAME": "Woodhaven", "nta_population": 41182.0, "pop_within_walk": 16451.632381083589, "pct_pop_walk": 39.948599827797551 }, "geometry": { "type": "Polygon", "coordinates": [ [ [ -73.849113192299228, 40.698281726642662 ], [ -73.847724472177219, 40.694759550945093 ], [ -73.844947031933188, 40.68918277275727 ], [ -73.850557461226117, 40.687673268886883 ], [ -73.866277773007297, 40.683186687938793 ], [ -73.86661106583658, 40.685283221092106 ], [ -73.868055334763483, 40.691195444584459 ], [ -73.868610822812286, 40.693879007020698 ], [ -73.868388627592765, 40.694717620282027 ], [ -73.856556732153209, 40.697065737413737 ], [ -73.852723864616465, 40.697568905370538 ], [ -73.852834962226225, 40.698407518631861 ], [ -73.854501426372636, 40.70054598244824 ], [ -73.850724107640758, 40.700210537143711 ], [ -73.849113192299228, 40.698281726642662 ] ] ] } },
{ "type": "Feature", "properties": { "id": "207", "NTACode": "QN1001", "GEOCODE": 811001, "GEONAME": "South Ozone Park", "nta_population": 80994.0, "pop_within_walk": 16651.148806608238, "pct_pop_walk": 20.558496686925253 }, "geometry": { "type": "Polygon", "coordinates": [ [ [ -73.805840673297325, 40.68289317329733 ], [ -73.80178561054106, 40.674381248694864 ], [ -73.801341220102003, 40.672787883498344 ], [ -73.801230122492242, 40.669852737083708 ], [ -73.801618964126405, 40.666749868016801 ], [ -73.802174452175223, 40.665240364146413 ], [ -73.806118417321727, 40.664904918841884 ], [ -73.808451467126716, 40.66444368154815 ], [ -73.811562200200015, 40.663185761656166 ], [ -73.814117445224525, 40.662808385688564 ], [ -73.822949705200514, 40.663856652265224 ], [ -73.823060802810275, 40.663563137623761 ], [ -73.826893670347033, 40.66368892961296 ], [ -73.832726294859484, 40.665408086798678 ], [ -73.833337331713167, 40.666791798679867 ], [ -73.837503492079207, 40.675387584608458 ], [ -73.83794788251825, 40.676813227152714 ], [ -73.840114285908584, 40.681132085448546 ], [ -73.836948004030404, 40.681970698709868 ], [ -73.838058980128011, 40.684234954515446 ], [ -73.835948125542558, 40.684863914461445 ], [ -73.827504707200717, 40.687253962256221 ], [ -73.828504585688563, 40.689224703420336 ], [ -73.826004889468948, 40.689937524692468 ], [ -73.825005010981101, 40.687966783528353 ], [ -73.813561957175722, 40.691195444584459 ], [ -73.81072896812681, 40.691908265856583 ], [ -73.807951527882793, 40.687086239603957 ], [ -73.805840673297325, 40.68289317329733 ] ] ] } },
{ "type": "Feature", "properties": { "id": "208", "NTACode": "QN1002", "GEOCODE": 811002, "GEONAME": "Ozone Park", "nta_population": 23316.0, "pop_within_walk": 3791.4630448404919, "pct_pop_walk": 16.261207088868126 }, "geometry": { "type": "Polygon", "coordinates": [ [ [ -73.840114285908584, 40.681132085448546 ], [ -73.83794788251825, 40.676813227152714 ], [ -73.837503492079207, 40.675387584608458 ], [ -73.833337331713167, 40.666791798679867 ], [ -73.834892698249831, 40.667211105310528 ], [ -73.837336845664566, 40.667378827962793 ], [ -73.838336724152413, 40.668007787908792 ], [ -73.842447335713572, 40.668762539843982 ], [ -73.843225018981897, 40.669349569126908 ], [ -73.857112220202026, 40.673584566096608 ], [ -73.858278745104514, 40.674129664716467 ], [ -73.861333929372933, 40.675010208640863 ], [ -73.862333807860793, 40.679161344284424 ], [ -73.863333686348639, 40.679370997599754 ], [ -73.858778684348437, 40.680628917491745 ], [ -73.858223196299633, 40.679412928262821 ], [ -73.854001487128713, 40.679664512241224 ], [ -73.85100185166516, 40.680586986828679 ], [ -73.85200173015302, 40.682557727992794 ], [ -73.847891118591861, 40.681467530753075 ], [ -73.841169713201324, 40.683354410591058 ], [ -73.840114285908584, 40.681132085448546 ] ] ] } },
{ "type": "Feature", "properties": { "id": "209", "NTACode": "QN1003", "GEOCODE": 811003, "GEONAME": "Howard Beach-Lindenwood", "nta_population": 31090.0, "pop_within_walk": 3240.5224242537652, "pct_pop_walk": 10.423037710690785 }, "geometry": { "type": "MultiPolygon", "coordinates": [ [ [ [ -73.860556246104608, 40.654631906390634 ], [ -73.86088953893389, 40.655093143684368 ], [ -73.86100063654365, 40.655218935673567 ], [ -73.860222953275326, 40.654841559705972 ], [ -73.860556246104608, 40.654631906390634 ] ] ], [ [ [ -73.833337331713167, 40.666791798679867 ], [ -73.832726294859484, 40.665408086798678 ], [ -73.828615683298324, 40.657189676837682 ], [ -73.82639373110311, 40.648342306930694 ], [ -73.828449036883683, 40.64913898952895 ], [ -73.831559769956996, 40.651151661356131 ], [ -73.830782086688671, 40.648971266876686 ], [ -73.831504221152116, 40.647881069636959 ], [ -73.834559405420535, 40.648006861626158 ], [ -73.835948125542558, 40.649348642844281 ], [ -73.838892212201216, 40.661382743144316 ], [ -73.840003188298823, 40.661885911101109 ], [ -73.838392272957293, 40.655805964956492 ], [ -73.836836906420643, 40.649264781518148 ], [ -73.846780142494254, 40.647797208310827 ], [ -73.848391057835784, 40.654506114401435 ], [ -73.853223803860388, 40.653793293129311 ], [ -73.854390328762875, 40.658615319381937 ], [ -73.859667465226522, 40.655177005010501 ], [ -73.860833990129009, 40.656183340924088 ], [ -73.859834111641163, 40.65731546882688 ], [ -73.859611916421642, 40.658447596729673 ], [ -73.861167282958291, 40.658824972697268 ], [ -73.860334050885086, 40.657231607500748 ], [ -73.861611673397334, 40.656980023522351 ], [ -73.862722649494955, 40.657608983468343 ], [ -73.863167039933998, 40.658279874077408 ], [ -73.860278502080206, 40.659621655295524 ], [ -73.857612159445949, 40.660124823252325 ], [ -73.858445391519155, 40.663437345634563 ], [ -73.855667951275123, 40.663856652265224 ], [ -73.857612159445949, 40.671655755595559 ], [ -73.860389599689967, 40.671236448964891 ], [ -73.861333929372933, 40.675010208640863 ], [ -73.858278745104514, 40.674129664716467 ], [ -73.857112220202026, 40.673584566096608 ], [ -73.843225018981897, 40.669349569126908 ], [ -73.842447335713572, 40.668762539843982 ], [ -73.838336724152413, 40.668007787908792 ], [ -73.837336845664566, 40.667378827962793 ], [ -73.834892698249831, 40.667211105310528 ], [ -73.833337331713167, 40.666791798679867 ] ] ] ] } },
{ "type": "Feature", "properties": { "id": "210", "NTACode": "QN1091", "GEOCODE": 811091, "GEONAME": "Spring Creek Park", "nta_population": 0.0, "pop_within_walk": 0.0, "pct_pop_walk": 0.0 }, "geometry": { "type": "MultiPolygon", "coordinates": [ [ [ [ -73.857223317811787, 40.650271117431743 ], [ -73.860556246104608, 40.654631906390634 ], [ -73.860222953275326, 40.654841559705972 ], [ -73.859000879567958, 40.652661165226519 ], [ -73.857334415421548, 40.651235522682263 ], [ -73.857223317811787, 40.650271117431743 ] ] ], [ [ [ -73.836836906420643, 40.649264781518148 ], [ -73.835948125542558, 40.645491021842183 ], [ -73.838614468176814, 40.645365229852985 ], [ -73.845780264006407, 40.644107309960994 ], [ -73.849502033933391, 40.64414924062406 ], [ -73.852057278957901, 40.646161912451241 ], [ -73.852390571787183, 40.647503693669364 ], [ -73.850557461226117, 40.650354978757875 ], [ -73.850779656445638, 40.651529037323733 ], [ -73.852501669396943, 40.650564632073205 ], [ -73.853890389518952, 40.650648493399338 ], [ -73.855890146494644, 40.65127745334533 ], [ -73.856890024982505, 40.652954679867982 ], [ -73.85772325705571, 40.652745026552651 ], [ -73.859667465226522, 40.655177005010501 ], [ -73.854390328762875, 40.658615319381937 ], [ -73.853223803860388, 40.653793293129311 ], [ -73.848391057835784, 40.654506114401435 ], [ -73.846780142494254, 40.647797208310827 ], [ -73.836836906420643, 40.649264781518148 ] ] ] ] } },
{ "type": "Feature", "properties": { "id": "211", "NTACode": "QN1101", "GEOCODE": 811101, "GEONAME": "Auburndale", "nta_population": 34698.0, "pop_within_walk": 0.0, "pct_pop_walk": 0.0 }, "geometry": { "type": "Polygon", "coordinates": [ [ [ -73.771622609490947, 40.744195802700268 ], [ -73.775733221052107, 40.743357189438939 ], [ -73.78039932066207, 40.742644368166815 ], [ -73.795341949174912, 40.738535163186313 ], [ -73.796397376467652, 40.738325509870982 ], [ -73.797286157345738, 40.740338181698171 ], [ -73.796952864516456, 40.741931546894691 ], [ -73.794508717101706, 40.744489317341731 ], [ -73.794564265906587, 40.74641812784278 ], [ -73.794730912321228, 40.747592186408639 ], [ -73.797286157345738, 40.749437135583555 ], [ -73.794730912321228, 40.750611194149414 ], [ -73.794564265906587, 40.753546340564057 ], [ -73.794953107540749, 40.75778133753375 ], [ -73.790342556735666, 40.757823268196816 ], [ -73.790786947174723, 40.76096806792679 ], [ -73.79345328980898, 40.760758414611459 ], [ -73.793008899369937, 40.764616035613557 ], [ -73.793953229052903, 40.764699896939689 ], [ -73.793175545784578, 40.77040246711671 ], [ -73.795675242004194, 40.773044098889883 ], [ -73.793675485028501, 40.77337954419442 ], [ -73.791620179247928, 40.774218157455742 ], [ -73.784621029832977, 40.776146967956791 ], [ -73.784398834613455, 40.773337613531353 ], [ -73.783065663296327, 40.770108952475248 ], [ -73.778399563686364, 40.761219651905186 ], [ -73.775622123442346, 40.752623865976595 ], [ -73.774177854515443, 40.749898372877283 ], [ -73.771733707100708, 40.74482476264626 ], [ -73.771622609490947, 40.744195802700268 ] ] ] } },
{ "type": "Feature", "properties": { "id": "212", "NTACode": "QN1102", "GEOCODE": 811102, "GEONAME": "Bayside", "nta_population": 35364.0, "pop_within_walk": 0.0, "pct_pop_walk": 0.0 }, "geometry": { "type": "Polygon", "coordinates": [ [ [ -73.767623095539548, 40.778285431773178 ], [ -73.767012058685864, 40.776692066576658 ], [ -73.765734436173616, 40.774595533423337 ], [ -73.764179069636967, 40.772834445574553 ], [ -73.758790835563559, 40.768180141974192 ], [ -73.758624189148918, 40.767341528712869 ], [ -73.755457907270724, 40.766377123462341 ], [ -73.753791443124314, 40.765286926222622 ], [ -73.755013516831681, 40.764825688928887 ], [ -73.759179677197722, 40.764322520972094 ], [ -73.757846505880593, 40.762561433123309 ], [ -73.758457542734277, 40.761974403840384 ], [ -73.758013152295234, 40.760381038643864 ], [ -73.756846627392733, 40.759752078697865 ], [ -73.756235590539049, 40.758410297479749 ], [ -73.75323595507551, 40.758242574827477 ], [ -73.75229162539253, 40.759458564056402 ], [ -73.750069673197316, 40.758410297479749 ], [ -73.748069916221624, 40.755894457695767 ], [ -73.747125586538658, 40.754175300510049 ], [ -73.747736623392342, 40.75383985520552 ], [ -73.746792293709376, 40.752036836693669 ], [ -73.74901424590459, 40.750988570117009 ], [ -73.75312485746575, 40.750275748844885 ], [ -73.757957603490354, 40.749017828952894 ], [ -73.761512727002696, 40.747508325082507 ], [ -73.767789741954189, 40.745831098559854 ], [ -73.771622609490947, 40.744195802700268 ], [ -73.771733707100708, 40.74482476264626 ], [ -73.774177854515443, 40.749898372877283 ], [ -73.775622123442346, 40.752623865976595 ], [ -73.778399563686364, 40.761219651905186 ], [ -73.783065663296327, 40.770108952475248 ], [ -73.784398834613455, 40.773337613531353 ], [ -73.784621029832977, 40.776146967956791 ], [ -73.775844318661868, 40.778620877077707 ], [ -73.775511025832586, 40.777027511881187 ], [ -73.768622974027394, 40.779082114371434 ], [ -73.767623095539548, 40.778285431773178 ] ] ] } },
{ "type": "Feature", "properties": { "id": "213", "NTACode": "QN1103", "GEOCODE": 811103, "GEONAME": "Douglaston-Little Neck", "nta_population": 25574.0, "pop_within_walk": 0.0, "pct_pop_walk": 0.0 }, "geometry": { "type": "Polygon", "coordinates": [ [ [ -73.713351913171309, 40.759710148034799 ], [ -73.71612935341534, 40.7595843560456 ], [ -73.719517830513055, 40.758410297479749 ], [ -73.721128745854585, 40.756942724272427 ], [ -73.722739661196115, 40.754343023162313 ], [ -73.723739539683962, 40.753420548574852 ], [ -73.726239235903591, 40.751869114041405 ], [ -73.727794602440241, 40.750233818181819 ], [ -73.728627834513446, 40.748053423702366 ], [ -73.729405517781771, 40.746669711821177 ], [ -73.732349604440444, 40.743650704080409 ], [ -73.733738324562452, 40.742854021482145 ], [ -73.73496039826982, 40.744698970657062 ], [ -73.735404788708863, 40.747172879777978 ], [ -73.737237899269928, 40.748263077017697 ], [ -73.739848693099304, 40.751282084758472 ], [ -73.740848571587151, 40.751952975367537 ], [ -73.741792901270131, 40.753462479237925 ], [ -73.741292962026193, 40.75459460714071 ], [ -73.739793144294424, 40.755391289738974 ], [ -73.73918210744074, 40.756733070957097 ], [ -73.741237413221313, 40.756691140294024 ], [ -73.742515035733575, 40.758578020132013 ], [ -73.744736987928789, 40.760758414611459 ], [ -73.745959061636157, 40.763987075667565 ], [ -73.749347538733872, 40.762938809090905 ], [ -73.750236319611957, 40.763735491689168 ], [ -73.746847842514256, 40.764532174287424 ], [ -73.749403087538752, 40.7675511820282 ], [ -73.753402601490151, 40.765328856885688 ], [ -73.754902419221921, 40.767173806060605 ], [ -73.754680224002399, 40.769689645844579 ], [ -73.755569004880485, 40.771534595019503 ], [ -73.754402479977998, 40.772037762976296 ], [ -73.753347052685271, 40.773211821542155 ], [ -73.754235833563357, 40.775266424032402 ], [ -73.755124614441442, 40.776398551935188 ], [ -73.753902540734074, 40.779794935643565 ], [ -73.753013759855989, 40.781304439513946 ], [ -73.751847234953487, 40.782352706090606 ], [ -73.750180770807077, 40.782394636753672 ], [ -73.746847842514256, 40.778872461056103 ], [ -73.744014853465345, 40.77857894641464 ], [ -73.737682289708971, 40.774805186738668 ], [ -73.721517587488748, 40.764825688928887 ], [ -73.720962099439944, 40.764741827602755 ], [ -73.713351913171309, 40.759710148034799 ] ] ] } },
{ "type": "Feature", "properties": { "id": "214", "NTACode": "QN1104", "GEOCODE": 811104, "GEONAME": "Oakland Gardens-Hollis Hills", "nta_population": 25549.0, "pop_within_walk": 0.0, "pct_pop_walk": 0.0 }, "geometry": { "type": "Polygon", "coordinates": [ [ [ -73.740293083538347, 40.738535163186313 ], [ -73.741570706050609, 40.736899867326727 ], [ -73.743848207050704, 40.734803334173414 ], [ -73.746736744904481, 40.732581009030902 ], [ -73.750680710051, 40.729184625322532 ], [ -73.753013759855989, 40.727758982778276 ], [ -73.756791078587852, 40.726291409570955 ], [ -73.758457542734277, 40.727549329462946 ], [ -73.762290410271021, 40.729603931953193 ], [ -73.765567789758975, 40.732539078367836 ], [ -73.763679130393044, 40.732874523672365 ], [ -73.765123399319933, 40.734551750195017 ], [ -73.762734800710064, 40.735264571467141 ], [ -73.762512605490542, 40.736899867326727 ], [ -73.765567789758975, 40.743273328112807 ], [ -73.766956509880984, 40.744237733363335 ], [ -73.767789741954189, 40.745831098559854 ], [ -73.761512727002696, 40.747508325082507 ], [ -73.757957603490354, 40.749017828952894 ], [ -73.75312485746575, 40.750275748844885 ], [ -73.74901424590459, 40.750988570117009 ], [ -73.746792293709376, 40.752036836693669 ], [ -73.745681317611755, 40.751575599399935 ], [ -73.743848207050704, 40.747424463756374 ], [ -73.746236805660558, 40.746711642484243 ], [ -73.744792536733669, 40.743273328112807 ], [ -73.745681317611755, 40.74302174413441 ], [ -73.748181013831385, 40.743357189438939 ], [ -73.753458150295032, 40.742392784188418 ], [ -73.751402844514445, 40.740212389708965 ], [ -73.749958575587556, 40.739751152415238 ], [ -73.743959304660464, 40.740799418991898 ], [ -73.743626011831182, 40.738996400480048 ], [ -73.743070523782379, 40.738451301860181 ], [ -73.740293083538347, 40.738535163186313 ] ] ] } },
{ "type": "Feature", "properties": { "id": "215", "NTACode": "QN1191", "GEOCODE": 811191, "GEONAME": "Alley Pond Park", "nta_population": 97.0, "pop_within_walk": 0.0, "pct_pop_walk": 0.0 }, "geometry": { "type": "Polygon", "coordinates": [ [ [ -73.733738324562452, 40.742854021482145 ], [ -73.738348875367535, 40.740338181698171 ], [ -73.740293083538347, 40.738535163186313 ], [ -73.743070523782379, 40.738451301860181 ], [ -73.743626011831182, 40.738996400480048 ], [ -73.743959304660464, 40.740799418991898 ], [ -73.749958575587556, 40.739751152415238 ], [ -73.751402844514445, 40.740212389708965 ], [ -73.753458150295032, 40.742392784188418 ], [ -73.748181013831385, 40.743357189438939 ], [ -73.745681317611755, 40.74302174413441 ], [ -73.744792536733669, 40.743273328112807 ], [ -73.746236805660558, 40.746711642484243 ], [ -73.743848207050704, 40.747424463756374 ], [ -73.745681317611755, 40.751575599399935 ], [ -73.746792293709376, 40.752036836693669 ], [ -73.747736623392342, 40.75383985520552 ], [ -73.747125586538658, 40.754175300510049 ], [ -73.748069916221624, 40.755894457695767 ], [ -73.750069673197316, 40.758410297479749 ], [ -73.75229162539253, 40.759458564056402 ], [ -73.75323595507551, 40.758242574827477 ], [ -73.756235590539049, 40.758410297479749 ], [ -73.756846627392733, 40.759752078697865 ], [ -73.758013152295234, 40.760381038643864 ], [ -73.758457542734277, 40.761974403840384 ], [ -73.757846505880593, 40.762561433123309 ], [ -73.759179677197722, 40.764322520972094 ], [ -73.755013516831681, 40.764825688928887 ], [ -73.753791443124314, 40.765286926222622 ], [ -73.753402601490151, 40.765328856885688 ], [ -73.749403087538752, 40.7675511820282 ], [ -73.746847842514256, 40.764532174287424 ], [ -73.750236319611957, 40.763735491689168 ], [ -73.749347538733872, 40.762938809090905 ], [ -73.745959061636157, 40.763987075667565 ], [ -73.744736987928789, 40.760758414611459 ], [ -73.742515035733575, 40.758578020132013 ], [ -73.741237413221313, 40.756691140294024 ], [ -73.73918210744074, 40.756733070957097 ], [ -73.739793144294424, 40.755391289738974 ], [ -73.741292962026193, 40.75459460714071 ], [ -73.741792901270131, 40.753462479237925 ], [ -73.740848571587151, 40.751952975367537 ], [ -73.739848693099304, 40.751282084758472 ], [ -73.737237899269928, 40.748263077017697 ], [ -73.735404788708863, 40.747172879777978 ], [ -73.73496039826982, 40.744698970657062 ], [ -73.733738324562452, 40.742854021482145 ] ] ] } },
{ "type": "Feature", "properties": { "id": "216", "NTACode": "QN1201", "GEOCODE": 811201, "GEONAME": "Jamaica", "nta_population": 57355.0, "pop_within_walk": 38822.645842226702, "pct_pop_walk": 67.688337271775268 }, "geometry": { "type": "Polygon", "coordinates": [ [ [ -73.768456327612753, 40.709644936333632 ], [ -73.774899988978902, 40.707087165886584 ], [ -73.775566574637466, 40.706080829972997 ], [ -73.772289195149511, 40.700587913111306 ], [ -73.773955659295922, 40.69979123051305 ], [ -73.775844318661868, 40.701636179687966 ], [ -73.78034377185719, 40.705409939363932 ], [ -73.782565724052404, 40.705409939363932 ], [ -73.789675971077102, 40.703019891569156 ], [ -73.791175788808886, 40.702307070297024 ], [ -73.793564387418741, 40.699749299849984 ], [ -73.797841645394541, 40.697988212001199 ], [ -73.801174573687362, 40.695346580228019 ], [ -73.806451710151009, 40.690859999279922 ], [ -73.808895857565759, 40.692579156465641 ], [ -73.81072896812681, 40.691908265856583 ], [ -73.813728603590363, 40.69714959873987 ], [ -73.8164504950295, 40.702432862286223 ], [ -73.814006347614765, 40.702558654275428 ], [ -73.811506651395135, 40.702265139633958 ], [ -73.812006590639058, 40.705955037983799 ], [ -73.806951649394932, 40.707380680528047 ], [ -73.808062625492553, 40.709351421692169 ], [ -73.805507380468043, 40.710106173627359 ], [ -73.803007684248428, 40.708135432463244 ], [ -73.801285671297123, 40.709728797659764 ], [ -73.798674877467747, 40.710651272247219 ], [ -73.797786096589661, 40.709141768376838 ], [ -73.793064448174817, 40.710693202910292 ], [ -73.7893982270527, 40.711993053465342 ], [ -73.78617639636964, 40.712076914791474 ], [ -73.777121941174116, 40.714257309270927 ], [ -73.775399928222825, 40.711657608160813 ], [ -73.774511147344739, 40.711951122802276 ], [ -73.773122427222717, 40.709938450975095 ], [ -73.771733707100708, 40.71031582694269 ], [ -73.768456327612753, 40.709644936333632 ] ] ] } },
{ "type": "Feature", "properties": { "id": "217", "NTACode": "QN1202", "GEOCODE": 811202, "GEONAME": "South Jamaica", "nta_population": 43086.0, "pop_within_walk": 0.0, "pct_pop_walk": 0.0 }, "geometry": { "type": "Polygon", "coordinates": [ [ [ -73.773955659295922, 40.69979123051305 ], [ -73.782787919271925, 40.695975540174018 ], [ -73.780899259905993, 40.693837076357632 ], [ -73.777899624442441, 40.689937524692468 ], [ -73.779788283808386, 40.689266634083403 ], [ -73.780788162296233, 40.691027721932194 ], [ -73.787009628442846, 40.688595743474345 ], [ -73.790398105540547, 40.687757130213022 ], [ -73.793897680248023, 40.686289557005701 ], [ -73.795619693199313, 40.688637674137411 ], [ -73.799952499979995, 40.68683465562556 ], [ -73.799008170297029, 40.684863914461445 ], [ -73.805840673297325, 40.68289317329733 ], [ -73.807951527882793, 40.687086239603957 ], [ -73.81072896812681, 40.691908265856583 ], [ -73.808895857565759, 40.692579156465641 ], [ -73.806451710151009, 40.690859999279922 ], [ -73.801174573687362, 40.695346580228019 ], [ -73.797841645394541, 40.697988212001199 ], [ -73.793564387418741, 40.699749299849984 ], [ -73.791175788808886, 40.702307070297024 ], [ -73.789675971077102, 40.703019891569156 ], [ -73.782565724052404, 40.705409939363932 ], [ -73.78034377185719, 40.705409939363932 ], [ -73.775844318661868, 40.701636179687966 ], [ -73.773955659295922, 40.69979123051305 ] ] ] } },
{ "type": "Feature", "properties": { "id": "218", "NTACode": "QN1203", "GEOCODE": 811203, "GEONAME": "Baisley Park", "nta_population": 43103.0, "pop_within_walk": 0.0, "pct_pop_walk": 0.0 }, "geometry": { "type": "Polygon", "coordinates": [ [ [ -73.777899624442441, 40.689937524692468 ], [ -73.776622001930193, 40.688344159495948 ], [ -73.772400292759272, 40.685283221092106 ], [ -73.769733950125016, 40.683773717221719 ], [ -73.770122791759178, 40.683102826612661 ], [ -73.772344743954392, 40.681509461416141 ], [ -73.777233038783876, 40.679664512241224 ], [ -73.780232674247429, 40.677861493729374 ], [ -73.78351005373537, 40.675513376597657 ], [ -73.784343285808575, 40.6747166939994 ], [ -73.785732005930598, 40.672368576867683 ], [ -73.788065055735572, 40.672997536813682 ], [ -73.7893982270527, 40.666833729342933 ], [ -73.793064448174817, 40.66708531332133 ], [ -73.797286157345738, 40.666959521332132 ], [ -73.799397011931191, 40.66654021470147 ], [ -73.801618964126405, 40.666749868016801 ], [ -73.801230122492242, 40.669852737083708 ], [ -73.801341220102003, 40.672787883498344 ], [ -73.80178561054106, 40.674381248694864 ], [ -73.805840673297325, 40.68289317329733 ], [ -73.799008170297029, 40.684863914461445 ], [ -73.799952499979995, 40.68683465562556 ], [ -73.795619693199313, 40.688637674137411 ], [ -73.793897680248023, 40.686289557005701 ], [ -73.790398105540547, 40.687757130213022 ], [ -73.787009628442846, 40.688595743474345 ], [ -73.780788162296233, 40.691027721932194 ], [ -73.779788283808386, 40.689266634083403 ], [ -73.777899624442441, 40.689937524692468 ] ] ] } },
{ "type": "Feature", "properties": { "id": "219", "NTACode": "QN1204", "GEOCODE": 811204, "GEONAME": "Springfield Gardens (North)-Rochdale Village", "nta_population": 33004.0, "pop_within_walk": 0.0, "pct_pop_walk": 0.0 }, "geometry": { "type": "Polygon", "coordinates": [ [ [ -73.760290653295328, 40.675094069966995 ], [ -73.758790835563559, 40.672997536813682 ], [ -73.75634668814881, 40.672410507530749 ], [ -73.75645778575857, 40.669685014431444 ], [ -73.757624310661058, 40.666456353375338 ], [ -73.771567060686067, 40.667965857245726 ], [ -73.773400171247118, 40.668007787908792 ], [ -73.786954079637965, 40.66708531332133 ], [ -73.7893982270527, 40.666833729342933 ], [ -73.788065055735572, 40.672997536813682 ], [ -73.785732005930598, 40.672368576867683 ], [ -73.784343285808575, 40.6747166939994 ], [ -73.78351005373537, 40.675513376597657 ], [ -73.780232674247429, 40.677861493729374 ], [ -73.777233038783876, 40.679664512241224 ], [ -73.772344743954392, 40.681509461416141 ], [ -73.770122791759178, 40.683102826612661 ], [ -73.769733950125016, 40.683773717221719 ], [ -73.767178705100505, 40.68239000534053 ], [ -73.761623824612457, 40.679748373567357 ], [ -73.763456935173522, 40.67631005919592 ], [ -73.763679130393044, 40.674758624662466 ], [ -73.762512605490542, 40.6742135260426 ], [ -73.760290653295328, 40.675094069966995 ] ] ] } },
{ "type": "Feature", "properties": { "id": "220", "NTACode": "QN1205", "GEOCODE": 811205, "GEONAME": "St. Albans", "nta_population": 55408.0, "pop_within_walk": 0.0, "pct_pop_walk": 0.0 }, "geometry": { "type": "Polygon", "coordinates": [ [ [ -73.750458514831479, 40.705619592679263 ], [ -73.747736623392342, 40.699539646534653 ], [ -73.746181256855678, 40.696101332163217 ], [ -73.743570463026302, 40.696227124152415 ], [ -73.74484808553855, 40.693124255085507 ], [ -73.74745887936794, 40.689308564746469 ], [ -73.750014124392436, 40.685912181038098 ], [ -73.75223607658765, 40.681509461416141 ], [ -73.75484687041704, 40.677945355055506 ], [ -73.755735651295126, 40.675890752565252 ], [ -73.756902176197613, 40.676519712511251 ], [ -73.760290653295328, 40.675094069966995 ], [ -73.762512605490542, 40.6742135260426 ], [ -73.763679130393044, 40.674758624662466 ], [ -73.763456935173522, 40.67631005919592 ], [ -73.761623824612457, 40.679748373567357 ], [ -73.767178705100505, 40.68239000534053 ], [ -73.769733950125016, 40.683773717221719 ], [ -73.772400292759272, 40.685283221092106 ], [ -73.776622001930193, 40.688344159495948 ], [ -73.777899624442441, 40.689937524692468 ], [ -73.780899259905993, 40.693837076357632 ], [ -73.782787919271925, 40.695975540174018 ], [ -73.773955659295922, 40.69979123051305 ], [ -73.772289195149511, 40.700587913111306 ], [ -73.775566574637466, 40.706080829972997 ], [ -73.774899988978902, 40.707087165886584 ], [ -73.768456327612753, 40.709644936333632 ], [ -73.767345351515146, 40.706625928592857 ], [ -73.762290410271021, 40.70796770981098 ], [ -73.761734922222217, 40.706625928592857 ], [ -73.76212376385638, 40.705493800690064 ], [ -73.760957238953893, 40.702894099579957 ], [ -73.750458514831479, 40.705619592679263 ] ] ] } },
{ "type": "Feature", "properties": { "id": "221", "NTACode": "QN1206", "GEOCODE": 811206, "GEONAME": "Hollis", "nta_population": 22737.0, "pop_within_walk": 220.0470588235294, "pct_pop_walk": 0.96779284348651717 }, "geometry": { "type": "Polygon", "coordinates": [ [ [ -73.750458514831479, 40.705619592679263 ], [ -73.760957238953893, 40.702894099579957 ], [ -73.76212376385638, 40.705493800690064 ], [ -73.761734922222217, 40.706625928592857 ], [ -73.762290410271021, 40.70796770981098 ], [ -73.767345351515146, 40.706625928592857 ], [ -73.768456327612753, 40.709644936333632 ], [ -73.771733707100708, 40.71031582694269 ], [ -73.773122427222717, 40.709938450975095 ], [ -73.774511147344739, 40.711951122802276 ], [ -73.775399928222825, 40.711657608160813 ], [ -73.777121941174116, 40.714257309270927 ], [ -73.773566817661759, 40.715137853195316 ], [ -73.767345351515146, 40.717276317011702 ], [ -73.764456813661369, 40.718869682208215 ], [ -73.759457421222123, 40.721050076687668 ], [ -73.753735894319433, 40.713334834683465 ], [ -73.750458514831479, 40.705619592679263 ] ] ] } },
{ "type": "Feature", "properties": { "id": "222", "NTACode": "QN1301", "GEOCODE": 811301, "GEONAME": "Glen Oaks-Floral Park-New Hyde Park", "nta_population": 22858.0, "pop_within_walk": 0.0, "pct_pop_walk": 0.0 }, "geometry": { "type": "Polygon", "coordinates": [ [ [ -73.713351913171309, 40.759710148034799 ], [ -73.70785258148814, 40.756229903000296 ], [ -73.701631115341527, 40.752498073987397 ], [ -73.700908980878083, 40.747047087788779 ], [ -73.700575688048801, 40.743189466786674 ], [ -73.7000202, 40.739247984458444 ], [ -73.700797883268322, 40.738451301860181 ], [ -73.707685935073499, 40.727842844104408 ], [ -73.710518924122411, 40.727213884158417 ], [ -73.710741119341932, 40.730526406540655 ], [ -73.711463253805377, 40.73249714770477 ], [ -73.714796182098212, 40.737906203240321 ], [ -73.715796060586058, 40.739876944404436 ], [ -73.718962342464238, 40.747005157125713 ], [ -73.720073318561859, 40.749772580888084 ], [ -73.722573014781474, 40.74885010630063 ], [ -73.72340624685468, 40.750401540834083 ], [ -73.726294784708472, 40.749311343594357 ], [ -73.72768350483048, 40.749646788898886 ], [ -73.728627834513446, 40.748053423702366 ], [ -73.727794602440241, 40.750233818181819 ], [ -73.726239235903591, 40.751869114041405 ], [ -73.723739539683962, 40.753420548574852 ], [ -73.722739661196115, 40.754343023162313 ], [ -73.721128745854585, 40.756942724272427 ], [ -73.719517830513055, 40.758410297479749 ], [ -73.71612935341534, 40.7595843560456 ], [ -73.713351913171309, 40.759710148034799 ] ] ] } },
{ "type": "Feature", "properties": { "id": "223", "NTACode": "QN1302", "GEOCODE": 811302, "GEONAME": "Bellerose", "nta_population": 27333.0, "pop_within_walk": 0.0, "pct_pop_walk": 0.0 }, "geometry": { "type": "Polygon", "coordinates": [ [ [ -73.710518924122411, 40.727213884158417 ], [ -73.716907036683665, 40.726375270897087 ], [ -73.725683747854788, 40.724027153765377 ], [ -73.728183444074403, 40.723104679177915 ], [ -73.729905457025694, 40.723272401830179 ], [ -73.731460823562358, 40.727423537473747 ], [ -73.745570220001994, 40.730652198529853 ], [ -73.746292354465439, 40.731197297149713 ], [ -73.746736744904481, 40.732581009030902 ], [ -73.743848207050704, 40.734803334173414 ], [ -73.741570706050609, 40.736899867326727 ], [ -73.740293083538347, 40.738535163186313 ], [ -73.738348875367535, 40.740338181698171 ], [ -73.733738324562452, 40.742854021482145 ], [ -73.732349604440444, 40.743650704080409 ], [ -73.729405517781771, 40.746669711821177 ], [ -73.728627834513446, 40.748053423702366 ], [ -73.72768350483048, 40.749646788898886 ], [ -73.726294784708472, 40.749311343594357 ], [ -73.72340624685468, 40.750401540834083 ], [ -73.722573014781474, 40.74885010630063 ], [ -73.720073318561859, 40.749772580888084 ], [ -73.718962342464238, 40.747005157125713 ], [ -73.715796060586058, 40.739876944404436 ], [ -73.714796182098212, 40.737906203240321 ], [ -73.711463253805377, 40.73249714770477 ], [ -73.710741119341932, 40.730526406540655 ], [ -73.710518924122411, 40.727213884158417 ] ] ] } },
{ "type": "Feature", "properties": { "id": "224", "NTACode": "QN1303", "GEOCODE": 811303, "GEONAME": "Queens Village", "nta_population": 56154.0, "pop_within_walk": 0.0, "pct_pop_walk": 0.0 }, "geometry": { "type": "Polygon", "coordinates": [ [ [ -73.728183444074403, 40.723104679177915 ], [ -73.730349847464751, 40.722140273927387 ], [ -73.72918332256225, 40.719163196849685 ], [ -73.726961370367036, 40.710735133573358 ], [ -73.727072467976797, 40.709519144344434 ], [ -73.726794723952395, 40.703061822232222 ], [ -73.734238263806375, 40.703229544884486 ], [ -73.734293812611256, 40.702474792949289 ], [ -73.74079302278227, 40.702684446264627 ], [ -73.741515157245729, 40.703439198199817 ], [ -73.745903512831276, 40.702307070297024 ], [ -73.745014731953191, 40.700252467806777 ], [ -73.747736623392342, 40.699539646534653 ], [ -73.750458514831479, 40.705619592679263 ], [ -73.753735894319433, 40.713334834683465 ], [ -73.759457421222123, 40.721050076687668 ], [ -73.754957968026801, 40.724152945754575 ], [ -73.755680102490246, 40.725327004320427 ], [ -73.756902176197613, 40.726291409570955 ], [ -73.756791078587852, 40.726291409570955 ], [ -73.753013759855989, 40.727758982778276 ], [ -73.750680710051, 40.729184625322532 ], [ -73.746736744904481, 40.732581009030902 ], [ -73.746292354465439, 40.731197297149713 ], [ -73.745570220001994, 40.730652198529853 ], [ -73.731460823562358, 40.727423537473747 ], [ -73.729905457025694, 40.723272401830179 ], [ -73.728183444074403, 40.723104679177915 ] ] ] } },
{ "type": "Feature", "properties": { "id": "225", "NTACode": "QN1304", "GEOCODE": 811304, "GEONAME": "Cambria Heights", "nta_population": 19976.0, "pop_within_walk": 0.0, "pct_pop_walk": 0.0 }, "geometry": { "type": "Polygon", "coordinates": [ [ [ -73.726794723952395, 40.703061822232222 ], [ -73.726183687098711, 40.688469951485146 ], [ -73.725850394269429, 40.683228618601859 ], [ -73.727183565586557, 40.683605994569454 ], [ -73.733960519781974, 40.685618666396635 ], [ -73.73746009448945, 40.686708863636362 ], [ -73.737626740904091, 40.686373418331833 ], [ -73.74745887936794, 40.689308564746469 ], [ -73.74484808553855, 40.693124255085507 ], [ -73.743570463026302, 40.696227124152415 ], [ -73.746181256855678, 40.696101332163217 ], [ -73.747736623392342, 40.699539646534653 ], [ -73.745014731953191, 40.700252467806777 ], [ -73.745903512831276, 40.702307070297024 ], [ -73.741515157245729, 40.703439198199817 ], [ -73.74079302278227, 40.702684446264627 ], [ -73.734293812611256, 40.702474792949289 ], [ -73.734238263806375, 40.703229544884486 ], [ -73.726794723952395, 40.703061822232222 ] ] ] } },
{ "type": "Feature", "properties": { "id": "226", "NTACode": "QN1305", "GEOCODE": 811305, "GEONAME": "Laurelton", "nta_population": 27310.0, "pop_within_walk": 0.0, "pct_pop_walk": 0.0 }, "geometry": { "type": "Polygon", "coordinates": [ [ [ -73.733960519781974, 40.685618666396635 ], [ -73.727183565586557, 40.683605994569454 ], [ -73.728127895269523, 40.681761045394538 ], [ -73.731071981928196, 40.678322731023101 ], [ -73.733016190099008, 40.676477781848185 ], [ -73.735127044684461, 40.673920011401137 ], [ -73.735515886318623, 40.672536299519948 ], [ -73.736793508830885, 40.670775211671163 ], [ -73.738015582538253, 40.669768875757576 ], [ -73.741181864416433, 40.666414422712272 ], [ -73.756013395319528, 40.666372492049206 ], [ -73.757624310661058, 40.666456353375338 ], [ -73.75645778575857, 40.669685014431444 ], [ -73.75634668814881, 40.672410507530749 ], [ -73.758790835563559, 40.672997536813682 ], [ -73.760290653295328, 40.675094069966995 ], [ -73.756902176197613, 40.676519712511251 ], [ -73.755735651295126, 40.675890752565252 ], [ -73.75484687041704, 40.677945355055506 ], [ -73.75223607658765, 40.681509461416141 ], [ -73.750014124392436, 40.685912181038098 ], [ -73.748014367416744, 40.685409013081305 ], [ -73.740959669196911, 40.683270549264925 ], [ -73.739626497879783, 40.683605994569454 ], [ -73.735793630343039, 40.682431936003596 ], [ -73.733960519781974, 40.685618666396635 ] ] ] } },
{ "type": "Feature", "properties": { "id": "227", "NTACode": "QN1306", "GEOCODE": 811306, "GEONAME": "Springfield Gardens (South)-Brookville", "nta_population": 24507.0, "pop_within_walk": 0.0, "pct_pop_walk": 0.0 }, "geometry": { "type": "Polygon", "coordinates": [ [ [ -73.757624310661058, 40.666456353375338 ], [ -73.756013395319528, 40.666372492049206 ], [ -73.741181864416433, 40.666414422712272 ], [ -73.738515521782176, 40.666414422712272 ], [ -73.740015339513945, 40.66473719618962 ], [ -73.742459486928695, 40.660879575187515 ], [ -73.74495918314831, 40.65815408208821 ], [ -73.74484808553855, 40.656141410261021 ], [ -73.7432927190019, 40.656141410261021 ], [ -73.74334826780678, 40.65253537323732 ], [ -73.74657009848984, 40.652577303900387 ], [ -73.746181256855678, 40.650983938703867 ], [ -73.74645900088008, 40.648048792289224 ], [ -73.746181256855678, 40.644862061896184 ], [ -73.747125586538658, 40.64435889393939 ], [ -73.748569855465547, 40.645532952505249 ], [ -73.751569490929086, 40.647252109690967 ], [ -73.764067972027206, 40.654338391749171 ], [ -73.773844561686161, 40.65966358595859 ], [ -73.776899745954594, 40.660669921872184 ], [ -73.77934389336933, 40.661843980438043 ], [ -73.783398956125609, 40.663101900330034 ], [ -73.787509567686769, 40.663814721602158 ], [ -73.795841888418835, 40.66494684950495 ], [ -73.799841402370234, 40.665240364146413 ], [ -73.802174452175223, 40.665240364146413 ], [ -73.801618964126405, 40.666749868016801 ], [ -73.799397011931191, 40.66654021470147 ], [ -73.797286157345738, 40.666959521332132 ], [ -73.793064448174817, 40.66708531332133 ], [ -73.7893982270527, 40.666833729342933 ], [ -73.786954079637965, 40.66708531332133 ], [ -73.773400171247118, 40.668007787908792 ], [ -73.771567060686067, 40.667965857245726 ], [ -73.757624310661058, 40.666456353375338 ] ] ] } },
{ "type": "Feature", "properties": { "id": "228", "NTACode": "QN1307", "GEOCODE": 811307, "GEONAME": "Rosedale", "nta_population": 27053.0, "pop_within_walk": 0.0, "pct_pop_walk": 0.0 }, "geometry": { "type": "Polygon", "coordinates": [ [ [ -73.725850394269429, 40.683228618601859 ], [ -73.725628199049908, 40.679580650915092 ], [ -73.726239235903591, 40.677232533783375 ], [ -73.72757240722072, 40.674171595379534 ], [ -73.728294541684164, 40.666414422712272 ], [ -73.727850151245121, 40.665072641494149 ], [ -73.727905700050002, 40.661760119111911 ], [ -73.726461431123113, 40.659160418001797 ], [ -73.725572650245027, 40.656728439543954 ], [ -73.724961613391343, 40.654254530423039 ], [ -73.725239357415745, 40.651990274617461 ], [ -73.730294298659857, 40.650354978757875 ], [ -73.735127044684461, 40.649726018811876 ], [ -73.73907100983098, 40.648216514941495 ], [ -73.741459608440849, 40.646874733723372 ], [ -73.74168180366037, 40.642178499459945 ], [ -73.742292840514054, 40.640123896969698 ], [ -73.741237413221313, 40.638907907740773 ], [ -73.739459851465142, 40.635721177347733 ], [ -73.74073747397739, 40.635092217401741 ], [ -73.742570584538456, 40.635259940054006 ], [ -73.740959669196911, 40.637314542544253 ], [ -73.742737230953097, 40.638278947794774 ], [ -73.744237048684866, 40.638027363816377 ], [ -73.746236805660558, 40.636433998619857 ], [ -73.747014488928897, 40.637146819891989 ], [ -73.746958940124017, 40.637524195859584 ], [ -73.746958940124017, 40.63756612652265 ], [ -73.746347903270319, 40.639327214371434 ], [ -73.746292354465439, 40.641381816861681 ], [ -73.747236684148419, 40.643142904710466 ], [ -73.749291989928992, 40.644945923222323 ], [ -73.752069430173009, 40.646665080408042 ], [ -73.751569490929086, 40.647252109690967 ], [ -73.748569855465547, 40.645532952505249 ], [ -73.747125586538658, 40.64435889393939 ], [ -73.746181256855678, 40.644862061896184 ], [ -73.74645900088008, 40.648048792289224 ], [ -73.746181256855678, 40.650983938703867 ], [ -73.74657009848984, 40.652577303900387 ], [ -73.74334826780678, 40.65253537323732 ], [ -73.7432927190019, 40.656141410261021 ], [ -73.74484808553855, 40.656141410261021 ], [ -73.74495918314831, 40.65815408208821 ], [ -73.742459486928695, 40.660879575187515 ], [ -73.740015339513945, 40.66473719618962 ], [ -73.738515521782176, 40.666414422712272 ], [ -73.741181864416433, 40.666414422712272 ], [ -73.738015582538253, 40.669768875757576 ], [ -73.736793508830885, 40.670775211671163 ], [ -73.735515886318623, 40.672536299519948 ], [ -73.735127044684461, 40.673920011401137 ], [ -73.733016190099008, 40.676477781848185 ], [ -73.731071981928196, 40.678322731023101 ], [ -73.728127895269523, 40.681761045394538 ], [ -73.727183565586557, 40.683605994569454 ], [ -73.725850394269429, 40.683228618601859 ] ] ] } },
{ "type": "Feature", "properties": { "id": "229", "NTACode": "QN1371", "GEOCODE": 811371, "GEONAME": "Montefiore Cemetery", "nta_population": 0.0, "pop_within_walk": 0.0, "pct_pop_walk": 0.0 }, "geometry": { "type": "Polygon", "coordinates": [ [ [ -73.733960519781974, 40.685618666396635 ], [ -73.735793630343039, 40.682431936003596 ], [ -73.739626497879783, 40.683605994569454 ], [ -73.740959669196911, 40.683270549264925 ], [ -73.748014367416744, 40.685409013081305 ], [ -73.750014124392436, 40.685912181038098 ], [ -73.74745887936794, 40.689308564746469 ], [ -73.737626740904091, 40.686373418331833 ], [ -73.73746009448945, 40.686708863636362 ], [ -73.733960519781974, 40.685618666396635 ] ] ] } },
{ "type": "Feature", "properties": { "id": "230", "NTACode": "QN1401", "GEOCODE": 811401, "GEONAME": "Far Rockaway-Bayswater", "nta_population": 62772.0, "pop_within_walk": 13735.271543794895, "pct_pop_walk": 21.881207455226686 }, "geometry": { "type": "Polygon", "coordinates": [ [ [ -73.769622852515255, 40.590771506540655 ], [ -73.770233889368939, 40.593958236933688 ], [ -73.772678036783674, 40.593119623672365 ], [ -73.77367791527152, 40.593874375607555 ], [ -73.773900110491041, 40.595761255445545 ], [ -73.770678279807981, 40.596012839423942 ], [ -73.771122670247024, 40.598319025892586 ], [ -73.770956023832383, 40.601170310981097 ], [ -73.770178340564058, 40.602763676177617 ], [ -73.77051163339334, 40.604902139993996 ], [ -73.769845047734776, 40.606201990549053 ], [ -73.769789498929896, 40.607879217071705 ], [ -73.769122913271332, 40.609598374257423 ], [ -73.771233767856785, 40.61039505685568 ], [ -73.77212254873487, 40.61144332343234 ], [ -73.773789012881281, 40.611275600780075 ], [ -73.773455720051999, 40.613623717911786 ], [ -73.771844804710469, 40.613959163216322 ], [ -73.769178462076212, 40.614001093879388 ], [ -73.766956509880984, 40.614294608520851 ], [ -73.765178948124813, 40.613749509900991 ], [ -73.765067850515052, 40.612072283378339 ], [ -73.762290410271021, 40.611359462106208 ], [ -73.761734922222217, 40.611862630063001 ], [ -73.759457421222123, 40.610353126192614 ], [ -73.75645778575857, 40.610185403540349 ], [ -73.753458150295032, 40.610520848844885 ], [ -73.750069673197316, 40.611652976747671 ], [ -73.747236684148419, 40.612198075367537 ], [ -73.745736866416635, 40.6119884220522 ], [ -73.743126072587259, 40.607711494419441 ], [ -73.743403816611661, 40.607459910441044 ], [ -73.740293083538347, 40.604608625352533 ], [ -73.73918210744074, 40.604021596069607 ], [ -73.738237777757774, 40.602554022862286 ], [ -73.738348875367535, 40.597606204620462 ], [ -73.738848814611458, 40.596767591359132 ], [ -73.738015582538253, 40.59454526621662 ], [ -73.739959790709065, 40.594503335553554 ], [ -73.742903877367738, 40.594838780858083 ], [ -73.746681196099601, 40.594293682238224 ], [ -73.749125343514351, 40.593203484998497 ], [ -73.751680588538846, 40.591316605160515 ], [ -73.755902297709767, 40.590855367866787 ], [ -73.757902054685474, 40.591358535823581 ], [ -73.761346080588055, 40.591735911791176 ], [ -73.762734800710064, 40.591610119801977 ], [ -73.768123034783471, 40.590729575877589 ], [ -73.769622852515255, 40.590771506540655 ] ] ] } },
{ "type": "Feature", "properties": { "id": "231", "NTACode": "QN1402", "GEOCODE": 811402, "GEONAME": "Rockaway Beach-Arverne-Edgemere", "nta_population": 42459.0, "pop_within_walk": 11069.636999106262, "pct_pop_walk": 26.071355894171464 }, "geometry": { "type": "Polygon", "coordinates": [ [ [ -73.789176031833179, 40.596096700750074 ], [ -73.788231702150213, 40.596096700750074 ], [ -73.788398348564854, 40.59752234329433 ], [ -73.782065784808481, 40.597857788598859 ], [ -73.78195468719872, 40.596474076717669 ], [ -73.779954930223028, 40.596557938043802 ], [ -73.779732735003492, 40.597270759315933 ], [ -73.777399685198517, 40.598822193849379 ], [ -73.776288709100911, 40.601086449654964 ], [ -73.774733342564261, 40.600960657665766 ], [ -73.774788891369141, 40.600834865676568 ], [ -73.774233403320324, 40.598989916501651 ], [ -73.773011329612956, 40.597899719261925 ], [ -73.771122670247024, 40.598319025892586 ], [ -73.770678279807981, 40.596012839423942 ], [ -73.773900110491041, 40.595761255445545 ], [ -73.77367791527152, 40.593874375607555 ], [ -73.772678036783674, 40.593119623672365 ], [ -73.770233889368939, 40.593958236933688 ], [ -73.769622852515255, 40.590771506540655 ], [ -73.770844926222622, 40.590561853225317 ], [ -73.777344136393637, 40.59010061593159 ], [ -73.780565967076711, 40.58955551731173 ], [ -73.784509932223216, 40.588465320072004 ], [ -73.796675120492054, 40.58636878691869 ], [ -73.800619085638559, 40.585488242994295 ], [ -73.803729818711872, 40.585027005700567 ], [ -73.808062625492553, 40.583978739123907 ], [ -73.813506408370841, 40.583475571167114 ], [ -73.821338789858984, 40.581253246024602 ], [ -73.824060681298135, 40.585614034983493 ], [ -73.825227206200623, 40.58691388553855 ], [ -73.823282998029796, 40.587458984158417 ], [ -73.821449887468745, 40.586788093549352 ], [ -73.818839093639369, 40.588255666756673 ], [ -73.810840065736571, 40.592071357095705 ], [ -73.809895736053605, 40.592281010411035 ], [ -73.809006955175519, 40.593329276987696 ], [ -73.804340855565556, 40.591316605160515 ], [ -73.804174209150915, 40.591861703780374 ], [ -73.808062625492553, 40.593664722292225 ], [ -73.807118295809573, 40.595258087488745 ], [ -73.806007319711966, 40.595551602130207 ], [ -73.804618599589958, 40.594922642184216 ], [ -73.803952013931394, 40.593119623672365 ], [ -73.802452196199624, 40.592658386378638 ], [ -73.803118781858188, 40.59454526621662 ], [ -73.805118538833881, 40.597144967326727 ], [ -73.802896586638667, 40.598864124512446 ], [ -73.801230122492242, 40.599115708490849 ], [ -73.794342070687065, 40.599451153795378 ], [ -73.791564630443048, 40.600373628382833 ], [ -73.787842860516051, 40.603099121482146 ], [ -73.786509689198923, 40.60326684413441 ], [ -73.78767621410141, 40.601338033633361 ], [ -73.790342556735666, 40.599199569816982 ], [ -73.791231337613766, 40.596641799369934 ], [ -73.790842495979604, 40.595006503510348 ], [ -73.789731519881983, 40.594838780858083 ], [ -73.789176031833179, 40.596096700750074 ] ] ] } },
{ "type": "Feature", "properties": { "id": "232", "NTACode": "QN1403", "GEOCODE": 811403, "GEONAME": "Breezy Point-Belle Harbor-Rockaway Park-Broad Channel", "nta_population": 25331.0, "pop_within_walk": 3531.9273309018481, "pct_pop_walk": 13.943102644592981 }, "geometry": { "type": "MultiPolygon", "coordinates": [ [ [ [ -73.883109060886085, 40.568380532463244 ], [ -73.882775768056803, 40.567583849864981 ], [ -73.903328825862587, 40.561839349024901 ], [ -73.909939133643363, 40.560497567806777 ], [ -73.909883584838482, 40.556681877467746 ], [ -73.91360535476548, 40.556472224152415 ], [ -73.92099334581458, 40.556262570837085 ], [ -73.922048773107306, 40.555130442934292 ], [ -73.929103471327139, 40.553075840444045 ], [ -73.929825605790583, 40.554082176357632 ], [ -73.931158777107711, 40.557017322772275 ], [ -73.932214204400438, 40.557688213381333 ], [ -73.926159384668466, 40.561545834383438 ], [ -73.923270846814688, 40.562090933003297 ], [ -73.921104443424341, 40.562090933003297 ], [ -73.917660417521759, 40.562845684938495 ], [ -73.91521627010701, 40.564103604830478 ], [ -73.912216634643471, 40.565068010081006 ], [ -73.910105780058004, 40.564900287428742 ], [ -73.909272547984799, 40.56397781284128 ], [ -73.906161814911485, 40.562677962286223 ], [ -73.904495350765075, 40.562887615601561 ], [ -73.902884435423545, 40.563516575547553 ], [ -73.901717910521057, 40.562719892949289 ], [ -73.899829251155111, 40.563306922232222 ], [ -73.896107481228128, 40.565361524722469 ], [ -73.895496444374444, 40.566871028592857 ], [ -73.893163394569456, 40.568380532463244 ], [ -73.891441381618165, 40.568422463126311 ], [ -73.889608271057099, 40.567961225832583 ], [ -73.88488662264227, 40.568506324452443 ], [ -73.883109060886085, 40.568380532463244 ] ] ], [ [ [ -73.821338789858984, 40.581253246024602 ], [ -73.829560012981304, 40.578779336903686 ], [ -73.833892819761971, 40.577647209000901 ], [ -73.837781236103609, 40.575928051815183 ], [ -73.84616910564057, 40.573034836063606 ], [ -73.852223925372542, 40.570728649594955 ], [ -73.857223317811787, 40.569093353735369 ], [ -73.862889295909596, 40.566829097929791 ], [ -73.864444662446246, 40.569135284398435 ], [ -73.86666661464146, 40.57299290540054 ], [ -73.863333686348639, 40.574041171977193 ], [ -73.863944723202323, 40.575047507890787 ], [ -73.862889295909596, 40.576053843804381 ], [ -73.853057157445747, 40.581253246024602 ], [ -73.850446363616356, 40.58213378994899 ], [ -73.848613253055305, 40.582175720612057 ], [ -73.84522477595759, 40.581588691329131 ], [ -73.839281053835379, 40.581882205970594 ], [ -73.838670016981695, 40.582720819231923 ], [ -73.835837027932797, 40.582888541884188 ], [ -73.828504585688563, 40.584859283048303 ], [ -73.827838000029999, 40.586117202940294 ], [ -73.825227206200623, 40.58691388553855 ], [ -73.824060681298135, 40.585614034983493 ], [ -73.821338789858984, 40.581253246024602 ] ] ], [ [ [ -73.81650604383438, 40.614965499129909 ], [ -73.815561714151414, 40.614294608520851 ], [ -73.816006104590457, 40.612365798019802 ], [ -73.814784030883089, 40.608843622322233 ], [ -73.815228421322132, 40.607040603810376 ], [ -73.8164504950295, 40.605237585298525 ], [ -73.817394824712466, 40.605153723972393 ], [ -73.817228178297825, 40.603937734743475 ], [ -73.818283605590565, 40.601338033633361 ], [ -73.818505800810087, 40.599409223132312 ], [ -73.819283484078412, 40.59752234329433 ], [ -73.820172264956497, 40.596893383348331 ], [ -73.821227692249224, 40.594712988868885 ], [ -73.824116230103016, 40.594629127542753 ], [ -73.825504950225024, 40.59509036483648 ], [ -73.827226963176315, 40.594754919531951 ], [ -73.833226234103407, 40.594209820912091 ], [ -73.834726051835176, 40.595048434173414 ], [ -73.834226112591253, 40.596641799369934 ], [ -73.832393002030202, 40.597815857935792 ], [ -73.830782086688671, 40.597438481968197 ], [ -73.829504464176424, 40.598151303240321 ], [ -73.82806019524952, 40.597690065946594 ], [ -73.826060438273828, 40.599451153795378 ], [ -73.825504950225024, 40.59848674854485 ], [ -73.824449522932298, 40.598235164566454 ], [ -73.823782937273734, 40.600038183078304 ], [ -73.823171900420036, 40.599996252415238 ], [ -73.823005254005395, 40.599912391089106 ], [ -73.821949826712668, 40.599786599099907 ], [ -73.821727631493147, 40.600122044404436 ], [ -73.824449522932298, 40.600331697719767 ], [ -73.822949705200514, 40.602595953525352 ], [ -73.822894156395634, 40.605866545244524 ], [ -73.821283241054104, 40.607124465136515 ], [ -73.820005618541856, 40.608927483648365 ], [ -73.819616776907694, 40.610478918181819 ], [ -73.820505557785779, 40.611946491389133 ], [ -73.821283241054104, 40.611317531443142 ], [ -73.820505557785779, 40.610227334203415 ], [ -73.821394338663865, 40.608550107680763 ], [ -73.822116473127309, 40.610143472877283 ], [ -73.822894156395634, 40.610353126192614 ], [ -73.824116230103016, 40.612323867356736 ], [ -73.821394338663865, 40.615049360456041 ], [ -73.820172264956497, 40.615175152445239 ], [ -73.817505922322226, 40.614210747194718 ], [ -73.81650604383438, 40.614965499129909 ] ] ] ] } },
{ "type": "Feature", "properties": { "id": "233", "NTACode": "QN1491", "GEOCODE": 811491, "GEONAME": "Rockaway Community Park", "nta_population": 0.0, "pop_within_walk": 0.0, "pct_pop_walk": 0.0 }, "geometry": { "type": "Polygon", "coordinates": [ [ [ -73.779732735003492, 40.597270759315933 ], [ -73.779954930223028, 40.596557938043802 ], [ -73.78195468719872, 40.596474076717669 ], [ -73.782065784808481, 40.597857788598859 ], [ -73.788398348564854, 40.59752234329433 ], [ -73.788231702150213, 40.596096700750074 ], [ -73.789176031833179, 40.596096700750074 ], [ -73.789176031833179, 40.597899719261925 ], [ -73.786009749954999, 40.600289767056701 ], [ -73.785287615491555, 40.601589617611758 ], [ -73.78351005373537, 40.602554022862286 ], [ -73.783121212101207, 40.603602289438939 ], [ -73.783954444174412, 40.60486020933093 ], [ -73.781010357515754, 40.607921147734771 ], [ -73.778566210101005, 40.609640304920489 ], [ -73.776955294759475, 40.60984995823582 ], [ -73.774899988978902, 40.609514512931291 ], [ -73.774177854515443, 40.608633969006895 ], [ -73.774899988978902, 40.605237585298525 ], [ -73.776455355515552, 40.602470161536154 ], [ -73.778288466076603, 40.600373628382833 ], [ -73.779899381418147, 40.600751004350435 ], [ -73.7820102360036, 40.598989916501651 ], [ -73.781343650345036, 40.597773927272726 ], [ -73.779732735003492, 40.597270759315933 ] ] ] } },
{ "type": "Feature", "properties": { "id": "234", "NTACode": "QN8081", "GEOCODE": 818081, "GEONAME": "LaGuardia Airport", "nta_population": 0.0, "pop_within_walk": 0.0, "pct_pop_walk": 0.0 }, "geometry": { "type": "Polygon", "coordinates": [ [ [ -73.889441624642458, 40.773547266846684 ], [ -73.884331134593467, 40.774176226792676 ], [ -73.885053269056911, 40.778411223762376 ], [ -73.88494217144715, 40.779920727632764 ], [ -73.881387047934794, 40.780591618241822 ], [ -73.878720705300523, 40.780591618241822 ], [ -73.879331742154221, 40.781849538133812 ], [ -73.878331863666361, 40.783023596699664 ], [ -73.875165581788181, 40.781514092829283 ], [ -73.874832288958899, 40.781681815481548 ], [ -73.871221616641662, 40.786042604440439 ], [ -73.869777347714773, 40.785329783168315 ], [ -73.86922185966597, 40.785958743114307 ], [ -73.86916631086109, 40.785958743114307 ], [ -73.869888445324534, 40.785078199189918 ], [ -73.869444054885491, 40.783610625982597 ], [ -73.870499482178218, 40.78231077542754 ], [ -73.871443811861184, 40.782143052775275 ], [ -73.872554787958791, 40.780801271557152 ], [ -73.864722406470648, 40.776733997239724 ], [ -73.855056914421439, 40.772205485628561 ], [ -73.85766770825083, 40.768264003300331 ], [ -73.858778684348437, 40.767341528712869 ], [ -73.860167404470445, 40.766922222082208 ], [ -73.862667100690075, 40.766880291419142 ], [ -73.860445148494847, 40.763861283678366 ], [ -73.86094508773877, 40.763735491689168 ], [ -73.862944844714477, 40.766083608820878 ], [ -73.866000028982896, 40.768851032583257 ], [ -73.867999785958602, 40.770234744464446 ], [ -73.871277165446543, 40.771660387008701 ], [ -73.873832410471053, 40.771870040324032 ], [ -73.875554423422344, 40.771744248334834 ], [ -73.878054119641959, 40.771073357725768 ], [ -73.884331134593467, 40.767970488658861 ], [ -73.887719611691168, 40.766922222082208 ], [ -73.888663941374134, 40.768976824572455 ], [ -73.889441624642458, 40.773547266846684 ] ] ] } },
{ "type": "Feature", "properties": { "id": "235", "NTACode": "QN8191", "GEOCODE": 818191, "GEONAME": "Flushing Meadows-Corona Park", "nta_population": 0.0, "pop_within_walk": 0.0, "pct_pop_walk": 0.0 }, "geometry": { "type": "Polygon", "coordinates": [ [ [ -73.846724593689373, 40.761345443894385 ], [ -73.845946910421048, 40.760716483948393 ], [ -73.843225018981897, 40.755349359075908 ], [ -73.838614468176814, 40.75702658559856 ], [ -73.838225626542652, 40.755265497749775 ], [ -73.835614832713276, 40.751365946084604 ], [ -73.832281904420441, 40.751952975367537 ], [ -73.833059587688766, 40.747969562376234 ], [ -73.834614954225415, 40.746879365136515 ], [ -73.835670381518156, 40.744866693309326 ], [ -73.835837027932797, 40.74323139744974 ], [ -73.837003552835284, 40.742099269546955 ], [ -73.836725808810883, 40.739709221752172 ], [ -73.835670381518156, 40.738493232523247 ], [ -73.835392637493754, 40.736899867326727 ], [ -73.836059223152319, 40.734258235553554 ], [ -73.834003917371732, 40.731574673117308 ], [ -73.83383727095709, 40.730568337203721 ], [ -73.833059587688766, 40.729939377257722 ], [ -73.830837635493552, 40.726710716201616 ], [ -73.829782208200825, 40.72591403360336 ], [ -73.828226841664161, 40.725410865646559 ], [ -73.827115865566554, 40.72432066840684 ], [ -73.825560499029905, 40.719708295469545 ], [ -73.825393852615264, 40.717402109000901 ], [ -73.819505679297933, 40.717360178337834 ], [ -73.820116716151617, 40.716521565076505 ], [ -73.823338546834677, 40.716563495739571 ], [ -73.825560499029905, 40.715766813141315 ], [ -73.831004281908193, 40.714299239933993 ], [ -73.829837757005706, 40.715557159825977 ], [ -73.834781600640071, 40.719205127512751 ], [ -73.835392637493754, 40.720714631383139 ], [ -73.837336845664566, 40.723565916471642 ], [ -73.839058858615857, 40.72687843885388 ], [ -73.840336481128119, 40.728807249354936 ], [ -73.844169348664863, 40.732622939693968 ], [ -73.845446971177111, 40.734929126162612 ], [ -73.846058008030809, 40.737109520642065 ], [ -73.847557825762578, 40.73908026180618 ], [ -73.848113313811382, 40.740044667056701 ], [ -73.850113070787074, 40.740715557665766 ], [ -73.85361264549455, 40.747508325082507 ], [ -73.854445877567755, 40.74885010630063 ], [ -73.850890754055399, 40.749982234203415 ], [ -73.852223925372542, 40.752665796639661 ], [ -73.853668194299431, 40.756816932283229 ], [ -73.854612523982397, 40.758452228142815 ], [ -73.856390085738568, 40.759919801350129 ], [ -73.859111977177719, 40.761261582568252 ], [ -73.86094508773877, 40.763735491689168 ], [ -73.860445148494847, 40.763861283678366 ], [ -73.85938972120212, 40.762477571797177 ], [ -73.857112220202026, 40.76117772124212 ], [ -73.853723743104311, 40.760255246654665 ], [ -73.851612888518858, 40.75937470273027 ], [ -73.848668801860185, 40.760129454665467 ], [ -73.846724593689373, 40.761345443894385 ] ] ] } },
{ "type": "Feature", "properties": { "id": "236", "NTACode": "QN8291", "GEOCODE": 818291, "GEONAME": "Forest Park", "nta_population": 0.0, "pop_within_walk": 0.0, "pct_pop_walk": 0.0 }, "geometry": { "type": "Polygon", "coordinates": [ [ [ -73.836948004030404, 40.704193950135014 ], [ -73.8395032490549, 40.702684446264627 ], [ -73.841558554835487, 40.701091081068107 ], [ -73.845002580738068, 40.699371923882389 ], [ -73.849113192299228, 40.698281726642662 ], [ -73.850724107640758, 40.700210537143711 ], [ -73.854501426372636, 40.70054598244824 ], [ -73.852834962226225, 40.698407518631861 ], [ -73.852723864616465, 40.697568905370538 ], [ -73.856556732153209, 40.697065737413737 ], [ -73.868388627592765, 40.694717620282027 ], [ -73.868944115641568, 40.695136926912689 ], [ -73.870666128592859, 40.697820489348935 ], [ -73.869332957275731, 40.699371923882389 ], [ -73.869499603690372, 40.7015942490249 ], [ -73.86916631086109, 40.702894099579957 ], [ -73.862833747104716, 40.703397267536751 ], [ -73.858223196299633, 40.702852168916891 ], [ -73.858945330763078, 40.701300734383437 ], [ -73.855279109640961, 40.701971624992495 ], [ -73.855279109640961, 40.702600584938494 ], [ -73.852501669396943, 40.702307070297024 ], [ -73.854723621592157, 40.705200286048601 ], [ -73.854723621592157, 40.706751720582055 ], [ -73.849502033933391, 40.708345085778575 ], [ -73.846669044884493, 40.708303155115509 ], [ -73.844558190299026, 40.708680531083104 ], [ -73.843169470177017, 40.709225629702971 ], [ -73.838281175347532, 40.708428947104707 ], [ -73.837170199249925, 40.70796770981098 ], [ -73.838058980128011, 40.705955037983799 ], [ -73.836948004030404, 40.704193950135014 ] ] ] } },
{ "type": "Feature", "properties": { "id": "237", "NTACode": "QN8381", "GEOCODE": 818381, "GEONAME": "John F. Kennedy International Airport", "nta_population": 0.0, "pop_within_walk": 0.0, "pct_pop_walk": 0.0 }, "geometry": { "type": "Polygon", "coordinates": [ [ [ -73.802174452175223, 40.665240364146413 ], [ -73.799841402370234, 40.665240364146413 ], [ -73.795841888418835, 40.66494684950495 ], [ -73.787509567686769, 40.663814721602158 ], [ -73.783398956125609, 40.663101900330034 ], [ -73.77934389336933, 40.661843980438043 ], [ -73.776899745954594, 40.660669921872184 ], [ -73.773844561686161, 40.65966358595859 ], [ -73.764067972027206, 40.654338391749171 ], [ -73.751569490929086, 40.647252109690967 ], [ -73.752069430173009, 40.646665080408042 ], [ -73.754513577587758, 40.647923000300025 ], [ -73.754624675197519, 40.647210179027901 ], [ -73.75056961244124, 40.644736269906986 ], [ -73.748680953075308, 40.643352558025803 ], [ -73.74740333056306, 40.641381816861681 ], [ -73.747514428172821, 40.6393691450345 ], [ -73.748458757855786, 40.635637316021601 ], [ -73.752624918221827, 40.63362464419442 ], [ -73.75901303078308, 40.631486180378033 ], [ -73.76051284851485, 40.630647567116711 ], [ -73.766401021832181, 40.62834138064806 ], [ -73.76884516924693, 40.623938661026102 ], [ -73.768567425222514, 40.623100047764773 ], [ -73.769511754905494, 40.622051781188119 ], [ -73.770233889368939, 40.619829456045601 ], [ -73.771733707100708, 40.620961583948393 ], [ -73.770900475027503, 40.622387226492648 ], [ -73.772678036783674, 40.624567620972094 ], [ -73.773511268856879, 40.625070788928888 ], [ -73.773511268856879, 40.625112719591954 ], [ -73.776566453125312, 40.627670490039002 ], [ -73.77945499097909, 40.627335044734473 ], [ -73.784176639393934, 40.620877722622261 ], [ -73.789564873467341, 40.62280653312331 ], [ -73.784898773857378, 40.626622223462341 ], [ -73.783287858515848, 40.628970340594059 ], [ -73.78351005373537, 40.630144399159917 ], [ -73.784343285808575, 40.631360388388835 ], [ -73.786898530833085, 40.632282862976297 ], [ -73.789453775857581, 40.634127812151213 ], [ -73.790731398369829, 40.63383429750975 ], [ -73.792231216101612, 40.6358889 ], [ -73.794730912321228, 40.636643651935188 ], [ -73.797230608540858, 40.638027363816377 ], [ -73.79923036551655, 40.638404739783979 ], [ -73.800452439223918, 40.639117561056104 ], [ -73.806729454175411, 40.641759192829284 ], [ -73.808618113541357, 40.642807459405937 ], [ -73.81078451693169, 40.643478350015002 ], [ -73.812006590639058, 40.644316963276324 ], [ -73.813617505980602, 40.64469433924392 ], [ -73.816172751005098, 40.645784536483646 ], [ -73.818839093639369, 40.646581219081909 ], [ -73.82217202193219, 40.650145325442544 ], [ -73.822616412371232, 40.652786957215717 ], [ -73.823227449224916, 40.65412873843384 ], [ -73.823394095639557, 40.656015618271823 ], [ -73.822449765956591, 40.659160418001797 ], [ -73.821505436273625, 40.659999031263126 ], [ -73.818672447224728, 40.661089228502846 ], [ -73.813117566736679, 40.660208684578457 ], [ -73.811506651395135, 40.660753783198317 ], [ -73.818283605590565, 40.661969772427241 ], [ -73.820061167346736, 40.661592396459646 ], [ -73.823449644444437, 40.660040961926192 ], [ -73.824949462176221, 40.655680172967294 ], [ -73.823449644444437, 40.650480770747073 ], [ -73.824116230103016, 40.649264781518148 ], [ -73.826227084688469, 40.649474434833479 ], [ -73.82639373110311, 40.648342306930694 ], [ -73.828615683298324, 40.657189676837682 ], [ -73.832726294859484, 40.665408086798678 ], [ -73.826893670347033, 40.66368892961296 ], [ -73.823060802810275, 40.663563137623761 ], [ -73.822949705200514, 40.663856652265224 ], [ -73.814117445224525, 40.662808385688564 ], [ -73.811562200200015, 40.663185761656166 ], [ -73.808451467126716, 40.66444368154815 ], [ -73.806118417321727, 40.664904918841884 ], [ -73.802174452175223, 40.665240364146413 ] ] ] } },
{ "type": "Feature", "properties": { "id": "238", "NTACode": "QN8491", "GEOCODE": 818491, "GEONAME": "Jamaica Bay (East)", "nta_population": 0.0, "pop_within_walk": 0.0, "pct_pop_walk": 0.0 }, "geometry": { "type": "MultiPolygon", "coordinates": [ [ [ [ -73.831948611591159, 40.593455068976894 ], [ -73.831170928322834, 40.591484327812779 ], [ -73.833559526932689, 40.589052349354937 ], [ -73.836448064786481, 40.589471655985598 ], [ -73.84050312754276, 40.591190813171316 ], [ -73.843391665396538, 40.593455068976894 ], [ -73.843502763006299, 40.59509036483648 ], [ -73.840558676347641, 40.597312689978999 ], [ -73.837447943274327, 40.596851452685264 ], [ -73.835670381518156, 40.594796850195017 ], [ -73.834003917371732, 40.593622791629159 ], [ -73.831948611591159, 40.593455068976894 ] ] ], [ [ [ -73.809951284858485, 40.60008011374137 ], [ -73.810284577687767, 40.598989916501651 ], [ -73.811562200200015, 40.598151303240321 ], [ -73.813062017931799, 40.599493084458445 ], [ -73.81495067729773, 40.602176646894684 ], [ -73.81483957968797, 40.603979665406541 ], [ -73.814284091639166, 40.604440902700269 ], [ -73.810840065736571, 40.603224913471344 ], [ -73.810062382468246, 40.602637884188418 ], [ -73.809951284858485, 40.60008011374137 ] ] ], [ [ [ -73.800341341614157, 40.607082534473442 ], [ -73.798063840614063, 40.606705158505846 ], [ -73.796341827662772, 40.605782683918392 ], [ -73.796619571687174, 40.604440902700269 ], [ -73.797341706150618, 40.604063526732673 ], [ -73.799619207150712, 40.604357041374136 ], [ -73.802452196199624, 40.604231249384938 ], [ -73.803952013931394, 40.605573030603061 ], [ -73.803063233053308, 40.606411643864384 ], [ -73.801730061736166, 40.60645357452745 ], [ -73.800341341614157, 40.607082534473442 ] ] ], [ [ [ -73.796675120492054, 40.608969414311431 ], [ -73.795730790809074, 40.607921147734771 ], [ -73.795286400370031, 40.606495505190516 ], [ -73.796397376467652, 40.606201990549053 ], [ -73.797897194199422, 40.606872881158111 ], [ -73.801063476077601, 40.607166395799581 ], [ -73.80184115934594, 40.606705158505846 ], [ -73.803174330663069, 40.607376049114912 ], [ -73.801007927272721, 40.608675899669961 ], [ -73.796675120492054, 40.608969414311431 ] ] ], [ [ [ -73.827282511981196, 40.609472582268225 ], [ -73.826004889468948, 40.60909520630063 ], [ -73.825449401420144, 40.606830950495045 ], [ -73.824505071737178, 40.605027931983194 ], [ -73.827838000029999, 40.605279515961591 ], [ -73.829060073737367, 40.605824614581458 ], [ -73.829282268956902, 40.607040603810376 ], [ -73.827782451225119, 40.607753425082507 ], [ -73.827282511981196, 40.609472582268225 ] ] ], [ [ [ -73.835725930323036, 40.605782683918392 ], [ -73.834392759005894, 40.607837286408639 ], [ -73.8321152580058, 40.609514512931291 ], [ -73.830226598639868, 40.608130801050102 ], [ -73.830004403420347, 40.606201990549053 ], [ -73.831115379517954, 40.605237585298525 ], [ -73.834948247054712, 40.605237585298525 ], [ -73.835725930323036, 40.605782683918392 ] ] ], [ [ [ -73.766734314661463, 40.615007429792975 ], [ -73.770900475027503, 40.615846043054304 ], [ -73.768567425222514, 40.620542277317732 ], [ -73.767456449124907, 40.620500346654666 ], [ -73.766734314661463, 40.615007429792975 ] ] ], [ [ [ -73.789564873467341, 40.62280653312331 ], [ -73.784176639393934, 40.620877722622261 ], [ -73.784898773857378, 40.6204584159916 ], [ -73.78517651788178, 40.618655397479749 ], [ -73.784454383418336, 40.617020101620163 ], [ -73.783232309710968, 40.615594459075908 ], [ -73.780788162296233, 40.614588123162314 ], [ -73.781288101540156, 40.613330203270323 ], [ -73.783732248954891, 40.611862630063001 ], [ -73.78523206668666, 40.611401392769274 ], [ -73.787287372467247, 40.610311195529547 ], [ -73.788731641394136, 40.609975750225018 ], [ -73.789953715101504, 40.608969414311431 ], [ -73.791453532833287, 40.608717830333028 ], [ -73.793675485028501, 40.608969414311431 ], [ -73.79506420515051, 40.610478918181819 ], [ -73.799119267906789, 40.611611046084604 ], [ -73.800507988028798, 40.611652976747671 ], [ -73.799008170297029, 40.615594459075908 ], [ -73.797230608540858, 40.616726586978693 ], [ -73.797008413321336, 40.618361882838279 ], [ -73.794342070687065, 40.622638810471045 ], [ -73.790731398369829, 40.622345295829582 ], [ -73.789564873467341, 40.62280653312331 ] ] ], [ [ [ -73.833670624542449, 40.621380890579054 ], [ -73.833615075737569, 40.622596879807979 ], [ -73.833559526932689, 40.623603215721573 ], [ -73.833559526932689, 40.623938661026102 ], [ -73.832281904420441, 40.623729007710772 ], [ -73.833670624542449, 40.621380890579054 ] ] ], [ [ [ -73.812228785858579, 40.625280442244225 ], [ -73.813062017931799, 40.62385479969997 ], [ -73.814395189248927, 40.62565781821182 ], [ -73.812228785858579, 40.626370639483945 ], [ -73.812228785858579, 40.625280442244225 ] ] ], [ [ [ -73.798841523882388, 40.625322372907291 ], [ -73.799952499979995, 40.624441828982896 ], [ -73.798674877467747, 40.623435493069302 ], [ -73.800230244004396, 40.619577872067204 ], [ -73.801341220102003, 40.618613466816676 ], [ -73.801896708150821, 40.616768517641759 ], [ -73.80345207468747, 40.614420400510049 ], [ -73.803618721102112, 40.616013765706569 ], [ -73.804507501980197, 40.616978170957097 ], [ -73.80495189241924, 40.61857153615361 ], [ -73.806396161346129, 40.621129306600658 ], [ -73.805951770907086, 40.623393562406235 ], [ -73.801618964126405, 40.625615887548754 ], [ -73.798841523882388, 40.626538362136209 ], [ -73.798841523882388, 40.625322372907291 ] ] ], [ [ [ -73.814284091639166, 40.629138063246323 ], [ -73.815339518931893, 40.627754351365134 ], [ -73.8164504950295, 40.629850884518447 ], [ -73.814672933273329, 40.629976676507646 ], [ -73.814284091639166, 40.629138063246323 ] ] ], [ [ [ -73.81650604383438, 40.614965499129909 ], [ -73.817505922322226, 40.614210747194718 ], [ -73.820172264956497, 40.615175152445239 ], [ -73.821394338663865, 40.615049360456041 ], [ -73.824116230103016, 40.612323867356736 ], [ -73.825560499029905, 40.614126885868586 ], [ -73.827060316761674, 40.613414064596455 ], [ -73.828449036883683, 40.614210747194718 ], [ -73.831504221152116, 40.615007429792975 ], [ -73.834003917371732, 40.614378469846983 ], [ -73.83372617334733, 40.620961583948393 ], [ -73.832559648444843, 40.621758266546649 ], [ -73.832726294859484, 40.622554949144913 ], [ -73.830948733103313, 40.624567620972094 ], [ -73.830782086688671, 40.62674801545154 ], [ -73.832448550835082, 40.627586628712869 ], [ -73.832892941274125, 40.628886479267926 ], [ -73.831948611591159, 40.629641231203117 ], [ -73.831115379517954, 40.632744100270024 ], [ -73.831948611591159, 40.634253604140412 ], [ -73.833392880518048, 40.638488601110112 ], [ -73.83222635561556, 40.638907907740773 ], [ -73.828671232103204, 40.636601721272122 ], [ -73.82806019524952, 40.6358889 ], [ -73.826227084688469, 40.635763108010799 ], [ -73.824449522932298, 40.636224345304527 ], [ -73.824116230103016, 40.638782115751575 ], [ -73.823394095639557, 40.638991769066905 ], [ -73.822783058785873, 40.635595385358535 ], [ -73.821949826712668, 40.633414990879082 ], [ -73.821838729102907, 40.6320312789979 ], [ -73.821061045834583, 40.629725092529249 ], [ -73.819950069736976, 40.627670490039002 ], [ -73.818283605590565, 40.626999599429944 ], [ -73.817894763956389, 40.625909402190217 ], [ -73.816228299809978, 40.624693412961292 ], [ -73.816728239053901, 40.623938661026102 ], [ -73.817950312761269, 40.624106383678367 ], [ -73.818672447224728, 40.622890394449442 ], [ -73.816728239053901, 40.621548613231319 ], [ -73.815395067736773, 40.621506682568253 ], [ -73.815450616541654, 40.620122970687063 ], [ -73.817172629492944, 40.619284357425741 ], [ -73.817783666346628, 40.617313616261626 ], [ -73.817117080688064, 40.615300944434438 ], [ -73.81650604383438, 40.614965499129909 ] ] ] ] } },
{ "type": "Feature", "properties": { "id": "239", "NTACode": "QN8492", "GEOCODE": 818492, "GEONAME": "Jacob Riis Park-Fort Tilden-Breezy Point Tip", "nta_population": 8.0, "pop_within_walk": 0.0, "pct_pop_walk": 0.0 }, "geometry": { "type": "Polygon", "coordinates": [ [ [ -73.862889295909596, 40.566829097929791 ], [ -73.863555881568161, 40.567038751245121 ], [ -73.86927740847085, 40.565403455385535 ], [ -73.872554787958791, 40.564103604830478 ], [ -73.876221009080908, 40.563097268916891 ], [ -73.880387169446948, 40.561461973057305 ], [ -73.883275707300726, 40.560833013111306 ], [ -73.887053026032603, 40.559533162556257 ], [ -73.887775160496048, 40.559533162556257 ], [ -73.892107967276729, 40.558065589348935 ], [ -73.893496687398738, 40.557939797359737 ], [ -73.894996505130507, 40.557268906750672 ], [ -73.896996262106214, 40.556891530783076 ], [ -73.898218335813581, 40.557059253435341 ], [ -73.900162543984393, 40.556598016141614 ], [ -73.902551142594263, 40.556765738793878 ], [ -73.904828643594357, 40.556262570837085 ], [ -73.908772608740875, 40.554836928292829 ], [ -73.916271697399736, 40.551985643204318 ], [ -73.91949352808281, 40.550643861986195 ], [ -73.926437128692868, 40.548169952865287 ], [ -73.930547740254028, 40.546408865016502 ], [ -73.936102620742076, 40.544521985178513 ], [ -73.938713414571453, 40.543305995949595 ], [ -73.940490976327638, 40.54284475865586 ], [ -73.940102134693475, 40.548002230213022 ], [ -73.940268781108117, 40.552195296519649 ], [ -73.939713293059313, 40.55420796834683 ], [ -73.938657865766572, 40.555675541554152 ], [ -73.935713779107914, 40.557143114761473 ], [ -73.932214204400438, 40.557688213381333 ], [ -73.931158777107711, 40.557017322772275 ], [ -73.929825605790583, 40.554082176357632 ], [ -73.929103471327139, 40.553075840444045 ], [ -73.922048773107306, 40.555130442934292 ], [ -73.92099334581458, 40.556262570837085 ], [ -73.91360535476548, 40.556472224152415 ], [ -73.909883584838482, 40.556681877467746 ], [ -73.909939133643363, 40.560497567806777 ], [ -73.903328825862587, 40.561839349024901 ], [ -73.882775768056803, 40.567583849864981 ], [ -73.883109060886085, 40.568380532463244 ], [ -73.881220401520153, 40.56875790843084 ], [ -73.878276314861481, 40.568674047104707 ], [ -73.875998813861386, 40.569512660366037 ], [ -73.865555638543853, 40.574628201260126 ], [ -73.862889295909596, 40.576053843804381 ], [ -73.863944723202323, 40.575047507890787 ], [ -73.863333686348639, 40.574041171977193 ], [ -73.86666661464146, 40.57299290540054 ], [ -73.864444662446246, 40.569135284398435 ], [ -73.862889295909596, 40.566829097929791 ] ] ] } },
{ "type": "Feature", "properties": { "id": "240", "NTACode": "SI0101", "GEOCODE": 850101, "GEONAME": "St. George-New Brighton", "nta_population": 20225.0, "pop_within_walk": 2328.780153030008, "pct_pop_walk": 11.514364168257147 }, "geometry": { "type": "Polygon", "coordinates": [ [ [ -74.07258603433344, 40.637943502490245 ], [ -74.076863292309241, 40.637733849174914 ], [ -74.079029695699575, 40.638195086468642 ], [ -74.083751344114418, 40.635721177347733 ], [ -74.085862198699871, 40.636685582598254 ], [ -74.086917625992598, 40.635846969336932 ], [ -74.088695187748783, 40.636853305250526 ], [ -74.090250554285433, 40.635511524032403 ], [ -74.092416957675766, 40.635595385358535 ], [ -74.093416836163627, 40.636601721272122 ], [ -74.094083421822191, 40.639285283708368 ], [ -74.097694094139413, 40.638949838403839 ], [ -74.097860740554054, 40.640375480948094 ], [ -74.099916046334641, 40.640165827632764 ], [ -74.100415985578564, 40.6431009740474 ], [ -74.099582753505359, 40.643142904710466 ], [ -74.100138241554163, 40.645071715211522 ], [ -74.098527326212619, 40.645365229852985 ], [ -74.094694458675875, 40.645574883168315 ], [ -74.089417322212228, 40.647294040354033 ], [ -74.087695309260923, 40.648216514941495 ], [ -74.084862320212025, 40.648887405550553 ], [ -74.082140428772874, 40.648258445604561 ], [ -74.081418294309429, 40.648510029582958 ], [ -74.078974146894694, 40.648132653615356 ], [ -74.076529999479945, 40.646958595049504 ], [ -74.074474693699372, 40.645071715211522 ], [ -74.072030546284637, 40.644400824602457 ], [ -74.071475058235833, 40.642807459405937 ], [ -74.073252619992004, 40.642178499459945 ], [ -74.073085973577363, 40.63861439309931 ], [ -74.07258603433344, 40.637943502490245 ] ] ] } },
{ "type": "Feature", "properties": { "id": "241", "NTACode": "SI0102", "GEOCODE": 850102, "GEONAME": "Tompkinsville-Stapleton-Clifton-Fox Hills", "nta_population": 17596.0, "pop_within_walk": 0.0, "pct_pop_walk": 0.0 }, "geometry": { "type": "Polygon", "coordinates": [ [ [ -74.07258603433344, 40.637943502490245 ], [ -74.073530364016406, 40.637649987848782 ], [ -74.072919327162722, 40.63362464419442 ], [ -74.073308168796885, 40.632073209660966 ], [ -74.072974875967603, 40.630312121812182 ], [ -74.068031032333238, 40.628802617941794 ], [ -74.068142129942999, 40.628551033963397 ], [ -74.072919327162722, 40.629976676507646 ], [ -74.072308290309039, 40.627125391419142 ], [ -74.073530364016406, 40.626873807440745 ], [ -74.075641218601859, 40.626664154125407 ], [ -74.074252498479851, 40.624232175667565 ], [ -74.072919327162722, 40.622974255775574 ], [ -74.071141765406537, 40.620709999969996 ], [ -74.071530607040714, 40.619242426762675 ], [ -74.073752559235928, 40.617649061566155 ], [ -74.074863535333535, 40.617439408250824 ], [ -74.07830756123613, 40.615552528412842 ], [ -74.081085001480147, 40.617774853555353 ], [ -74.087195370017, 40.613288272607257 ], [ -74.087806406870698, 40.615300944434438 ], [ -74.086139942724273, 40.618152229522948 ], [ -74.084973417821786, 40.62460955163516 ], [ -74.083640246504658, 40.626915738103811 ], [ -74.08241817279729, 40.627460836723671 ], [ -74.080973903870387, 40.627335044734473 ], [ -74.079751830163019, 40.628970340594059 ], [ -74.081418294309429, 40.630312121812182 ], [ -74.084917869016905, 40.63362464419442 ], [ -74.085751101090111, 40.633960089498949 ], [ -74.083751344114418, 40.635721177347733 ], [ -74.079029695699575, 40.638195086468642 ], [ -74.076863292309241, 40.637733849174914 ], [ -74.07258603433344, 40.637943502490245 ] ] ] } },
{ "type": "Feature", "properties": { "id": "242", "NTACode": "SI0103", "GEOCODE": 850103, "GEONAME": "Rosebank-Shore Acres-Park Hill", "nta_population": 22705.0, "pop_within_walk": 0.0, "pct_pop_walk": 0.0 }, "geometry": { "type": "Polygon", "coordinates": [ [ [ -74.056754624942499, 40.607879217071705 ], [ -74.065198043284326, 40.604231249384938 ], [ -74.063975969576958, 40.602134716231618 ], [ -74.067197800260033, 40.603182982808278 ], [ -74.071808351065116, 40.604944070657062 ], [ -74.0758078650165, 40.605950406570656 ], [ -74.081251647894788, 40.606160059885987 ], [ -74.083695795309538, 40.60645357452745 ], [ -74.086473235553555, 40.607292187788779 ], [ -74.090583847114715, 40.609011344974498 ], [ -74.089583968626869, 40.60984995823582 ], [ -74.087195370017, 40.613288272607257 ], [ -74.081085001480147, 40.617774853555353 ], [ -74.07830756123613, 40.615552528412842 ], [ -74.074863535333535, 40.617439408250824 ], [ -74.073752559235928, 40.617649061566155 ], [ -74.071530607040714, 40.619242426762675 ], [ -74.071141765406537, 40.620709999969996 ], [ -74.072919327162722, 40.622974255775574 ], [ -74.074252498479851, 40.624232175667565 ], [ -74.075641218601859, 40.626664154125407 ], [ -74.073530364016406, 40.626873807440745 ], [ -74.072697131943201, 40.626873807440745 ], [ -74.072252741504158, 40.62460955163516 ], [ -74.06997524050405, 40.62142282124212 ], [ -74.066197921772186, 40.618739258805881 ], [ -74.061420724552463, 40.614378469846983 ], [ -74.060309748454856, 40.611904560726067 ], [ -74.057143466576662, 40.608759760996101 ], [ -74.056754624942499, 40.607879217071705 ] ] ] } },
{ "type": "Feature", "properties": { "id": "243", "NTACode": "SI0104", "GEOCODE": 850104, "GEONAME": "West New Brighton-Silver Lake-Grymes Hill", "nta_population": 35491.0, "pop_within_walk": 0.0, "pct_pop_walk": 0.0 }, "geometry": { "type": "Polygon", "coordinates": [ [ [ -74.104748792359246, 40.645574883168315 ], [ -74.107803976627665, 40.645239437863786 ], [ -74.106526354115417, 40.644233101950192 ], [ -74.10541537801781, 40.638907907740773 ], [ -74.099916046334641, 40.640165827632764 ], [ -74.097860740554054, 40.640375480948094 ], [ -74.097694094139413, 40.638949838403839 ], [ -74.094083421822191, 40.639285283708368 ], [ -74.093416836163627, 40.636601721272122 ], [ -74.092416957675766, 40.635595385358535 ], [ -74.090250554285433, 40.635511524032403 ], [ -74.088695187748783, 40.636853305250526 ], [ -74.086917625992598, 40.635846969336932 ], [ -74.085862198699871, 40.636685582598254 ], [ -74.083751344114418, 40.635721177347733 ], [ -74.085751101090111, 40.633960089498949 ], [ -74.084917869016905, 40.63362464419442 ], [ -74.081418294309429, 40.630312121812182 ], [ -74.079751830163019, 40.628970340594059 ], [ -74.080973903870387, 40.627335044734473 ], [ -74.08241817279729, 40.627460836723671 ], [ -74.083640246504658, 40.626915738103811 ], [ -74.084973417821786, 40.62460955163516 ], [ -74.086139942724273, 40.618152229522948 ], [ -74.087806406870698, 40.615300944434438 ], [ -74.087195370017, 40.613288272607257 ], [ -74.089583968626869, 40.60984995823582 ], [ -74.090583847114715, 40.609011344974498 ], [ -74.093583482578268, 40.610143472877283 ], [ -74.0954721419442, 40.610478918181819 ], [ -74.097638545334533, 40.610520848844885 ], [ -74.099360558285838, 40.612407728682868 ], [ -74.102082449724975, 40.614588123162314 ], [ -74.105193182798288, 40.618278021512147 ], [ -74.106081963676374, 40.618990842784278 ], [ -74.110025928822893, 40.62066806930693 ], [ -74.113247759505953, 40.623058117101706 ], [ -74.118080505530557, 40.624986927602755 ], [ -74.12013581131113, 40.626538362136209 ], [ -74.121246787408751, 40.627838212691266 ], [ -74.123024349164922, 40.629012271257125 ], [ -74.124913008530854, 40.63173776435643 ], [ -74.116858431823189, 40.632660238943892 ], [ -74.117191724652471, 40.634589049444941 ], [ -74.12024690892089, 40.634295534803478 ], [ -74.120635750555053, 40.636559790609056 ], [ -74.117525017481753, 40.636937166576658 ], [ -74.118080505530557, 40.641297955535549 ], [ -74.120691299359933, 40.641046371557152 ], [ -74.117691663896395, 40.641549539513946 ], [ -74.113303308310833, 40.643729933993399 ], [ -74.1111369049205, 40.645113645874588 ], [ -74.108859403920391, 40.645574883168315 ], [ -74.104748792359246, 40.645574883168315 ] ] ] } },
{ "type": "Feature", "properties": { "id": "244", "NTACode": "SI0105", "GEOCODE": 850105, "GEONAME": "Westerleigh-Castleton Corners", "nta_population": 31582.0, "pop_within_walk": 0.0, "pct_pop_walk": 0.0 }, "geometry": { "type": "Polygon", "coordinates": [ [ [ -74.121246787408751, 40.627838212691266 ], [ -74.12013581131113, 40.626538362136209 ], [ -74.118080505530557, 40.624986927602755 ], [ -74.113247759505953, 40.623058117101706 ], [ -74.110025928822893, 40.62066806930693 ], [ -74.106081963676374, 40.618990842784278 ], [ -74.105193182798288, 40.618278021512147 ], [ -74.102082449724975, 40.614588123162314 ], [ -74.099360558285838, 40.612407728682868 ], [ -74.097638545334533, 40.610520848844885 ], [ -74.108581659895989, 40.610101542214217 ], [ -74.112581173847389, 40.610856294149414 ], [ -74.116302943774386, 40.611024016801679 ], [ -74.121357885018512, 40.609682235583556 ], [ -74.126968314311441, 40.608717830333028 ], [ -74.130967828262825, 40.608340454365432 ], [ -74.142855272507262, 40.607711494419441 ], [ -74.145299419921997, 40.607837286408639 ], [ -74.147243628092809, 40.6082565930393 ], [ -74.150521007580764, 40.609891888898886 ], [ -74.153687289458944, 40.612365798019802 ], [ -74.152465215751576, 40.616558864326429 ], [ -74.151409788458849, 40.618152229522948 ], [ -74.148187957775775, 40.621464751905187 ], [ -74.146854786458647, 40.623309701080103 ], [ -74.146132651995202, 40.624944996939689 ], [ -74.144021797409749, 40.624986927602755 ], [ -74.138244721702179, 40.624232175667565 ], [ -74.137022647994797, 40.624357967656763 ], [ -74.13580057428743, 40.625070788928888 ], [ -74.138078075287538, 40.627083460756076 ], [ -74.136744903970396, 40.628676825952596 ], [ -74.13585612309231, 40.628047866006597 ], [ -74.134078561336139, 40.629557369876984 ], [ -74.133411975677575, 40.629054201920191 ], [ -74.131078925872586, 40.631150735073504 ], [ -74.13013459618962, 40.629976676507646 ], [ -74.131301121092108, 40.626328708820878 ], [ -74.122135568286836, 40.627460836723671 ], [ -74.121246787408751, 40.627838212691266 ] ] ] } },
{ "type": "Feature", "properties": { "id": "245", "NTACode": "SI0106", "GEOCODE": 850106, "GEONAME": "Port Richmond", "nta_population": 20896.0, "pop_within_walk": 0.0, "pct_pop_walk": 0.0 }, "geometry": { "type": "Polygon", "coordinates": [ [ [ -74.120691299359933, 40.641046371557152 ], [ -74.118080505530557, 40.641297955535549 ], [ -74.117525017481753, 40.636937166576658 ], [ -74.120635750555053, 40.636559790609056 ], [ -74.12024690892089, 40.634295534803478 ], [ -74.117191724652471, 40.634589049444941 ], [ -74.116858431823189, 40.632660238943892 ], [ -74.124913008530854, 40.63173776435643 ], [ -74.123024349164922, 40.629012271257125 ], [ -74.121246787408751, 40.627838212691266 ], [ -74.122135568286836, 40.627460836723671 ], [ -74.131301121092108, 40.626328708820878 ], [ -74.13013459618962, 40.629976676507646 ], [ -74.131078925872586, 40.631150735073504 ], [ -74.133411975677575, 40.629054201920191 ], [ -74.134078561336139, 40.629557369876984 ], [ -74.13585612309231, 40.628047866006597 ], [ -74.136744903970396, 40.628676825952596 ], [ -74.138078075287538, 40.627083460756076 ], [ -74.13580057428743, 40.625070788928888 ], [ -74.137022647994797, 40.624357967656763 ], [ -74.138244721702179, 40.624232175667565 ], [ -74.144021797409749, 40.624986927602755 ], [ -74.146132651995202, 40.624944996939689 ], [ -74.145521615141519, 40.626915738103811 ], [ -74.146354847214724, 40.629138063246323 ], [ -74.147521372117211, 40.62938964722472 ], [ -74.144799480678074, 40.637943502490245 ], [ -74.143577406970707, 40.638530531773178 ], [ -74.143133016531664, 40.639662659675963 ], [ -74.142299784458444, 40.640291619621962 ], [ -74.134356305360541, 40.641884984818482 ], [ -74.131078925872586, 40.641046371557152 ], [ -74.129301364116415, 40.640333550285028 ], [ -74.126357277457757, 40.640375480948094 ], [ -74.124135325262529, 40.640123896969698 ], [ -74.121468982628272, 40.64150760885088 ], [ -74.120691299359933, 40.641046371557152 ] ] ] } },
{ "type": "Feature", "properties": { "id": "246", "NTACode": "SI0107", "GEOCODE": 850107, "GEONAME": "Mariner's Harbor-Arlington-Graniteville", "nta_population": 32812.0, "pop_within_walk": 0.0, "pct_pop_walk": 0.0 }, "geometry": { "type": "MultiPolygon", "coordinates": [ [ [ [ -74.159464365166528, 40.641465678187814 ], [ -74.161130829312938, 40.641843054155416 ], [ -74.161519670947101, 40.64414924062406 ], [ -74.158075645044505, 40.643771864656465 ], [ -74.157575705800582, 40.643226766036598 ], [ -74.159464365166528, 40.641465678187814 ] ] ], [ [ [ -74.143133016531664, 40.639662659675963 ], [ -74.143577406970707, 40.638530531773178 ], [ -74.144799480678074, 40.637943502490245 ], [ -74.147521372117211, 40.62938964722472 ], [ -74.146354847214724, 40.629138063246323 ], [ -74.145521615141519, 40.626915738103811 ], [ -74.146132651995202, 40.624944996939689 ], [ -74.146854786458647, 40.623309701080103 ], [ -74.148187957775775, 40.621464751905187 ], [ -74.151409788458849, 40.618152229522948 ], [ -74.152465215751576, 40.616558864326429 ], [ -74.153687289458944, 40.612365798019802 ], [ -74.158964425922591, 40.616349211011098 ], [ -74.161852963776383, 40.618152229522948 ], [ -74.164797050435055, 40.619661733393336 ], [ -74.16874101558156, 40.62121316792679 ], [ -74.172684980728079, 40.621758266546649 ], [ -74.175740164996512, 40.623225839753971 ], [ -74.179295288508854, 40.626370639483945 ], [ -74.183572546484655, 40.628802617941794 ], [ -74.186738828362849, 40.629976676507646 ], [ -74.191404927972798, 40.632115140324032 ], [ -74.196182125192522, 40.634672910771073 ], [ -74.193737977777786, 40.63756612652265 ], [ -74.186516633143313, 40.64339448868887 ], [ -74.182961509630971, 40.644778200570052 ], [ -74.179350837313734, 40.644400824602457 ], [ -74.178795349264931, 40.642513944764474 ], [ -74.176684494679478, 40.64339448868887 ], [ -74.175462420972096, 40.643478350015002 ], [ -74.175684616191617, 40.644568547254721 ], [ -74.174129249654968, 40.645071715211522 ], [ -74.17296272475248, 40.644233101950192 ], [ -74.172462785508557, 40.642849390069003 ], [ -74.171518455825591, 40.641759192829284 ], [ -74.169074308410842, 40.642136568796879 ], [ -74.165630282508261, 40.641214094209417 ], [ -74.163463879117913, 40.639872312991294 ], [ -74.163241683898391, 40.64096251023102 ], [ -74.161686317361742, 40.640627064926491 ], [ -74.162297354215426, 40.638782115751575 ], [ -74.157908998629864, 40.637985433153311 ], [ -74.154798265556565, 40.637733849174914 ], [ -74.154242777507761, 40.637188750555055 ], [ -74.152687410971097, 40.637649987848782 ], [ -74.149798873117319, 40.637901571827179 ], [ -74.148798994629473, 40.638865977077707 ], [ -74.143133016531664, 40.639662659675963 ] ] ] ] } },
{ "type": "Feature", "properties": { "id": "247", "NTACode": "SI0191", "GEOCODE": 850191, "GEONAME": "Snug Harbor", "nta_population": 42.0, "pop_within_walk": 0.0, "pct_pop_walk": 0.0 }, "geometry": { "type": "Polygon", "coordinates": [ [ [ -74.100138241554163, 40.645071715211522 ], [ -74.099582753505359, 40.643142904710466 ], [ -74.100415985578564, 40.6431009740474 ], [ -74.099916046334641, 40.640165827632764 ], [ -74.10541537801781, 40.638907907740773 ], [ -74.106526354115417, 40.644233101950192 ], [ -74.107803976627665, 40.645239437863786 ], [ -74.104748792359246, 40.645574883168315 ], [ -74.103082328212821, 40.645658744494447 ], [ -74.100138241554163, 40.645071715211522 ] ] ] } },
{ "type": "Feature", "properties": { "id": "248", "NTACode": "SI0201", "GEOCODE": 850201, "GEONAME": "Grasmere-Arrochar-South Beach-Dongan Hills", "nta_population": 36672.0, "pop_within_walk": 6419.1177870953843, "pct_pop_walk": 17.504138817341254 }, "geometry": { "type": "Polygon", "coordinates": [ [ [ -74.063975969576958, 40.602134716231618 ], [ -74.061976212601266, 40.601254172307229 ], [ -74.06108743172318, 40.599828529762974 ], [ -74.063753774357437, 40.598947985838585 ], [ -74.059754260406038, 40.593832444944489 ], [ -74.062142859015907, 40.592029426432639 ], [ -74.065031396869685, 40.589010418691863 ], [ -74.064753652845283, 40.58850725073507 ], [ -74.067197800260033, 40.586746162886286 ], [ -74.070975118991896, 40.583182056525651 ], [ -74.071752802260235, 40.581882205970594 ], [ -74.076030060236022, 40.578234238283827 ], [ -74.07830756123613, 40.579534088838884 ], [ -74.088472992529262, 40.584775421722171 ], [ -74.089139578187826, 40.584146461776179 ], [ -74.092639152895288, 40.585949480288029 ], [ -74.098416228602858, 40.581253246024602 ], [ -74.105248731603169, 40.585907549624963 ], [ -74.102082449724975, 40.588758834713467 ], [ -74.100860376017607, 40.590184477257722 ], [ -74.100915924822488, 40.592448733063307 ], [ -74.099804948724881, 40.593874375607555 ], [ -74.09719415489549, 40.595383879477943 ], [ -74.094250068236832, 40.596432146054603 ], [ -74.092750250505048, 40.597480412631263 ], [ -74.091694823212322, 40.599241500480048 ], [ -74.092916896919689, 40.601338033633361 ], [ -74.092416957675766, 40.60410545739574 ], [ -74.092750250505048, 40.606201990549053 ], [ -74.092416957675766, 40.607082534473442 ], [ -74.090583847114715, 40.609011344974498 ], [ -74.086473235553555, 40.607292187788779 ], [ -74.083695795309538, 40.60645357452745 ], [ -74.081251647894788, 40.606160059885987 ], [ -74.0758078650165, 40.605950406570656 ], [ -74.071808351065116, 40.604944070657062 ], [ -74.067197800260033, 40.603182982808278 ], [ -74.063975969576958, 40.602134716231618 ] ] ] } },
{ "type": "Feature", "properties": { "id": "249", "NTACode": "SI0202", "GEOCODE": 850202, "GEONAME": "New Dorp-Midland Beach", "nta_population": 29303.0, "pop_within_walk": 4396.5550706896811, "pct_pop_walk": 15.00377118619145 }, "geometry": { "type": "Polygon", "coordinates": [ [ [ -74.076030060236022, 40.578234238283827 ], [ -74.078751951675173, 40.576011913141315 ], [ -74.080918355065506, 40.574670131923192 ], [ -74.084695673797384, 40.571483401530152 ], [ -74.087639760456042, 40.57299290540054 ], [ -74.088750736553664, 40.572363945454541 ], [ -74.092750250505048, 40.568087017821782 ], [ -74.093861226602669, 40.568422463126311 ], [ -74.104693243554365, 40.573999241314127 ], [ -74.10874830631063, 40.569931966996698 ], [ -74.094083421822191, 40.562719892949289 ], [ -74.095083300310037, 40.563181130243024 ], [ -74.096138727602764, 40.562594100960091 ], [ -74.098305130993097, 40.559323509240919 ], [ -74.100082692749282, 40.558946133273324 ], [ -74.105582024432451, 40.562007071677165 ], [ -74.110137026432653, 40.564313258145809 ], [ -74.113747698749876, 40.566493652625262 ], [ -74.116358492579266, 40.563935882178214 ], [ -74.123079897969802, 40.567961225832583 ], [ -74.124913008530854, 40.56896756174617 ], [ -74.123357641994204, 40.569931966996698 ], [ -74.121468982628272, 40.571776916171615 ], [ -74.121857824262435, 40.574208894629457 ], [ -74.121524531433153, 40.575173299879985 ], [ -74.118469347164719, 40.576640873087307 ], [ -74.11702507823783, 40.57819230762076 ], [ -74.115469711701181, 40.578569683588356 ], [ -74.113692149944995, 40.58033077143714 ], [ -74.111303551335141, 40.581798344644461 ], [ -74.109248245554554, 40.582678888568857 ], [ -74.105248731603169, 40.585907549624963 ], [ -74.098416228602858, 40.581253246024602 ], [ -74.092639152895288, 40.585949480288029 ], [ -74.089139578187826, 40.584146461776179 ], [ -74.088472992529262, 40.584775421722171 ], [ -74.07830756123613, 40.579534088838884 ], [ -74.076030060236022, 40.578234238283827 ] ] ] } },
{ "type": "Feature", "properties": { "id": "250", "NTACode": "SI0203", "GEOCODE": 850203, "GEONAME": "Todt Hill-Emerson Hill-Lighthouse Hill-Manor Heights", "nta_population": 33699.0, "pop_within_walk": 842.42393348253711, "pct_pop_walk": 2.4998484628105793 }, "geometry": { "type": "Polygon", "coordinates": [ [ [ -74.097638545334533, 40.610520848844885 ], [ -74.0954721419442, 40.610478918181819 ], [ -74.093583482578268, 40.610143472877283 ], [ -74.090583847114715, 40.609011344974498 ], [ -74.092416957675766, 40.607082534473442 ], [ -74.092750250505048, 40.606201990549053 ], [ -74.092416957675766, 40.60410545739574 ], [ -74.092916896919689, 40.601338033633361 ], [ -74.091694823212322, 40.599241500480048 ], [ -74.092750250505048, 40.597480412631263 ], [ -74.094250068236832, 40.596432146054603 ], [ -74.09719415489549, 40.595383879477943 ], [ -74.099804948724881, 40.593874375607555 ], [ -74.100915924822488, 40.592448733063307 ], [ -74.100860376017607, 40.590184477257722 ], [ -74.102082449724975, 40.588758834713467 ], [ -74.105248731603169, 40.585907549624963 ], [ -74.109248245554554, 40.582678888568857 ], [ -74.111303551335141, 40.581798344644461 ], [ -74.113692149944995, 40.58033077143714 ], [ -74.115469711701181, 40.578569683588356 ], [ -74.11702507823783, 40.57819230762076 ], [ -74.118469347164719, 40.576640873087307 ], [ -74.121524531433153, 40.575173299879985 ], [ -74.123524288408845, 40.575802259825977 ], [ -74.125135203750375, 40.575886121152116 ], [ -74.127079411921201, 40.57638928910891 ], [ -74.127745997579765, 40.575215230543051 ], [ -74.132800938823891, 40.573496073357333 ], [ -74.14418844382439, 40.572028500150012 ], [ -74.143855150995108, 40.570602857605756 ], [ -74.144410639043912, 40.569722313681368 ], [ -74.147910213751373, 40.570896372247219 ], [ -74.154909363166325, 40.565235732733271 ], [ -74.155853692849291, 40.563768159525949 ], [ -74.1572424129713, 40.562552170297025 ], [ -74.160964182898297, 40.561461973057305 ], [ -74.163797171947195, 40.560329845154513 ], [ -74.164963696849696, 40.560120191839182 ], [ -74.169851991679167, 40.56108459708971 ], [ -74.169629796459645, 40.567625780528047 ], [ -74.169851991679167, 40.570854441584153 ], [ -74.15313180141014, 40.580163048784875 ], [ -74.151409788458849, 40.581337107350734 ], [ -74.150965398019807, 40.58213378994899 ], [ -74.14729917689769, 40.585027005700567 ], [ -74.146299298409843, 40.586075272277228 ], [ -74.145410517531758, 40.591484327812779 ], [ -74.14002228345835, 40.598612540534049 ], [ -74.140466673897393, 40.603057190819079 ], [ -74.142022040434043, 40.603392636123608 ], [ -74.146465944824484, 40.605237585298525 ], [ -74.147521372117211, 40.606076198559855 ], [ -74.147243628092809, 40.6082565930393 ], [ -74.145299419921997, 40.607837286408639 ], [ -74.142855272507262, 40.607711494419441 ], [ -74.130967828262825, 40.608340454365432 ], [ -74.126968314311441, 40.608717830333028 ], [ -74.121357885018512, 40.609682235583556 ], [ -74.116302943774386, 40.611024016801679 ], [ -74.112581173847389, 40.610856294149414 ], [ -74.108581659895989, 40.610101542214217 ], [ -74.097638545334533, 40.610520848844885 ] ] ] } },
{ "type": "Feature", "properties": { "id": "251", "NTACode": "SI0204", "GEOCODE": 850204, "GEONAME": "New Springville-Willowbrook-Bulls Head-Travis", "nta_population": 42458.0, "pop_within_walk": 0.0, "pct_pop_walk": 0.0 }, "geometry": { "type": "Polygon", "coordinates": [ [ [ -74.153687289458944, 40.612365798019802 ], [ -74.150521007580764, 40.609891888898886 ], [ -74.147243628092809, 40.6082565930393 ], [ -74.147521372117211, 40.606076198559855 ], [ -74.146465944824484, 40.605237585298525 ], [ -74.142022040434043, 40.603392636123608 ], [ -74.140466673897393, 40.603057190819079 ], [ -74.14002228345835, 40.598612540534049 ], [ -74.145410517531758, 40.591484327812779 ], [ -74.146299298409843, 40.586075272277228 ], [ -74.14729917689769, 40.585027005700567 ], [ -74.150965398019807, 40.58213378994899 ], [ -74.151409788458849, 40.581337107350734 ], [ -74.15313180141014, 40.580163048784875 ], [ -74.169851991679167, 40.570854441584153 ], [ -74.169963089288927, 40.572909044074407 ], [ -74.169685345264526, 40.577940723642364 ], [ -74.168407722752278, 40.586578440234021 ], [ -74.167574490679073, 40.588968488028797 ], [ -74.165796928922902, 40.590687645214523 ], [ -74.163408330313032, 40.592448733063307 ], [ -74.163574976727674, 40.593371207650762 ], [ -74.166519063386346, 40.593790514281423 ], [ -74.168852113191321, 40.594712988868885 ], [ -74.168296625142517, 40.596432146054603 ], [ -74.16718564904491, 40.602092785568551 ], [ -74.170907418971908, 40.602470161536154 ], [ -74.172573883118318, 40.602973329492947 ], [ -74.174906932923292, 40.602218577557757 ], [ -74.178239861216127, 40.599828529762974 ], [ -74.179517483728375, 40.596725660696066 ], [ -74.182072728752885, 40.594251751575158 ], [ -74.186516633143313, 40.589429725322532 ], [ -74.184683522582262, 40.588842696039599 ], [ -74.185350108240826, 40.587458984158417 ], [ -74.187127669997011, 40.587081608190815 ], [ -74.18862748772878, 40.586075272277228 ], [ -74.190738342314233, 40.585194728352832 ], [ -74.191293830363037, 40.585697896309625 ], [ -74.193349136143624, 40.585027005700567 ], [ -74.194237917021709, 40.585152797689766 ], [ -74.198015235753587, 40.582888541884188 ], [ -74.199626151095117, 40.582259581938189 ], [ -74.199959443924399, 40.580582355415537 ], [ -74.200570480778083, 40.579492158175817 ], [ -74.202959079387938, 40.580121118121809 ], [ -74.206014263656371, 40.579743742154214 ], [ -74.205069933973405, 40.581672552655263 ], [ -74.204403348314841, 40.58372715514551 ], [ -74.204625543534362, 40.584356115091509 ], [ -74.20418115309532, 40.586410717581757 ], [ -74.204625543534362, 40.589303933333333 ], [ -74.202459140144015, 40.590855367866787 ], [ -74.202014749704972, 40.591777842454242 ], [ -74.199348407070715, 40.594084028922893 ], [ -74.19751529650965, 40.596809522022198 ], [ -74.197293101290128, 40.598025511251123 ], [ -74.198737370217032, 40.601715409600956 ], [ -74.20012609033904, 40.603686150765071 ], [ -74.201403712851288, 40.604650556015599 ], [ -74.202236944924493, 40.605950406570656 ], [ -74.202792432973297, 40.6082565930393 ], [ -74.202292493729374, 40.611862630063001 ], [ -74.202459140144015, 40.613288272607257 ], [ -74.200459383168322, 40.616307280348032 ], [ -74.200903773607365, 40.617816784218419 ], [ -74.200348285558562, 40.618278021512147 ], [ -74.201014871217126, 40.620081040023997 ], [ -74.201570359265929, 40.623477423732368 ], [ -74.200959322412245, 40.625364303570358 ], [ -74.201403712851288, 40.626077124842482 ], [ -74.200959322412245, 40.629347716561654 ], [ -74.200459383168322, 40.629641231203117 ], [ -74.20012609033904, 40.631486180378033 ], [ -74.19851517499751, 40.63278603093309 ], [ -74.197348650095009, 40.632995684248421 ], [ -74.196182125192522, 40.634672910771073 ], [ -74.191404927972798, 40.632115140324032 ], [ -74.186738828362849, 40.629976676507646 ], [ -74.183572546484655, 40.628802617941794 ], [ -74.179295288508854, 40.626370639483945 ], [ -74.175740164996512, 40.623225839753971 ], [ -74.172684980728079, 40.621758266546649 ], [ -74.16874101558156, 40.62121316792679 ], [ -74.164797050435055, 40.619661733393336 ], [ -74.161852963776383, 40.618152229522948 ], [ -74.158964425922591, 40.616349211011098 ], [ -74.153687289458944, 40.612365798019802 ] ] ] } },
{ "type": "Feature", "properties": { "id": "252", "NTACode": "SI0291", "GEOCODE": 850291, "GEONAME": "Freshkills Park (North)", "nta_population": 0.0, "pop_within_walk": 0.0, "pct_pop_walk": 0.0 }, "geometry": { "type": "Polygon", "coordinates": [ [ [ -74.169851991679167, 40.570854441584153 ], [ -74.169629796459645, 40.567625780528047 ], [ -74.169851991679167, 40.56108459708971 ], [ -74.171851748654873, 40.561503903720372 ], [ -74.174906932923292, 40.562845684938495 ], [ -74.177573275557563, 40.563768159525949 ], [ -74.179073093289333, 40.569890036333632 ], [ -74.179350837313734, 40.57056092694269 ], [ -74.18440577855786, 40.57299290540054 ], [ -74.18607224270427, 40.572531668106805 ], [ -74.189016329362943, 40.572657460096011 ], [ -74.189182975777584, 40.575508745184514 ], [ -74.190627244704473, 40.576682803750373 ], [ -74.191960416021601, 40.576557011761174 ], [ -74.19751529650965, 40.578863198229818 ], [ -74.200570480778083, 40.579492158175817 ], [ -74.199959443924399, 40.580582355415537 ], [ -74.199626151095117, 40.582259581938189 ], [ -74.198015235753587, 40.582888541884188 ], [ -74.194237917021709, 40.585152797689766 ], [ -74.193349136143624, 40.585027005700567 ], [ -74.191293830363037, 40.585697896309625 ], [ -74.190738342314233, 40.585194728352832 ], [ -74.18862748772878, 40.586075272277228 ], [ -74.187127669997011, 40.587081608190815 ], [ -74.185350108240826, 40.587458984158417 ], [ -74.184683522582262, 40.588842696039599 ], [ -74.186516633143313, 40.589429725322532 ], [ -74.182072728752885, 40.594251751575158 ], [ -74.179517483728375, 40.596725660696066 ], [ -74.178239861216127, 40.599828529762974 ], [ -74.174906932923292, 40.602218577557757 ], [ -74.172573883118318, 40.602973329492947 ], [ -74.170907418971908, 40.602470161536154 ], [ -74.16718564904491, 40.602092785568551 ], [ -74.168296625142517, 40.596432146054603 ], [ -74.168852113191321, 40.594712988868885 ], [ -74.166519063386346, 40.593790514281423 ], [ -74.163574976727674, 40.593371207650762 ], [ -74.163408330313032, 40.592448733063307 ], [ -74.165796928922902, 40.590687645214523 ], [ -74.167574490679073, 40.588968488028797 ], [ -74.168407722752278, 40.586578440234021 ], [ -74.169685345264526, 40.577940723642364 ], [ -74.169963089288927, 40.572909044074407 ], [ -74.169851991679167, 40.570854441584153 ] ] ] } },
{ "type": "Feature", "properties": { "id": "253", "NTACode": "SI0301", "GEOCODE": 850301, "GEONAME": "Oakwood-Richmondtown", "nta_population": 20418.0, "pop_within_walk": 854.36938775510203, "pct_pop_walk": 4.1843931225149475 }, "geometry": { "type": "Polygon", "coordinates": [ [ [ -74.121524531433153, 40.575173299879985 ], [ -74.121857824262435, 40.574208894629457 ], [ -74.121468982628272, 40.571776916171615 ], [ -74.123357641994204, 40.569931966996698 ], [ -74.124913008530854, 40.56896756174617 ], [ -74.123079897969802, 40.567961225832583 ], [ -74.116358492579266, 40.563935882178214 ], [ -74.113747698749876, 40.566493652625262 ], [ -74.110137026432653, 40.564313258145809 ], [ -74.105582024432451, 40.562007071677165 ], [ -74.100082692749282, 40.558946133273324 ], [ -74.10124921765177, 40.557646282718267 ], [ -74.101860254505453, 40.556220640174018 ], [ -74.103082328212821, 40.555885194869482 ], [ -74.104637694749485, 40.554124107020698 ], [ -74.105082085188528, 40.553117771107111 ], [ -74.106415256505656, 40.553872523042301 ], [ -74.107692879017904, 40.553956384368433 ], [ -74.110303672847294, 40.551482475247525 ], [ -74.11280336906691, 40.547876438223817 ], [ -74.113358857115713, 40.548086091539155 ], [ -74.114969772457243, 40.549595595409542 ], [ -74.116580687798788, 40.549134358115808 ], [ -74.119469225652566, 40.552237227182715 ], [ -74.127301607140723, 40.557310837413738 ], [ -74.130412340214022, 40.554417621662161 ], [ -74.133189780458054, 40.552363019171914 ], [ -74.138855758555863, 40.556933461446143 ], [ -74.138189172897299, 40.557604352055201 ], [ -74.135745025482549, 40.558862271947191 ], [ -74.134800695799584, 40.560833013111306 ], [ -74.133411975677575, 40.562132863666363 ], [ -74.131745511531165, 40.564522911461147 ], [ -74.134578500580062, 40.565277663396337 ], [ -74.141299905970598, 40.568422463126311 ], [ -74.144410639043912, 40.569722313681368 ], [ -74.143855150995108, 40.570602857605756 ], [ -74.14418844382439, 40.572028500150012 ], [ -74.132800938823891, 40.573496073357333 ], [ -74.127745997579765, 40.575215230543051 ], [ -74.127079411921201, 40.57638928910891 ], [ -74.125135203750375, 40.575886121152116 ], [ -74.123524288408845, 40.575802259825977 ], [ -74.121524531433153, 40.575173299879985 ] ] ] } },
{ "type": "Feature", "properties": { "id": "254", "NTACode": "SI0302", "GEOCODE": 850302, "GEONAME": "Great Kills-Eltingville", "nta_population": 57572.0, "pop_within_walk": 6145.8477070102399, "pct_pop_walk": 10.67506375844202 }, "geometry": { "type": "Polygon", "coordinates": [ [ [ -74.144410639043912, 40.569722313681368 ], [ -74.141299905970598, 40.568422463126311 ], [ -74.134578500580062, 40.565277663396337 ], [ -74.131745511531165, 40.564522911461147 ], [ -74.133411975677575, 40.562132863666363 ], [ -74.134800695799584, 40.560833013111306 ], [ -74.135745025482549, 40.558862271947191 ], [ -74.138189172897299, 40.557604352055201 ], [ -74.138855758555863, 40.556933461446143 ], [ -74.133189780458054, 40.552363019171914 ], [ -74.134578500580062, 40.551272821932194 ], [ -74.137411489628974, 40.549595595409542 ], [ -74.138633563336342, 40.548505398169816 ], [ -74.137467038433854, 40.547289408940891 ], [ -74.13585612309231, 40.546450795679569 ], [ -74.138744660946102, 40.544899361146115 ], [ -74.141688747604761, 40.542341590699067 ], [ -74.142466430873085, 40.541377185448546 ], [ -74.141910942824282, 40.540370849534952 ], [ -74.141744296409641, 40.538525900360035 ], [ -74.143077467726783, 40.537226049804978 ], [ -74.143855150995108, 40.537142188478846 ], [ -74.144577285458553, 40.535926199249921 ], [ -74.147965762556254, 40.534919863336334 ], [ -74.149743324312439, 40.533494220792079 ], [ -74.152465215751576, 40.532068578247824 ], [ -74.156131436873693, 40.529301154485445 ], [ -74.159908755605571, 40.527372343984396 ], [ -74.164852599239936, 40.534123180738071 ], [ -74.168852113191321, 40.539699958925887 ], [ -74.169074308410842, 40.54104174014401 ], [ -74.175184676947694, 40.543767233243322 ], [ -74.180739557435743, 40.546660448994899 ], [ -74.179406386118615, 40.548337675517551 ], [ -74.175962360216033, 40.554920789618961 ], [ -74.174073700850087, 40.558065589348935 ], [ -74.173240468776882, 40.560078261176116 ], [ -74.171851748654873, 40.561503903720372 ], [ -74.169851991679167, 40.56108459708971 ], [ -74.164963696849696, 40.560120191839182 ], [ -74.163797171947195, 40.560329845154513 ], [ -74.160964182898297, 40.561461973057305 ], [ -74.1572424129713, 40.562552170297025 ], [ -74.155853692849291, 40.563768159525949 ], [ -74.154909363166325, 40.565235732733271 ], [ -74.147910213751373, 40.570896372247219 ], [ -74.144410639043912, 40.569722313681368 ] ] ] } },
{ "type": "Feature", "properties": { "id": "255", "NTACode": "SI0303", "GEOCODE": 850303, "GEONAME": "Arden Heights-Rossville", "nta_population": 31491.0, "pop_within_walk": 0.0, "pct_pop_walk": 0.0 }, "geometry": { "type": "Polygon", "coordinates": [ [ [ -74.177573275557563, 40.563768159525949 ], [ -74.174906932923292, 40.562845684938495 ], [ -74.171851748654873, 40.561503903720372 ], [ -74.173240468776882, 40.560078261176116 ], [ -74.174073700850087, 40.558065589348935 ], [ -74.175962360216033, 40.554920789618961 ], [ -74.179406386118615, 40.548337675517551 ], [ -74.180739557435743, 40.546660448994899 ], [ -74.187572060436054, 40.550140694029402 ], [ -74.1885719389239, 40.548924704800477 ], [ -74.191516025582558, 40.546912032973296 ], [ -74.197293101290128, 40.543264065286529 ], [ -74.203514567436756, 40.542131937383736 ], [ -74.207014142144217, 40.541754561416141 ], [ -74.212291278607864, 40.541377185448546 ], [ -74.214735426022614, 40.541419116111612 ], [ -74.217790610291033, 40.541125601470142 ], [ -74.220623599339945, 40.548589259495948 ], [ -74.221290184998509, 40.5502664860186 ], [ -74.218790488778879, 40.552488811161112 ], [ -74.217790610291033, 40.553033909780979 ], [ -74.217679512681272, 40.5545014829883 ], [ -74.215068718851896, 40.555507818901887 ], [ -74.213513352315232, 40.555675541554152 ], [ -74.210513716851693, 40.557059253435341 ], [ -74.207014142144217, 40.557562421392134 ], [ -74.204625543534362, 40.557059253435341 ], [ -74.203236823412354, 40.556094848184813 ], [ -74.202070298509852, 40.555885194869482 ], [ -74.200181639143921, 40.556472224152415 ], [ -74.197681942924291, 40.558904202610258 ], [ -74.193849075387547, 40.562216724992496 ], [ -74.193182489728983, 40.562594100960091 ], [ -74.190682793509353, 40.562719892949289 ], [ -74.189071878167823, 40.563684298199817 ], [ -74.185239010631065, 40.564564842124213 ], [ -74.183850290509056, 40.565319594059403 ], [ -74.181794984728484, 40.565403455385535 ], [ -74.177573275557563, 40.563768159525949 ] ] ] } },
{ "type": "Feature", "properties": { "id": "256", "NTACode": "SI0304", "GEOCODE": 850304, "GEONAME": "Annadale-Huguenot-Prince's Bay-Woodrow", "nta_population": 42360.0, "pop_within_walk": 0.0, "pct_pop_walk": 0.0 }, "geometry": { "type": "Polygon", "coordinates": [ [ [ -74.180739557435743, 40.546660448994899 ], [ -74.175184676947694, 40.543767233243322 ], [ -74.169074308410842, 40.54104174014401 ], [ -74.168852113191321, 40.539699958925887 ], [ -74.164852599239936, 40.534123180738071 ], [ -74.159908755605571, 40.527372343984396 ], [ -74.162241805410545, 40.527204621332132 ], [ -74.166907905020508, 40.524814573537348 ], [ -74.170018638093808, 40.523053485688564 ], [ -74.17135180941095, 40.523472792319232 ], [ -74.173407115191523, 40.522550317731771 ], [ -74.176017909020914, 40.520873091209118 ], [ -74.177628824362444, 40.519321656675665 ], [ -74.179795227752777, 40.520537645904589 ], [ -74.181183947874786, 40.520663437893788 ], [ -74.184850168996903, 40.519321656675665 ], [ -74.186572181948193, 40.51810566744674 ], [ -74.189294073387344, 40.515338243684369 ], [ -74.189738463826387, 40.515338243684369 ], [ -74.194071270607068, 40.510642009420941 ], [ -74.195237795509556, 40.509971118811876 ], [ -74.196793162046205, 40.510054980138008 ], [ -74.198626272607271, 40.511187108040801 ], [ -74.199626151095117, 40.511396761356131 ], [ -74.200848224802485, 40.513032057215717 ], [ -74.207569630193021, 40.511857998649866 ], [ -74.21001377760777, 40.510558148094809 ], [ -74.211069204900497, 40.509048644224421 ], [ -74.213402254705471, 40.506784388418836 ], [ -74.214346584388451, 40.50653280444044 ], [ -74.216013048534862, 40.50523295388539 ], [ -74.217623963876392, 40.5033460740474 ], [ -74.219623720852084, 40.50280097542754 ], [ -74.221845673047312, 40.502549391449143 ], [ -74.222067868266834, 40.504268548634862 ], [ -74.22312329555956, 40.504855577917787 ], [ -74.222901100340039, 40.507245625712571 ], [ -74.223234393169321, 40.508671268256826 ], [ -74.226567321462156, 40.517267054185417 ], [ -74.22567854058407, 40.518566904740474 ], [ -74.223789881218124, 40.518189528772872 ], [ -74.225011954925492, 40.520453784578457 ], [ -74.224012076437646, 40.5228857630363 ], [ -74.223567685998603, 40.52678531470147 ], [ -74.224512015681569, 40.536513228532854 ], [ -74.224234271657167, 40.540790156165613 ], [ -74.223401039583962, 40.543599510591058 ], [ -74.222178965876594, 40.546241142364231 ], [ -74.220623599339945, 40.548589259495948 ], [ -74.217790610291033, 40.541125601470142 ], [ -74.214735426022614, 40.541419116111612 ], [ -74.212291278607864, 40.541377185448546 ], [ -74.207014142144217, 40.541754561416141 ], [ -74.203514567436756, 40.542131937383736 ], [ -74.197293101290128, 40.543264065286529 ], [ -74.191516025582558, 40.546912032973296 ], [ -74.1885719389239, 40.548924704800477 ], [ -74.187572060436054, 40.550140694029402 ], [ -74.180739557435743, 40.546660448994899 ] ] ] } },
{ "type": "Feature", "properties": { "id": "257", "NTACode": "SI0305", "GEOCODE": 850305, "GEONAME": "Tottenville-Charleston", "nta_population": 16845.0, "pop_within_walk": 4396.2336889780345, "pct_pop_walk": 26.098151908447818 }, "geometry": { "type": "Polygon", "coordinates": [ [ [ -74.207014142144217, 40.557562421392134 ], [ -74.210513716851693, 40.557059253435341 ], [ -74.213513352315232, 40.555675541554152 ], [ -74.215068718851896, 40.555507818901887 ], [ -74.217679512681272, 40.5545014829883 ], [ -74.217790610291033, 40.553033909780979 ], [ -74.218790488778879, 40.552488811161112 ], [ -74.221290184998509, 40.5502664860186 ], [ -74.220623599339945, 40.548589259495948 ], [ -74.222178965876594, 40.546241142364231 ], [ -74.223401039583962, 40.543599510591058 ], [ -74.224234271657167, 40.540790156165613 ], [ -74.224512015681569, 40.536513228532854 ], [ -74.223567685998603, 40.52678531470147 ], [ -74.224012076437646, 40.5228857630363 ], [ -74.225011954925492, 40.520453784578457 ], [ -74.223789881218124, 40.518189528772872 ], [ -74.22567854058407, 40.518566904740474 ], [ -74.226567321462156, 40.517267054185417 ], [ -74.223234393169321, 40.508671268256826 ], [ -74.222901100340039, 40.507245625712571 ], [ -74.22312329555956, 40.504855577917787 ], [ -74.222067868266834, 40.504268548634862 ], [ -74.221845673047312, 40.502549391449143 ], [ -74.225011954925492, 40.50175270885088 ], [ -74.226622870267036, 40.502213946144614 ], [ -74.228455980828087, 40.502255876807681 ], [ -74.231233421072119, 40.501836570177012 ], [ -74.233622019681974, 40.500914095589557 ], [ -74.236843850365048, 40.499949690339029 ], [ -74.238510314511458, 40.498901423762376 ], [ -74.239676839413946, 40.497685434533452 ], [ -74.244231841414148, 40.497559642544253 ], [ -74.246787086438644, 40.496134 ], [ -74.249731173097317, 40.496888751935188 ], [ -74.250842149194924, 40.498020879837981 ], [ -74.251119893219325, 40.498943354425442 ], [ -74.253175198999912, 40.500117412991294 ], [ -74.255230504780485, 40.503933103330333 ], [ -74.2554527, 40.508042308310827 ], [ -74.253341845414553, 40.509845326822678 ], [ -74.253064101390152, 40.512151513291329 ], [ -74.252175320512052, 40.512780473237321 ], [ -74.252119771707171, 40.513702947824783 ], [ -74.249842270707077, 40.515505966336633 ], [ -74.248509099389949, 40.516218787608757 ], [ -74.247509220902103, 40.515715619651964 ], [ -74.245231719901994, 40.517308984848484 ], [ -74.244342939023909, 40.518524974077408 ], [ -74.242343182048216, 40.518315320762071 ], [ -74.240010132243228, 40.520327992589259 ], [ -74.2429542189019, 40.521208536513647 ], [ -74.242620926072618, 40.522047149774977 ], [ -74.243343060536063, 40.525862840114009 ], [ -74.242232084438456, 40.529804322442239 ], [ -74.241565498779877, 40.530894519681965 ], [ -74.242232084438456, 40.534584418031798 ], [ -74.244953975877593, 40.537226049804978 ], [ -74.24445403663367, 40.538022732403235 ], [ -74.245398366316635, 40.539532236273622 ], [ -74.245453915121516, 40.540622433513349 ], [ -74.246453793609362, 40.542173868046802 ], [ -74.247675867316744, 40.54313827329733 ], [ -74.24612050078008, 40.545696043744371 ], [ -74.243620804560464, 40.547666784908486 ], [ -74.241787693999413, 40.546995894299428 ], [ -74.240454522682271, 40.54762485424542 ], [ -74.236510557535766, 40.550434208670865 ], [ -74.236343911121125, 40.552363019171914 ], [ -74.234899642194222, 40.552991979117913 ], [ -74.233510922072213, 40.552446880498046 ], [ -74.232677689999008, 40.55290811779178 ], [ -74.230622384218421, 40.555591680228019 ], [ -74.228733724852489, 40.556304501500151 ], [ -74.226067382218233, 40.556220640174018 ], [ -74.22145683141315, 40.555382026912689 ], [ -74.219734818461859, 40.554627274977499 ], [ -74.216068597339742, 40.555549749564953 ], [ -74.21323560829083, 40.556681877467746 ], [ -74.205680970827089, 40.558526826642662 ], [ -74.207014142144217, 40.557562421392134 ] ] ] } },
{ "type": "Feature", "properties": { "id": "258", "NTACode": "SI0391", "GEOCODE": 850391, "GEONAME": "Freshkills Park (South)", "nta_population": 43.0, "pop_within_walk": 0.0, "pct_pop_walk": 0.0 }, "geometry": { "type": "Polygon", "coordinates": [ [ [ -74.200570480778083, 40.579492158175817 ], [ -74.19751529650965, 40.578863198229818 ], [ -74.191960416021601, 40.576557011761174 ], [ -74.190627244704473, 40.576682803750373 ], [ -74.189182975777584, 40.575508745184514 ], [ -74.189016329362943, 40.572657460096011 ], [ -74.18607224270427, 40.572531668106805 ], [ -74.18440577855786, 40.57299290540054 ], [ -74.179350837313734, 40.57056092694269 ], [ -74.179073093289333, 40.569890036333632 ], [ -74.177573275557563, 40.563768159525949 ], [ -74.181794984728484, 40.565403455385535 ], [ -74.183850290509056, 40.565319594059403 ], [ -74.185239010631065, 40.564564842124213 ], [ -74.189071878167823, 40.563684298199817 ], [ -74.190682793509353, 40.562719892949289 ], [ -74.193182489728983, 40.562594100960091 ], [ -74.193849075387547, 40.562216724992496 ], [ -74.197681942924291, 40.558904202610258 ], [ -74.200181639143921, 40.556472224152415 ], [ -74.202070298509852, 40.555885194869482 ], [ -74.203236823412354, 40.556094848184813 ], [ -74.204625543534362, 40.557059253435341 ], [ -74.207014142144217, 40.557562421392134 ], [ -74.205680970827089, 40.558526826642662 ], [ -74.21323560829083, 40.556681877467746 ], [ -74.212013534583463, 40.558359103990398 ], [ -74.211902436973702, 40.559617023882389 ], [ -74.211180302510257, 40.560413706480645 ], [ -74.211402497729779, 40.563474644884487 ], [ -74.210735912071215, 40.565235732733271 ], [ -74.208847252705283, 40.568925631083104 ], [ -74.208180667046705, 40.570728649594955 ], [ -74.207847374217422, 40.572615529432944 ], [ -74.207069690949098, 40.574753993249324 ], [ -74.207014142144217, 40.57638928910891 ], [ -74.20590316604661, 40.578611614251422 ], [ -74.206014263656371, 40.579743742154214 ], [ -74.202959079387938, 40.580121118121809 ], [ -74.200570480778083, 40.579492158175817 ] ] ] } },
{ "type": "Feature", "properties": { "id": "259", "NTACode": "SI9561", "GEOCODE": 859561, "GEONAME": "Fort Wadsworth", "nta_population": 465.0, "pop_within_walk": 0.0, "pct_pop_walk": 0.0 }, "geometry": { "type": "Polygon", "coordinates": [ [ [ -74.059754260406038, 40.593832444944489 ], [ -74.063753774357437, 40.598947985838585 ], [ -74.06108743172318, 40.599828529762974 ], [ -74.061976212601266, 40.601254172307229 ], [ -74.063975969576958, 40.602134716231618 ], [ -74.065198043284326, 40.604231249384938 ], [ -74.056754624942499, 40.607879217071705 ], [ -74.056032490479055, 40.606789019831979 ], [ -74.053810538283827, 40.60590847590759 ], [ -74.054032733503348, 40.604944070657062 ], [ -74.053532794259425, 40.603644220102005 ], [ -74.052866208600861, 40.59987046042604 ], [ -74.054477123942391, 40.598738332523247 ], [ -74.057199015381542, 40.596390215391537 ], [ -74.059754260406038, 40.593832444944489 ] ] ] } },
{ "type": "Feature", "properties": { "id": "260", "NTACode": "SI9591", "GEOCODE": 859591, "GEONAME": "Hoffman & Swinburne Islands", "nta_population": 0.0, "pop_within_walk": 0.0, "pct_pop_walk": 0.0 }, "geometry": { "type": "Polygon", "coordinates": [ [ [ -74.053143952625263, 40.577689139663967 ], [ -74.054921514381448, 40.577773000990099 ], [ -74.054699319161912, 40.579701811491148 ], [ -74.053699440674066, 40.580540424752471 ], [ -74.052921757405741, 40.579911464806479 ], [ -74.053143952625263, 40.577689139663967 ] ] ] } },
{ "type": "Feature", "properties": { "id": "261", "NTACode": "SI9592", "GEOCODE": 859592, "GEONAME": "Miller Field", "nta_population": 59.0, "pop_within_walk": 0.0, "pct_pop_walk": 0.0 }, "geometry": { "type": "Polygon", "coordinates": [ [ [ -74.084695673797384, 40.571483401530152 ], [ -74.086528784358435, 40.569638452355235 ], [ -74.088306346114621, 40.568338601800178 ], [ -74.089195126992706, 40.56716454323432 ], [ -74.089972810261031, 40.56737419654965 ], [ -74.091250432773279, 40.566493652625262 ], [ -74.094083421822191, 40.562719892949289 ], [ -74.10874830631063, 40.569931966996698 ], [ -74.104693243554365, 40.573999241314127 ], [ -74.093861226602669, 40.568422463126311 ], [ -74.092750250505048, 40.568087017821782 ], [ -74.088750736553664, 40.572363945454541 ], [ -74.087639760456042, 40.57299290540054 ], [ -74.084695673797384, 40.571483401530152 ] ] ] } },
{ "type": "Feature", "properties": { "id": "262", "NTACode": "SI9593", "GEOCODE": 859593, "GEONAME": "Great Kills Park", "nta_population": 0.0, "pop_within_walk": 0.0, "pct_pop_walk": 0.0 }, "geometry": { "type": "Polygon", "coordinates": [ [ [ -74.113358857115713, 40.548086091539155 ], [ -74.115469711701181, 40.547499062256222 ], [ -74.116525138993907, 40.547876438223817 ], [ -74.118024956725677, 40.547289408940891 ], [ -74.119691420872087, 40.545528321092107 ], [ -74.122524409920999, 40.544857430483049 ], [ -74.124246422872289, 40.543096342634264 ], [ -74.126357277457757, 40.540538572187216 ], [ -74.130690084238424, 40.534542487368732 ], [ -74.133578622092216, 40.531523479627964 ], [ -74.136189415921592, 40.529636599789974 ], [ -74.138855758555863, 40.529888183768378 ], [ -74.139189051385145, 40.531649271617162 ], [ -74.140633320312034, 40.534123180738071 ], [ -74.140244478677872, 40.535423031293128 ], [ -74.138022526482658, 40.535213377977797 ], [ -74.134800695799584, 40.535297239303929 ], [ -74.133411975677575, 40.535884268586855 ], [ -74.127968192799287, 40.540706294839481 ], [ -74.127468253555364, 40.541754561416141 ], [ -74.127690448774885, 40.543389857275727 ], [ -74.129523559335937, 40.545570251755173 ], [ -74.131301121092108, 40.546450795679569 ], [ -74.133467524482455, 40.54687010231023 ], [ -74.13585612309231, 40.546450795679569 ], [ -74.137467038433854, 40.547289408940891 ], [ -74.138633563336342, 40.548505398169816 ], [ -74.137411489628974, 40.549595595409542 ], [ -74.134578500580062, 40.551272821932194 ], [ -74.133189780458054, 40.552363019171914 ], [ -74.130412340214022, 40.554417621662161 ], [ -74.127301607140723, 40.557310837413738 ], [ -74.119469225652566, 40.552237227182715 ], [ -74.116580687798788, 40.549134358115808 ], [ -74.114969772457243, 40.549595595409542 ], [ -74.113358857115713, 40.548086091539155 ] ] ] } }
]
}
