{
"type": "FeatureCollection",
"name": "800m_isochrones_ADA_subway",
"crs": { "type": "name", "properties": { "name": "urn:ogc:def:crs:OGC:1.3:CRS84" } },
"features": [
{ "type": "Feature", "properties": { "station": "2" }, "geometry": { "type": "Polygon", "coordinates": [ [ [ -73.9232684, 40.7643922 ], [ -73.9262529, 40.7716422 ], [ -73.9264316, 40.7722568 ], [ -73.9264386, 40.7722977 ], [ -73.9264449, 40.7723632 ], [ -73.9242071, 40.7746198 ], [ -73.9240994, 40.7746862 ], [ -73.923989799999987, 40.7747518 ], [ -73.9217769, 40.7749706 ], [ -73.9163301, 40.7751377 ], [ -73.9138471, 40.7751736 ], [ -73.9122171, 40.7747379 ], [ -73.911914899999985, 40.7744475 ], [ -73.9115015, 40.7739401 ], [ -73.911444, 40.7738695 ], [ -73.910957, 40.7730838 ], [ -73.909510499999982, 40.770028 ], [ -73.9089746, 40.768465 ], [ -73.91409, 40.7657614 ], [ -73.917268399999983, 40.7650674 ], [ -73.9232684, 40.7643922 ] ] ] } },
{ "type": "Feature", "properties": { "station": "9" }, "geometry": { "type": "Polygon", "coordinates": [ [ [ -73.9852358, 40.75857 ], [ -73.9853242, 40.7587749 ], [ -73.9889682, 40.7683281 ], [ -73.988965, 40.7683378 ], [ -73.9828127, 40.7707771 ], [ -73.9826808, 40.7707921 ], [ -73.981905, 40.7708184 ], [ -73.981592299999988, 40.7708156 ], [ -73.9798147, 40.7706977 ], [ -73.9751221, 40.7698618 ], [ -73.9746847, 40.7697807 ], [ -73.972696299999981, 40.7616276 ], [ -73.972784599999983, 40.7615101 ], [ -73.980844799999986, 40.7595852 ], [ -73.9849185, 40.7586185 ], [ -73.9852358, 40.75857 ] ] ] } },
{ "type": "Feature", "properties": { "station": "10" }, "geometry": { "type": "Polygon", "coordinates": [ [ [ -73.9869792, 40.7534735 ], [ -73.9885073, 40.7541232 ], [ -73.9900081, 40.7572106 ], [ -73.991312899999983, 40.7604702 ], [ -73.990876299999982, 40.7610948 ], [ -73.988589299999987, 40.7642367 ], [ -73.9817073, 40.766364 ], [ -73.9798201, 40.765567 ], [ -73.9788765, 40.7641489 ], [ -73.978321899999983, 40.7630332 ], [ -73.9776616, 40.7612699 ], [ -73.9762062, 40.7572271 ], [ -73.976359, 40.7566151 ], [ -73.9764506, 40.7564926 ], [ -73.9844642, 40.7541371 ], [ -73.9861343, 40.7536792 ], [ -73.9869792, 40.7534735 ] ] ] } },
{ "type": "Feature", "properties": { "station": "11" }, "geometry": { "type": "Polygon", "coordinates": [ [ [ -73.9881887, 40.7475752 ], [ -73.989084299999988, 40.7477822 ], [ -73.9892035, 40.747833 ], [ -73.989364599999988, 40.747901799999987 ], [ -73.9918481, 40.7490958 ], [ -73.9928867, 40.7516064 ], [ -73.9945644, 40.7560306 ], [ -73.9949894, 40.7576697 ], [ -73.9949488, 40.7577239 ], [ -73.9949038, 40.7577839 ], [ -73.9927059, 40.7585944 ], [ -73.9849944, 40.760934 ], [ -73.9845556, 40.7608984 ], [ -73.9835595, 40.7604853 ], [ -73.9816164, 40.7580213 ], [ -73.9794582, 40.7527544 ], [ -73.978747, 40.7509721 ], [ -73.9881887, 40.7475752 ] ] ] } },
{ "type": "Feature", "properties": { "station": "12" }, "geometry": { "type": "Polygon", "coordinates": [ [ [ -73.988811, 40.7428129 ], [ -73.9922399, 40.7434619 ], [ -73.9923587, 40.7435122 ], [ -73.993642400000013, 40.7466391 ], [ -73.9950312, 40.7502912 ], [ -73.9956612, 40.7521455 ], [ -73.9957238, 40.7531612 ], [ -73.9956652, 40.7532425 ], [ -73.991770799999983, 40.7547656 ], [ -73.9860083, 40.7565982 ], [ -73.9834531, 40.7555216 ], [ -73.9824724, 40.7540364 ], [ -73.9802666, 40.7482358 ], [ -73.9796871, 40.7462753 ], [ -73.9879795, 40.7430534 ], [ -73.988811, 40.7428129 ] ] ] } },
{ "type": "Feature", "properties": { "station": "15" }, "geometry": { "type": "Polygon", "coordinates": [ [ [ -73.9910278, 40.7292518 ], [ -73.993225899999985, 40.7294869 ], [ -73.9960802, 40.7306049 ], [ -73.9961147, 40.7306403 ], [ -73.9965224, 40.7318669 ], [ -73.9979022, 40.7361466 ], [ -73.9970032, 40.7388514 ], [ -73.996867399999985, 40.7390398 ], [ -73.994549800000016, 40.7405017 ], [ -73.9893583, 40.7422525 ], [ -73.9884667, 40.7421922 ], [ -73.985979599999979, 40.7409813 ], [ -73.9857913, 40.740749 ], [ -73.98314689999998, 40.7340267 ], [ -73.9830836, 40.7333819 ], [ -73.9831679, 40.7332627 ], [ -73.983539099999987, 40.732738 ], [ -73.9836285, 40.7326215 ], [ -73.9846654, 40.7314042 ], [ -73.988715099999979, 40.7298868 ], [ -73.9910278, 40.7292518 ] ] ] } },
{ "type": "Feature", "properties": { "station": "21" }, "geometry": { "type": "Polygon", "coordinates": [ [ [ -74.0133583, 40.7042928 ], [ -74.014389199999982, 40.7044793 ], [ -74.0155637, 40.7047468 ], [ -74.015783099999979, 40.7050577 ], [ -74.0175637, 40.7084478 ], [ -74.018002599999988, 40.7095055 ], [ -74.018205400000014, 40.7104744 ], [ -74.017881299999985, 40.711972 ], [ -74.0177608, 40.7123343 ], [ -74.016415, 40.7147443 ], [ -74.0110152, 40.7164293 ], [ -74.0068313, 40.7165567 ], [ -74.0065116, 40.7165536 ], [ -74.0042879, 40.7131231 ], [ -74.0037239, 40.7118223 ], [ -74.0035931, 40.710853299999989 ], [ -74.0037898, 40.7081225 ], [ -74.004319, 40.7065708 ], [ -74.0044257, 40.7062729 ], [ -74.0048503, 40.705745 ], [ -74.0048909, 40.7057108 ], [ -74.0054491, 40.7055579 ], [ -74.0062534, 40.7053825 ], [ -74.0096715, 40.7047902 ], [ -74.013324299999979, 40.7042973 ], [ -74.0133583, 40.7042928 ] ] ] } },
{ "type": "Feature", "properties": { "station": "25" }, "geometry": { "type": "Polygon", "coordinates": [ [ [ -73.9878328, 40.6864303 ], [ -73.9904302, 40.6866464 ], [ -73.99058, 40.6867146 ], [ -73.9916158, 40.6879456 ], [ -73.9949857, 40.6931959 ], [ -73.9929702, 40.6952608 ], [ -73.9910715, 40.6963948 ], [ -73.9868529, 40.6984409 ], [ -73.9841244, 40.6976521 ], [ -73.981360900000013, 40.6957646 ], [ -73.97904269999998, 40.6935784 ], [ -73.977454599999987, 40.692024 ], [ -73.9774462, 40.6919814 ], [ -73.977367799999982, 40.6913592 ], [ -73.9792155, 40.6883286 ], [ -73.9793466, 40.6881924 ], [ -73.9801481, 40.6875442 ], [ -73.9878328, 40.6864303 ] ] ] } },
{ "type": "Feature", "properties": { "station": "26" }, "geometry": { "type": "Polygon", "coordinates": [ [ [ -73.9778133, 40.6843118 ], [ -73.9814693, 40.6843489 ], [ -73.983498, 40.6847434 ], [ -73.9836231, 40.6847902 ], [ -73.985795, 40.6856327 ], [ -73.987131399999981, 40.687706 ], [ -73.9890086, 40.6912029 ], [ -73.9894892, 40.6923102 ], [ -73.989480299999983, 40.6923988 ], [ -73.9871646, 40.6949024 ], [ -73.9851154, 40.6967385 ], [ -73.982988, 40.6976044 ], [ -73.9804362, 40.6967932 ], [ -73.9757475, 40.6934462 ], [ -73.973061499999986, 40.6896992 ], [ -73.973026299999987, 40.689541 ], [ -73.9745347, 40.6871477 ], [ -73.9778133, 40.6843118 ] ] ] } },
{ "type": "Feature", "properties": { "station": "27" }, "geometry": { "type": "Polygon", "coordinates": [ [ [ -73.9824927, 40.6779364 ], [ -73.982822, 40.6780617 ], [ -73.9842837, 40.6802345 ], [ -73.9870411, 40.6868046 ], [ -73.986943899999986, 40.6869486 ], [ -73.9816375, 40.6898585 ], [ -73.9813241, 40.6900225 ], [ -73.978131600000012, 40.6900239 ], [ -73.9713634, 40.6861517 ], [ -73.970524699999984, 40.6822395 ], [ -73.971236, 40.6808058 ], [ -73.9733807, 40.6786807 ], [ -73.9824927, 40.6779364 ] ] ] } },
{ "type": "Feature", "properties": { "station": "35" }, "geometry": { "type": "Polygon", "coordinates": [ [ [ -74.0230077, 40.6358917 ], [ -74.0243428, 40.6386365 ], [ -74.0246083, 40.6399514 ], [ -74.0247489, 40.6417464 ], [ -74.02397, 40.64578 ], [ -74.0237584, 40.64597 ], [ -74.016001099999983, 40.6467111 ], [ -74.012674, 40.6466194 ], [ -74.0125296, 40.6465331 ], [ -74.0123924, 40.6464335 ], [ -74.0114642, 40.6404146 ], [ -74.0110233, 40.6374095 ], [ -74.011124199999983, 40.6373093 ], [ -74.0230077, 40.6358917 ] ] ] } },
{ "type": "Feature", "properties": { "station": "38" }, "geometry": { "type": "Polygon", "coordinates": [ [ [ -74.0312281, 40.6161299 ], [ -74.033123599999982, 40.6187377 ], [ -74.0366533, 40.6239329 ], [ -74.0365664, 40.624672799999985 ], [ -74.036538899999982, 40.6247608 ], [ -74.0364972, 40.624867599999988 ], [ -74.0363324, 40.6252705 ], [ -74.0271946, 40.6290097 ], [ -74.0257698, 40.62948 ], [ -74.0256311, 40.6294487 ], [ -74.0216803, 40.6225436 ], [ -74.0212979, 40.6186736 ], [ -74.0213685, 40.618444599999989 ], [ -74.0312281, 40.6161299 ] ] ] } },
{ "type": "Feature", "properties": { "station": "40" }, "geometry": { "type": "Polygon", "coordinates": [ [ [ -73.9733086, 40.6778088 ], [ -73.9761402, 40.6779799 ], [ -73.9793077, 40.6782963 ], [ -73.9819696, 40.6793272 ], [ -73.9826681, 40.6804766 ], [ -73.9851687, 40.6863294 ], [ -73.9849605, 40.6868645 ], [ -73.9840696, 40.6882055 ], [ -73.9837015, 40.6887351 ], [ -73.9835112, 40.688874 ], [ -73.9817371, 40.6900183 ], [ -73.981332399999985, 40.6900787 ], [ -73.9781905, 40.6904403 ], [ -73.977955099999988, 40.6903751 ], [ -73.977126, 40.6900937 ], [ -73.9761768, 40.6896674 ], [ -73.9704016, 40.6862622 ], [ -73.9685762, 40.6821404 ], [ -73.9686962, 40.6818558 ], [ -73.972100899999987, 40.6784151 ], [ -73.973086, 40.6778355 ], [ -73.9733086, 40.6778088 ] ] ] } },
{ "type": "Feature", "properties": { "station": "42" }, "geometry": { "type": "Polygon", "coordinates": [ [ [ -73.9598286, 40.6549101 ], [ -73.9679169, 40.6583302 ], [ -73.968401900000018, 40.662629 ], [ -73.967770799999983, 40.6651518 ], [ -73.9662162, 40.6677725 ], [ -73.9660557, 40.6678129 ], [ -73.9650712, 40.6678587 ], [ -73.9642606, 40.6678813 ], [ -73.95904849999998, 40.6679827 ], [ -73.9588587, 40.667941 ], [ -73.953969699999988, 40.6636173 ], [ -73.95384, 40.6633791 ], [ -73.9536847, 40.6630469 ], [ -73.953681399999979, 40.6630213 ], [ -73.953666499999983, 40.6628889 ], [ -73.9534938, 40.6613211 ], [ -73.9536437, 40.6605845 ], [ -73.959712, 40.6549178 ], [ -73.9598286, 40.6549101 ] ] ] } },
{ "type": "Feature", "properties": { "station": "48" }, "geometry": { "type": "Polygon", "coordinates": [ [ [ -73.9623916, 40.6249938 ], [ -73.968784, 40.628473 ], [ -73.968989599999986, 40.629148 ], [ -73.969020599999979, 40.6293067 ], [ -73.966897099999983, 40.6321534 ], [ -73.9657759, 40.6328963 ], [ -73.9612296, 40.6350792 ], [ -73.960506399999986, 40.6354171 ], [ -73.9603334, 40.6353197 ], [ -73.9545286, 40.632034 ], [ -73.953743599999981, 40.6307502 ], [ -73.9538118, 40.6301298 ], [ -73.9557199, 40.6281663 ], [ -73.9603691, 40.6252114 ], [ -73.962222699999984, 40.6250114 ], [ -73.9623916, 40.6249938 ] ] ] } },
{ "type": "Feature", "properties": { "station": "51" }, "geometry": { "type": "Polygon", "coordinates": [ [ [ -73.9606245, 40.6030394 ], [ -73.966615399999981, 40.6056982 ], [ -73.9670923, 40.6073681 ], [ -73.9653307, 40.6097734 ], [ -73.9626915, 40.6125075 ], [ -73.959522199999981, 40.6157118 ], [ -73.9539407, 40.6136072 ], [ -73.9498908, 40.6114803 ], [ -73.9496861, 40.6112857 ], [ -73.9502131, 40.6090644 ], [ -73.9545328, 40.603866 ], [ -73.9552883, 40.6036185 ], [ -73.9573518, 40.6033921 ], [ -73.960465099999979, 40.6030525 ], [ -73.9606245, 40.6030394 ] ] ] } },
{ "type": "Feature", "properties": { "station": "58" }, "geometry": { "type": "Polygon", "coordinates": [ [ [ -73.980456, 40.5722707 ], [ -73.9849777, 40.57257 ], [ -73.9886146, 40.5744288 ], [ -73.9899073, 40.5755946 ], [ -73.9901494, 40.575944 ], [ -73.9901826, 40.5761183 ], [ -73.990261599999982, 40.5765391 ], [ -73.9884578, 40.5784326 ], [ -73.9862686, 40.580682 ], [ -73.982979, 40.5838786 ], [ -73.9755689, 40.5807474 ], [ -73.9745518, 40.5801197 ], [ -73.974109199999987, 40.575065 ], [ -73.9768266, 40.5733606 ], [ -73.980456, 40.5722707 ] ] ] } },
{ "type": "Feature", "properties": { "station": "63" }, "geometry": { "type": "Polygon", "coordinates": [ [ [ -73.9967475, 40.6203833 ], [ -73.9985327, 40.620398 ], [ -74.0002153, 40.6204953 ], [ -74.0024063, 40.6218263 ], [ -74.0033526, 40.6261081 ], [ -74.0035493, 40.6273559 ], [ -74.0037443, 40.630052 ], [ -74.003689399999985, 40.6309365 ], [ -74.0035895, 40.63103370000001 ], [ -74.0029302, 40.6313887 ], [ -73.9952629, 40.6333686 ], [ -73.991692299999983, 40.6321145 ], [ -73.9915358, 40.6320222 ], [ -73.9903951, 40.6296562 ], [ -73.9894653, 40.6232628 ], [ -73.99053259999998, 40.6222389 ], [ -73.9906411, 40.6221373 ], [ -73.9967475, 40.6203833 ] ] ] } },
{ "type": "Feature", "properties": { "station": "68" }, "geometry": { "type": "Polygon", "coordinates": [ [ [ -73.9987188, 40.5962316 ], [ -73.9996075, 40.5966065 ], [ -74.000107699999987, 40.597301 ], [ -74.000147, 40.5975468 ], [ -74.0004432, 40.6026196 ], [ -74.0006237, 40.6059099 ], [ -74.000459299999989, 40.6060854 ], [ -73.995442899999986, 40.6067031 ], [ -73.9881014, 40.6072669 ], [ -73.987483199999986, 40.6062612 ], [ -73.986535499999988, 40.5984368 ], [ -73.9864596, 40.5974765 ], [ -73.9864617, 40.5973484 ], [ -73.9868823, 40.597280499999989 ], [ -73.994532199999981, 40.5965098 ], [ -73.997208499999985, 40.5962459 ], [ -73.9987188, 40.5962316 ] ] ] } },
{ "type": "Feature", "properties": { "station": "71" }, "geometry": { "type": "Polygon", "coordinates": [ [ [ -74.015457699999985, 40.6297095 ], [ -74.015615299999979, 40.6298067 ], [ -74.0161092, 40.6306322 ], [ -74.0169428, 40.6351504 ], [ -74.016706099999979, 40.6356507 ], [ -74.0158823, 40.6364656 ], [ -74.0147087, 40.6375862 ], [ -74.0146039, 40.6376837 ], [ -74.014111499999984, 40.6381391 ], [ -74.0139737, 40.6382656 ], [ -74.0132146, 40.6387348 ], [ -74.0081226, 40.639146599999989 ], [ -74.0060762, 40.6389785 ], [ -74.005903599999982, 40.6388828 ], [ -74.004525299999983, 40.633325 ], [ -74.006088099999985, 40.6307125 ], [ -74.0061408, 40.630663 ], [ -74.0067975, 40.6302408 ], [ -74.0106953, 40.6297899 ], [ -74.015457699999985, 40.6297095 ] ] ] } },
{ "type": "Feature", "properties": { "station": "73" }, "geometry": { "type": "Polygon", "coordinates": [ [ [ -73.9989798, 40.6188311 ], [ -74.0006233, 40.61983 ], [ -74.0007993, 40.6199435 ], [ -74.0027271, 40.6212607 ], [ -74.0037319, 40.6274612 ], [ -74.001979, 40.629144 ], [ -74.0013869, 40.6297005 ], [ -74.000728, 40.630058 ], [ -73.9962327, 40.6312182 ], [ -73.995353199999983, 40.6314244 ], [ -73.993442, 40.6304411 ], [ -73.9932827, 40.6303478 ], [ -73.9919341, 40.6284525 ], [ -73.991312099999988, 40.6253451 ], [ -73.9913923, 40.6216833 ], [ -73.9917018, 40.621119 ], [ -73.9918053, 40.6210168 ], [ -73.9922999, 40.6205553 ], [ -73.9989798, 40.6188311 ] ] ] } },
{ "type": "Feature", "properties": { "station": "83" }, "geometry": { "type": "Polygon", "coordinates": [ [ [ -73.849040299999984, 40.687945 ], [ -73.850787, 40.688125 ], [ -73.8541735, 40.6887573 ], [ -73.858297, 40.6906171 ], [ -73.8583855, 40.6906587 ], [ -73.8589202, 40.6919015 ], [ -73.8591889, 40.6925856 ], [ -73.858111699999981, 40.6954643 ], [ -73.8580617, 40.6955395 ], [ -73.8566404, 40.6970579 ], [ -73.8535781, 40.7000411 ], [ -73.8520543, 40.699722 ], [ -73.8478904, 40.6985842 ], [ -73.847815699999984, 40.6985577 ], [ -73.843861099999984, 40.6960481 ], [ -73.8429119, 40.695276 ], [ -73.8428564, 40.6951266 ], [ -73.8429301, 40.6943005 ], [ -73.842975, 40.694217 ], [ -73.8430283, 40.6941482 ], [ -73.8477829, 40.6882999 ], [ -73.8489348, 40.6879743 ], [ -73.849040299999984, 40.687945 ] ] ] } },
{ "type": "Feature", "properties": { "station": "98" }, "geometry": { "type": "Polygon", "coordinates": [ [ [ -73.9402137, 40.6933393 ], [ -73.9452076, 40.6959248 ], [ -73.950189, 40.6996945 ], [ -73.948313, 40.7039314 ], [ -73.9480801, 40.7043581 ], [ -73.9478554, 40.7047203 ], [ -73.946138199999979, 40.7055273 ], [ -73.9431982, 40.7066602 ], [ -73.9414958, 40.7068209 ], [ -73.9413336, 40.7068345 ], [ -73.9396968, 40.7061428 ], [ -73.9327603, 40.7030628 ], [ -73.9328156, 40.702522 ], [ -73.933387599999989, 40.6976579 ], [ -73.933721299999988, 40.6962246 ], [ -73.9346345, 40.6954791 ], [ -73.9372386, 40.6944294 ], [ -73.9400085, 40.6933639 ], [ -73.9402137, 40.6933393 ] ] ] } },
{ "type": "Feature", "properties": { "station": "101" }, "geometry": { "type": "Polygon", "coordinates": [ [ [ -73.9598737, 40.7028784 ], [ -73.9606861, 40.7028871 ], [ -73.9635984, 40.7035504 ], [ -73.9636721, 40.7036133 ], [ -73.964209899999986, 40.7041417 ], [ -73.9660522, 40.7073196 ], [ -73.966027399999987, 40.7082712 ], [ -73.96591979999998, 40.7088567 ], [ -73.965570899999989, 40.7106039 ], [ -73.965488099999988, 40.7109807 ], [ -73.965442, 40.7110978 ], [ -73.9650131, 40.7117617 ], [ -73.9625922, 40.7126165 ], [ -73.96027119999998, 40.7133272 ], [ -73.957808499999985, 40.7139853 ], [ -73.956249400000019, 40.7142399 ], [ -73.9550713, 40.7144221 ], [ -73.9535297, 40.7143125 ], [ -73.952863099999988, 40.7139833 ], [ -73.9500913, 40.7103782 ], [ -73.9494817, 40.7051355 ], [ -73.9538275, 40.7030854 ], [ -73.9569992, 40.7029767 ], [ -73.9598737, 40.7028784 ] ] ] } },
{ "type": "Feature", "properties": { "station": "105" }, "geometry": { "type": "Polygon", "coordinates": [ [ [ -74.0013124, 40.7073782 ], [ -74.0039401, 40.7073852 ], [ -74.0069639, 40.7077382 ], [ -74.0089047, 40.7089708 ], [ -74.0099476, 40.7097114 ], [ -74.010021699999982, 40.7098901 ], [ -74.0105211, 40.7116331 ], [ -74.0108419, 40.713348 ], [ -74.0110504, 40.7162503 ], [ -74.0110152, 40.7164293 ], [ -74.0106722, 40.7169325 ], [ -74.0088823, 40.717599 ], [ -74.0054361, 40.7183917 ], [ -73.9999865, 40.7191976 ], [ -73.9992959, 40.7189999 ], [ -73.9987897, 40.7185244 ], [ -73.9967017, 40.7147699 ], [ -73.9961585, 40.7136479 ], [ -73.9958246, 40.712259099999983 ], [ -73.9958141, 40.7121906 ], [ -73.995888599999986, 40.7119323 ], [ -73.99688860000002, 40.7101172 ], [ -73.9975863, 40.7090209 ], [ -73.9996017, 40.7078062 ], [ -73.9999932, 40.70762 ], [ -74.0009386, 40.7074076 ], [ -74.0013124, 40.7073782 ] ] ] } },
{ "type": "Feature", "properties": { "station": "106" }, "geometry": { "type": "Polygon", "coordinates": [ [ [ -74.0114757, 40.7040729 ], [ -74.0121439, 40.7045465 ], [ -74.0126723, 40.7049472 ], [ -74.0132383, 40.7056548 ], [ -74.0133856, 40.7058725 ], [ -74.0144307, 40.7083088 ], [ -74.0151287, 40.7109711 ], [ -74.0151261, 40.711436 ], [ -74.0148594, 40.7128187 ], [ -74.0147637, 40.7130723 ], [ -74.0141164, 40.7144549 ], [ -74.011051699999982, 40.715491 ], [ -74.006316, 40.7158303 ], [ -74.005047499999989, 40.7158433 ], [ -74.0031102, 40.7157112 ], [ -74.0020558, 40.7150398 ], [ -74.001871099999988, 40.7147371 ], [ -74.0000008, 40.7116626 ], [ -74.0005786, 40.7083782 ], [ -74.0009386, 40.7074076 ], [ -74.0020721, 40.7055003 ], [ -74.0022107, 40.7054148 ], [ -74.0045393, 40.7049507 ], [ -74.006698299999982, 40.7046667 ], [ -74.0114757, 40.7040729 ] ] ] } },
{ "type": "Feature", "properties": { "station": "108" }, "geometry": { "type": "Polygon", "coordinates": [ [ [ -73.891617199999985, 40.7093161 ], [ -73.8918309, 40.7093437 ], [ -73.8920486, 40.7094295 ], [ -73.8941502, 40.7103173 ], [ -73.897061, 40.7119452 ], [ -73.8977779, 40.7125113 ], [ -73.8978824, 40.7125966 ], [ -73.8978658, 40.7126682 ], [ -73.8975894, 40.7135351 ], [ -73.896285, 40.714818 ], [ -73.8878873, 40.715938 ], [ -73.8863039, 40.7160918 ], [ -73.8849909, 40.7153486 ], [ -73.8840625, 40.7147945 ], [ -73.8809285, 40.7126415 ], [ -73.8809039, 40.7125668 ], [ -73.8907429, 40.7095112 ], [ -73.8913975, 40.7093318 ], [ -73.891617199999985, 40.7093161 ] ] ] } },
{ "type": "Feature", "properties": { "station": "112" }, "geometry": { "type": "Polygon", "coordinates": [ [ [ -73.9177562, 40.6937828 ], [ -73.9178867, 40.693865700000011 ], [ -73.9183949, 40.6943272 ], [ -73.921465499999982, 40.6983705 ], [ -73.92148779999998, 40.6984045 ], [ -73.921451799999986, 40.6985659 ], [ -73.9210029, 40.7002314 ], [ -73.9201965, 40.7022444 ], [ -73.920093899999983, 40.7023588 ], [ -73.9186344, 40.703843 ], [ -73.9185172, 40.7039531 ], [ -73.9089863, 40.7049459 ], [ -73.9082674, 40.7046885 ], [ -73.9081413, 40.704617399999989 ], [ -73.9067754, 40.7038157 ], [ -73.9051717, 40.7028646 ], [ -73.9034012, 40.7003752 ], [ -73.9037858, 40.6986897 ], [ -73.904573, 40.6959553 ], [ -73.9071786, 40.6950125 ], [ -73.9074271, 40.69497770000001 ], [ -73.9140747, 40.694171 ], [ -73.9177562, 40.6937828 ] ] ] } },
{ "type": "Feature", "properties": { "station": "115" }, "geometry": { "type": "Polygon", "coordinates": [ [ [ -74.002876299999983, 40.7332203 ], [ -74.00317459999998, 40.7332363 ], [ -74.006442899999982, 40.7336714 ], [ -74.0083424, 40.7348714 ], [ -74.0097838, 40.7359305 ], [ -74.0109788, 40.738345 ], [ -74.0108548, 40.7422829 ], [ -74.0107358, 40.7424329 ], [ -74.008867, 40.7439504 ], [ -74.0085554, 40.744116 ], [ -74.0022605, 40.7452853 ], [ -73.9982023, 40.7459414 ], [ -73.9956217, 40.7392822 ], [ -73.9955735, 40.7377245 ], [ -73.9956384, 40.737637 ], [ -73.996087599999981, 40.7370478 ], [ -73.999488699999986, 40.7334944 ], [ -74.0007017, 40.7333112 ], [ -74.002876299999983, 40.7332203 ] ] ] } },
{ "type": "Feature", "properties": { "station": "116" }, "geometry": { "type": "Polygon", "coordinates": [ [ [ -74.0013289, 40.7309605 ], [ -74.0032572, 40.7330861 ], [ -74.004583, 40.7376189 ], [ -74.0050636, 40.7407164 ], [ -73.9922399, 40.7434619 ], [ -73.9892546, 40.7359893 ], [ -73.988634399999981, 40.734027 ], [ -73.9887055, 40.7339348 ], [ -73.9887726, 40.7338479 ], [ -73.9897709, 40.7334123 ], [ -73.9910286, 40.7331135 ], [ -73.9976165, 40.7317294 ], [ -74.0013289, 40.7309605 ] ] ] } },
{ "type": "Feature", "properties": { "station": "117" }, "geometry": { "type": "Polygon", "coordinates": [ [ [ -73.990835899999979, 40.728290200000011 ], [ -73.9942097, 40.7283241 ], [ -73.9943763, 40.7284081 ], [ -73.9964018, 40.7300965 ], [ -73.996885, 40.7305429 ], [ -73.998184199999983, 40.7352863 ], [ -73.997987599999988, 40.7360354 ], [ -73.9969101, 40.7375189 ], [ -73.9959679, 40.7388063 ], [ -73.995481700000013, 40.7392232 ], [ -73.9895346, 40.7414019 ], [ -73.9864426, 40.7403501 ], [ -73.986160499999983, 40.7402321 ], [ -73.9853565, 40.738838 ], [ -73.9846114, 40.73708460000001 ], [ -73.9831488, 40.7333775 ], [ -73.9827136, 40.7314146 ], [ -73.9827823, 40.7313223 ], [ -73.9867279, 40.7296759 ], [ -73.990607899999986, 40.7283519 ], [ -73.990835899999979, 40.728290200000011 ] ] ] } },
{ "type": "Feature", "properties": { "station": "119" }, "geometry": { "type": "Polygon", "coordinates": [ [ [ -73.983892200000014, 40.7253751 ], [ -73.9865276, 40.7256792 ], [ -73.988449499999987, 40.7298783 ], [ -73.989872199999979, 40.7343122 ], [ -73.9897892, 40.7344893 ], [ -73.983764599999986, 40.7359563 ], [ -73.978325799999979, 40.736936 ], [ -73.9750875, 40.7336016 ], [ -73.9746296, 40.7329504 ], [ -73.9738575, 40.7311712 ], [ -73.9738068, 40.7308375 ], [ -73.9740105, 40.7294689 ], [ -73.9749449, 40.7271626 ], [ -73.980847, 40.7257165 ], [ -73.983892200000014, 40.7253751 ] ] ] } },
{ "type": "Feature", "properties": { "station": "120" }, "geometry": { "type": "Polygon", "coordinates": [ [ [ -73.9613812, 40.711274 ], [ -73.961534599999979, 40.71132810000001 ], [ -73.963155799999981, 40.7143893 ], [ -73.9631589, 40.7144021 ], [ -73.9635321, 40.7167474 ], [ -73.9638039, 40.7210695 ], [ -73.962977399999986, 40.7217964 ], [ -73.9519997, 40.7226342 ], [ -73.949981699999981, 40.7221883 ], [ -73.9498896, 40.7220832 ], [ -73.9487787, 40.7176544 ], [ -73.9495023, 40.7154156 ], [ -73.951345, 40.7130633 ], [ -73.9522831, 40.7126211 ], [ -73.9558585, 40.7118318 ], [ -73.9576562, 40.7115835 ], [ -73.959472799999986, 40.7113357 ], [ -73.9613812, 40.711274 ] ] ] } },
{ "type": "Feature", "properties": { "station": "121" }, "geometry": { "type": "Polygon", "coordinates": [ [ [ -73.9483854, 40.70752130000001 ], [ -73.9542919, 40.7094436 ], [ -73.9544373, 40.709498 ], [ -73.9555449, 40.7100427 ], [ -73.9572469, 40.7122196 ], [ -73.9581196, 40.7138603 ], [ -73.9577446, 40.7159227 ], [ -73.9547816, 40.7186884 ], [ -73.9510425, 40.7209043 ], [ -73.9497287, 40.7207457 ], [ -73.9455555, 40.719638 ], [ -73.941944699999979, 40.7162532 ], [ -73.94081629999998, 40.7147518 ], [ -73.9413226, 40.713453 ], [ -73.9414684, 40.7132864 ], [ -73.945604, 40.7093033 ], [ -73.9468598, 40.7083994 ], [ -73.9477386, 40.7077875 ], [ -73.94821, 40.7075402 ], [ -73.9483854, 40.70752130000001 ] ] ] } },
{ "type": "Feature", "properties": { "station": "123" }, "geometry": { "type": "Polygon", "coordinates": [ [ [ -73.9394882, 40.7048535 ], [ -73.939782, 40.7050155 ], [ -73.940760699999984, 40.7055586 ], [ -73.944915699999981, 40.7078647 ], [ -73.945104599999979, 40.7079731 ], [ -73.9469643, 40.7091129 ], [ -73.9489597, 40.7104142 ], [ -73.948981499999988, 40.710544 ], [ -73.9491194, 40.7119662 ], [ -73.9476307, 40.7141475 ], [ -73.9433843, 40.7182869 ], [ -73.9407644, 40.71853 ], [ -73.936771199999981, 40.7164483 ], [ -73.9333366, 40.7144659 ], [ -73.932823699999986, 40.7138832 ], [ -73.9325433, 40.7133151 ], [ -73.934771, 40.709546 ], [ -73.9394882, 40.7048535 ] ] ] } },
{ "type": "Feature", "properties": { "station": "128" }, "geometry": { "type": "Polygon", "coordinates": [ [ [ -73.9148095, 40.6944058 ], [ -73.9149434, 40.6944797 ], [ -73.917882, 40.6961426 ], [ -73.9186982, 40.6966123 ], [ -73.9201207, 40.698554799999989 ], [ -73.9201667, 40.6986943 ], [ -73.9200106, 40.6998389 ], [ -73.9186344, 40.703843 ], [ -73.9185172, 40.7039531 ], [ -73.9140368, 40.7046635 ], [ -73.9063732, 40.7053788 ], [ -73.9062421, 40.7053047 ], [ -73.90563010000001, 40.7049427 ], [ -73.905495299999984, 40.7048629 ], [ -73.902807399999986, 40.7014672 ], [ -73.902546199999989, 40.7004154 ], [ -73.903835, 40.6955406 ], [ -73.911002599999989, 40.6947189 ], [ -73.9148095, 40.6944058 ] ] ] } },
{ "type": "Feature", "properties": { "station": "130" }, "geometry": { "type": "Polygon", "coordinates": [ [ [ -73.909873499999989, 40.6839344 ], [ -73.9099206, 40.6839612 ], [ -73.9101303, 40.6848368 ], [ -73.911124799999982, 40.6900134 ], [ -73.9111797, 40.6923435 ], [ -73.911066, 40.6924592 ], [ -73.9081098, 40.6930819 ], [ -73.9044144, 40.6932597 ], [ -73.9035495, 40.6929527 ], [ -73.9028025, 40.692524 ], [ -73.902732499999985, 40.6924791 ], [ -73.9024774, 40.6921613 ], [ -73.9014109, 40.6885833 ], [ -73.9014891, 40.6881807 ], [ -73.901591, 40.6877515 ], [ -73.9061102, 40.6848764 ], [ -73.9086419, 40.6839831 ], [ -73.909873499999989, 40.6839344 ] ] ] } },
{ "type": "Feature", "properties": { "station": "135" }, "geometry": { "type": "Polygon", "coordinates": [ [ [ -73.8995841, 40.6606787 ], [ -73.902062, 40.6619741 ], [ -73.9042739, 40.663176 ], [ -73.9053753, 40.6661754 ], [ -73.905398799999986, 40.6662643 ], [ -73.9036939, 40.6681996 ], [ -73.9019508, 40.6697455 ], [ -73.9012117, 40.6698597 ], [ -73.9001195, 40.670015 ], [ -73.8980416, 40.6690421 ], [ -73.893386699999979, 40.6665348 ], [ -73.8933659, 40.6664577 ], [ -73.8933495, 40.6663946 ], [ -73.8964305, 40.6627331 ], [ -73.8980005, 40.661051 ], [ -73.8987254, 40.6608033 ], [ -73.8988924, 40.6607786 ], [ -73.8995841, 40.6606787 ] ] ] } },
{ "type": "Feature", "properties": { "station": "138" }, "geometry": { "type": "Polygon", "coordinates": [ [ [ -73.899238200000013, 40.6417408 ], [ -73.9067502, 40.6422027 ], [ -73.90911269999998, 40.6432202 ], [ -73.90894849999998, 40.6449095 ], [ -73.9084167, 40.6495043 ], [ -73.9075825, 40.6500494 ], [ -73.9056962, 40.6512762 ], [ -73.902070399999985, 40.6509552 ], [ -73.8978103, 40.6482165 ], [ -73.8977355, 40.6481424 ], [ -73.897653299999988, 40.6480607 ], [ -73.8982787, 40.6422749 ], [ -73.8986448, 40.6420128 ], [ -73.8988661, 40.6418665 ], [ -73.899238200000013, 40.6417408 ] ] ] } },
{ "type": "Feature", "properties": { "station": "139" }, "geometry": { "type": "Polygon", "coordinates": [ [ [ -73.9566393, 40.6740901 ], [ -73.956830399999987, 40.6741311 ], [ -73.9573271, 40.674302 ], [ -73.9576152, 40.674416 ], [ -73.9578737, 40.6746848 ], [ -73.9604636, 40.6774144 ], [ -73.9632245, 40.6810247 ], [ -73.963401499999989, 40.6819215 ], [ -73.9635437, 40.682694 ], [ -73.9569621, 40.6870618 ], [ -73.9567341, 40.6869421 ], [ -73.9500431, 40.6832187 ], [ -73.9475603, 40.6784982 ], [ -73.947564799999981, 40.6784386 ], [ -73.949751, 40.6768046 ], [ -73.9526767, 40.675268 ], [ -73.9566393, 40.6740901 ] ] ] } },
{ "type": "Feature", "properties": { "station": "141" }, "geometry": { "type": "Polygon", "coordinates": [ [ [ -73.9585449, 40.6688148 ], [ -73.958735, 40.6688546 ], [ -73.961892299999988, 40.6700952 ], [ -73.962258399999982, 40.6705338 ], [ -73.96641409999998, 40.6761367 ], [ -73.966368299999985, 40.6762726 ], [ -73.9660965, 40.6770158 ], [ -73.9637981, 40.6785758 ], [ -73.958364, 40.6800014 ], [ -73.955841, 40.6802691 ], [ -73.955620199999984, 40.6802924 ], [ -73.9537704, 40.6791023 ], [ -73.949893799999984, 40.6752869 ], [ -73.9500654, 40.6734166 ], [ -73.950074699999988, 40.6733503 ], [ -73.950350199999988, 40.6726137 ], [ -73.953097, 40.6708325 ], [ -73.9585449, 40.6688148 ] ] ] } },
{ "type": "Feature", "properties": { "station": "143" }, "geometry": { "type": "Polygon", "coordinates": [ [ [ -73.920657399999982, 40.8618859 ], [ -73.9281197, 40.8649455 ], [ -73.928288399999985, 40.8651302 ], [ -73.9283945, 40.865319399999983 ], [ -73.928531699999979, 40.8656428 ], [ -73.9240853, 40.8733471 ], [ -73.9239447, 40.8735372 ], [ -73.9198094, 40.8740587 ], [ -73.912848, 40.8723804 ], [ -73.9124477, 40.8722503 ], [ -73.91221, 40.870492 ], [ -73.9127171, 40.8694612 ], [ -73.9158603, 40.8631901 ], [ -73.9181553, 40.8623829 ], [ -73.920657399999982, 40.8618859 ] ] ] } },
{ "type": "Feature", "properties": { "station": "146" }, "geometry": { "type": "Polygon", "coordinates": [ [ [ -73.94044, 40.8452697 ], [ -73.9405521, 40.8453153 ], [ -73.9406417, 40.8453568 ], [ -73.941189499999979, 40.8461407 ], [ -73.9421969, 40.8476869 ], [ -73.9429848, 40.8489792 ], [ -73.9430242, 40.8491584 ], [ -73.9418189, 40.8523089 ], [ -73.9361731, 40.8580318 ], [ -73.9345972, 40.8586564 ], [ -73.934341299999986, 40.8582888 ], [ -73.93207529999998, 40.8536164 ], [ -73.9317792, 40.8493342 ], [ -73.931825, 40.8492703 ], [ -73.9318628, 40.8492183 ], [ -73.9327938, 40.8479492 ], [ -73.94044, 40.8452697 ] ] ] } },
{ "type": "Feature", "properties": { "station": "147" }, "geometry": { "type": "Polygon", "coordinates": [ [ [ -73.9429062, 40.8406001 ], [ -73.9429599, 40.8407712 ], [ -73.9431296, 40.8427237 ], [ -73.943652899999989, 40.8493543 ], [ -73.9419549, 40.8517167 ], [ -73.9418422, 40.8518322 ], [ -73.94045610000002, 40.8527355 ], [ -73.938281799999984, 40.8535908 ], [ -73.9373065, 40.8534236 ], [ -73.934608199999985, 40.85208870000001 ], [ -73.933952099999985, 40.8510748 ], [ -73.933439, 40.8499495 ], [ -73.9319232, 40.8456491 ], [ -73.9345667, 40.842812 ], [ -73.939349599999986, 40.8409947 ], [ -73.9394727, 40.8409552 ], [ -73.9429062, 40.8406001 ] ] ] } },
{ "type": "Feature", "properties": { "station": "148" }, "geometry": { "type": "Polygon", "coordinates": [ [ [ -73.9411475, 40.8340575 ], [ -73.944227, 40.8353321 ], [ -73.9447044, 40.8363642 ], [ -73.945543, 40.839232 ], [ -73.9455129, 40.8399401 ], [ -73.9453361, 40.8415024 ], [ -73.9426268, 40.8462601 ], [ -73.9381033, 40.8478105 ], [ -73.937824599999985, 40.8477313 ], [ -73.935705899999988, 40.8468419 ], [ -73.9355789, 40.8467874 ], [ -73.935465599999986, 40.8467386 ], [ -73.9345588, 40.8455457 ], [ -73.933856299999988, 40.8442926 ], [ -73.9337999, 40.8441438 ], [ -73.9334356, 40.8417688 ], [ -73.9376044, 40.8349583 ], [ -73.937751, 40.834889 ], [ -73.939193599999982, 40.8342246 ], [ -73.9409937, 40.8340603 ], [ -73.9411475, 40.8340575 ] ] ] } },
{ "type": "Feature", "properties": { "station": "153" }, "geometry": { "type": "Polygon", "coordinates": [ [ [ -73.952175, 40.8040384 ], [ -73.952582799999988, 40.804065 ], [ -73.9554376, 40.8043253 ], [ -73.9567963, 40.8049002 ], [ -73.956893, 40.804942 ], [ -73.9569887, 40.8049834 ], [ -73.9581588, 40.8068322 ], [ -73.958349499999983, 40.8073074 ], [ -73.960130699999979, 40.8123242 ], [ -73.9599411, 40.8137861 ], [ -73.9583613, 40.815984899999989 ], [ -73.9577687, 40.8162318 ], [ -73.952305699999982, 40.8171725 ], [ -73.952195, 40.817185 ], [ -73.948009, 40.817116 ], [ -73.9478946, 40.8169645 ], [ -73.9471704, 40.8158861 ], [ -73.9458305, 40.8127484 ], [ -73.9447949, 40.8084418 ], [ -73.9457669, 40.8071017 ], [ -73.9458645, 40.8069737 ], [ -73.952175, 40.8040384 ] ] ] } },
{ "type": "Feature", "properties": { "station": "161" }, "geometry": { "type": "Polygon", "coordinates": [ [ [ -73.983555599999988, 40.7619504 ], [ -73.986209799999983, 40.762397 ], [ -73.9887161, 40.7689036 ], [ -73.9896331, 40.7720095 ], [ -73.9895924, 40.7720673 ], [ -73.9850636, 40.7741575 ], [ -73.9819608, 40.7753258 ], [ -73.9771986, 40.7742915 ], [ -73.9745932, 40.7698488 ], [ -73.9745158, 40.7685105 ], [ -73.9745026, 40.7650952 ], [ -73.9760785, 40.7639869 ], [ -73.977198, 40.7635345 ], [ -73.9807044, 40.7625523 ], [ -73.983555599999988, 40.7619504 ] ] ] } },
{ "type": "Feature", "properties": { "station": "162" }, "geometry": { "type": "Polygon", "coordinates": [ [ [ -73.990574, 40.756431399999983 ], [ -73.9912418, 40.7579753 ], [ -73.993083299999981, 40.7627073 ], [ -73.993841499999988, 40.7655635 ], [ -73.9938048, 40.7656156 ], [ -73.99059459999998, 40.7665609 ], [ -73.990371199999984, 40.7666218 ], [ -73.9826016, 40.768379 ], [ -73.9820158, 40.7684053 ], [ -73.9811613, 40.7680944 ], [ -73.9794188, 40.7635805 ], [ -73.9780043, 40.7597079 ], [ -73.9780536, 40.7588356 ], [ -73.97811609999998, 40.7587481 ], [ -73.9788983, 40.7585145 ], [ -73.9823453, 40.7575118 ], [ -73.9860547, 40.75647330000001 ], [ -73.990574, 40.756431399999983 ] ] ] } },
{ "type": "Feature", "properties": { "station": "163" }, "geometry": { "type": "Polygon", "coordinates": [ [ [ -73.9936578, 40.7510123 ], [ -73.9938683, 40.7511008 ], [ -73.9942998, 40.751294 ], [ -73.994366899999989, 40.7514174 ], [ -73.996989499999984, 40.7577955 ], [ -73.9973352, 40.7588106 ], [ -73.9974191, 40.7603145 ], [ -73.9973393, 40.7604226 ], [ -73.9942481, 40.7615543 ], [ -73.994026, 40.7616101 ], [ -73.9873213, 40.7630694 ], [ -73.9850188, 40.7635525 ], [ -73.9827028, 40.7575793 ], [ -73.9825316, 40.7567694 ], [ -73.982348499999986, 40.754216 ], [ -73.9824724, 40.7540364 ], [ -73.9828853, 40.7534877 ], [ -73.985774899999981, 40.75231990000001 ], [ -73.9873672, 40.7520319 ], [ -73.9936578, 40.7510123 ] ] ] } },
{ "type": "Feature", "properties": { "station": "164" }, "geometry": { "type": "Polygon", "coordinates": [ [ [ -73.9978286, 40.7459773 ], [ -73.998194, 40.7467491 ], [ -74.001187099999981, 40.754497899999983 ], [ -74.001309, 40.7549036 ], [ -74.0013337, 40.755109 ], [ -74.0013245, 40.7553209 ], [ -74.001299399999979, 40.7553548 ], [ -74.0006946, 40.7558448 ], [ -74.0003337, 40.756042 ], [ -73.9912418, 40.7579753 ], [ -73.9887591, 40.7584302 ], [ -73.9875373, 40.7554111 ], [ -73.9862151, 40.7517109 ], [ -73.9874817, 40.7479942 ], [ -73.9875692, 40.7478813 ], [ -73.9884062, 40.7476558 ], [ -73.9978286, 40.7459773 ] ] ] } },
{ "type": "Feature", "properties": { "station": "166" }, "geometry": { "type": "Polygon", "coordinates": [ [ [ -74.001405, 40.7345374 ], [ -74.0059582, 40.735109 ], [ -74.006188, 40.7351715 ], [ -74.006919, 40.7356488 ], [ -74.0069253, 40.7356539 ], [ -74.008158399999985, 40.7369197 ], [ -74.008302599999979, 40.7375012 ], [ -74.0092661, 40.7421895 ], [ -74.0087696, 40.7446574 ], [ -74.008438700000013, 40.7447576 ], [ -74.0060414, 40.7453509 ], [ -74.0003693, 40.7465698 ], [ -73.9970531, 40.7472616 ], [ -73.9969516, 40.7471538 ], [ -73.9944282, 40.7404526 ], [ -73.9942371, 40.738843 ], [ -73.9942821, 40.7387808 ], [ -73.996087599999981, 40.7370478 ], [ -73.9998267, 40.7346612 ], [ -74.0000603, 40.734628 ], [ -74.001405, 40.7345374 ] ] ] } },
{ "type": "Feature", "properties": { "station": "167" }, "geometry": { "type": "Polygon", "coordinates": [ [ [ -74.003608699999987, 40.7261846 ], [ -74.0039191, 40.7262025 ], [ -74.005398, 40.7272187 ], [ -74.007208899999981, 40.728852 ], [ -74.0083238, 40.7303036 ], [ -74.0086944, 40.7319404 ], [ -74.0087533, 40.7325341 ], [ -74.0087196, 40.7327494 ], [ -74.0084546, 40.7334794 ], [ -74.0050711, 40.7374895 ], [ -74.004912899999979, 40.737616 ], [ -74.0040751, 40.7381873 ], [ -74.003809, 40.7383028 ], [ -74.0025663, 40.7388232 ], [ -73.9957807, 40.7385786 ], [ -73.993143, 40.7316959 ], [ -73.9928143, 40.7299801 ], [ -73.993225899999985, 40.7294869 ], [ -73.9941191, 40.728421 ], [ -73.9942097, 40.7283241 ], [ -73.9973499, 40.7273585 ], [ -73.999946599999987, 40.7267633 ], [ -74.003608699999987, 40.7261846 ] ] ] } },
{ "type": "Feature", "properties": { "station": "167" }, "geometry": { "type": "Polygon", "coordinates": [ [ [ -74.003608699999987, 40.7261846 ], [ -74.0039191, 40.7262025 ], [ -74.005398, 40.7272187 ], [ -74.007208899999981, 40.728852 ], [ -74.0083238, 40.7303036 ], [ -74.0086944, 40.7319404 ], [ -74.0087533, 40.7325341 ], [ -74.0087196, 40.7327494 ], [ -74.0084546, 40.7334794 ], [ -74.0050711, 40.7374895 ], [ -74.004912899999979, 40.737616 ], [ -74.0040751, 40.7381873 ], [ -74.003809, 40.7383028 ], [ -74.0025663, 40.7388232 ], [ -73.9957807, 40.7385786 ], [ -73.993143, 40.7316959 ], [ -73.9928143, 40.7299801 ], [ -73.993225899999985, 40.7294869 ], [ -73.9941191, 40.728421 ], [ -73.9942097, 40.7283241 ], [ -73.9973499, 40.7273585 ], [ -73.999946599999987, 40.7267633 ], [ -74.003608699999987, 40.7261846 ] ] ] } },
{ "type": "Feature", "properties": { "station": "171" }, "geometry": { "type": "Polygon", "coordinates": [ [ [ -74.014240700000016, 40.7064822 ], [ -74.01583429999998, 40.7098759 ], [ -74.0165209, 40.7117071 ], [ -74.0173692, 40.714754 ], [ -74.0173266, 40.7150841 ], [ -74.0172152, 40.7153432 ], [ -74.0165843, 40.7163671 ], [ -74.0165462, 40.7163922 ], [ -74.0149116, 40.7172783 ], [ -74.0141086, 40.717659 ], [ -74.013874, 40.7177575 ], [ -74.0104189, 40.7188986 ], [ -74.005103, 40.7186178 ], [ -74.002472, 40.7143219 ], [ -74.0020776, 40.7122763 ], [ -74.0024521, 40.7099996 ], [ -74.0041744, 40.7081475 ], [ -74.0043625, 40.7080576 ], [ -74.0074871, 40.7071686 ], [ -74.0107328, 40.7068283 ], [ -74.014240700000016, 40.7064822 ] ] ] } },
{ "type": "Feature", "properties": { "station": "172" }, "geometry": { "type": "Polygon", "coordinates": [ [ [ -74.0114741, 40.7039774 ], [ -74.01169010000001, 40.7039826 ], [ -74.0126723, 40.7049472 ], [ -74.0132383, 40.7056548 ], [ -74.0133856, 40.7058725 ], [ -74.0138821, 40.7068888 ], [ -74.0144697, 40.7082101 ], [ -74.015065399999983, 40.709737 ], [ -74.0153015, 40.7110247 ], [ -74.0148594, 40.7128187 ], [ -74.0147637, 40.7130723 ], [ -74.0142294, 40.7142037 ], [ -74.011426799999981, 40.7150324 ], [ -74.0061505, 40.7157797 ], [ -74.005047499999989, 40.7158433 ], [ -74.003204, 40.7155502 ], [ -74.002066, 40.7150396 ], [ -74.001871099999988, 40.7147371 ], [ -74.0002917, 40.7115501 ], [ -74.0009386, 40.7074076 ], [ -74.001597, 40.7060021 ], [ -74.0024783, 40.7049644 ], [ -74.0089703, 40.7042298 ], [ -74.0114741, 40.7039774 ] ] ] } },
{ "type": "Feature", "properties": { "station": "174" }, "geometry": { "type": "Polygon", "coordinates": [ [ [ -73.9908657, 40.686006 ], [ -73.991020300000017, 40.6860656 ], [ -73.992081, 40.6872851 ], [ -73.9960232, 40.693258899999989 ], [ -73.9940193, 40.6955391 ], [ -73.9915473, 40.6971567 ], [ -73.986975299999983, 40.6992847 ], [ -73.986860399999983, 40.6992284 ], [ -73.98665219999998, 40.6991126 ], [ -73.9807387, 40.6945535 ], [ -73.980317, 40.6940101 ], [ -73.9788308, 40.6919799 ], [ -73.978816199999983, 40.6918537 ], [ -73.98018829999998, 40.6887072 ], [ -73.980298599999983, 40.6885531 ], [ -73.98133679999998, 40.68803 ], [ -73.9878864, 40.6865871 ], [ -73.9908657, 40.686006 ] ] ] } },
{ "type": "Feature", "properties": { "station": "178" }, "geometry": { "type": "Polygon", "coordinates": [ [ [ -73.9596489, 40.6758118 ], [ -73.9659359, 40.6831964 ], [ -73.9659718, 40.6833807 ], [ -73.9641419, 40.6847375 ], [ -73.9598221, 40.6874662 ], [ -73.959810299999987, 40.6874731 ], [ -73.9596352, 40.6874933 ], [ -73.9571007, 40.6877855 ], [ -73.956877, 40.6876789 ], [ -73.9546505, 40.686434 ], [ -73.9504227, 40.6840672 ], [ -73.950068499999986, 40.6833567 ], [ -73.949491, 40.6818519 ], [ -73.9494768, 40.6817877 ], [ -73.949427199999988, 40.6803085 ], [ -73.9494801, 40.6797105 ], [ -73.9494945, 40.6795683 ], [ -73.9527545, 40.6767248 ], [ -73.9560014, 40.675835 ], [ -73.9596489, 40.6758118 ] ] ] } },
{ "type": "Feature", "properties": { "station": "181" }, "geometry": { "type": "Polygon", "coordinates": [ [ [ -73.930530399999981, 40.6740758 ], [ -73.9334904, 40.674235 ], [ -73.9361084, 40.6760617 ], [ -73.938142699999986, 40.67792450000001 ], [ -73.9398871, 40.679865 ], [ -73.939888, 40.679959 ], [ -73.9397064, 40.6802037 ], [ -73.9327526, 40.6859557 ], [ -73.932570299999981, 40.6859769 ], [ -73.9295492, 40.6849607 ], [ -73.92334959999998, 40.6817364 ], [ -73.9214407, 40.6789495 ], [ -73.9215564, 40.6787757 ], [ -73.927682, 40.6748171 ], [ -73.930530399999981, 40.6740758 ] ] ] } },
{ "type": "Feature", "properties": { "station": "188" }, "geometry": { "type": "Polygon", "coordinates": [ [ [ -73.8712093, 40.6690479 ], [ -73.872715, 40.6690754 ], [ -73.8738804, 40.6692452 ], [ -73.880873099999988, 40.6740307 ], [ -73.880891199999979, 40.6741084 ], [ -73.8809127, 40.6742126 ], [ -73.8773646, 40.679891499999989 ], [ -73.8737313, 40.6812259 ], [ -73.8735576, 40.6812711 ], [ -73.8714249, 40.6811579 ], [ -73.869250599999987, 40.6801566 ], [ -73.8647893, 40.6777843 ], [ -73.862652, 40.676553 ], [ -73.8631065, 40.6745742 ], [ -73.8687508, 40.6699859 ], [ -73.8712093, 40.6690479 ] ] ] } },
{ "type": "Feature", "properties": { "station": "195" }, "geometry": { "type": "Polygon", "coordinates": [ [ [ -73.823909299999983, 40.6796927 ], [ -73.827225899999988, 40.6807394 ], [ -73.834477, 40.6832271 ], [ -73.834575700000016, 40.6832695 ], [ -73.833525099999989, 40.6856275 ], [ -73.831953299999981, 40.6883629 ], [ -73.829806, 40.6917064 ], [ -73.829072, 40.6923007 ], [ -73.8289926, 40.6923221 ], [ -73.8280085, 40.6922218 ], [ -73.8175966, 40.6888908 ], [ -73.817637199999979, 40.6887812 ], [ -73.818937, 40.6855118 ], [ -73.8203148, 40.6827029 ], [ -73.8221071, 40.6802039 ], [ -73.8221845, 40.6801808 ], [ -73.8237578, 40.679729 ], [ -73.8238372, 40.6797099 ], [ -73.823909299999983, 40.6796927 ] ] ] } },
{ "type": "Feature", "properties": { "station": "196" }, "geometry": { "type": "Polygon", "coordinates": [ [ [ -73.8316873, 40.6668254 ], [ -73.8332335, 40.6668309 ], [ -73.8339006, 40.666931 ], [ -73.8347364, 40.6671462 ], [ -73.8391127, 40.6688384 ], [ -73.841807, 40.6707531 ], [ -73.8432621, 40.6720732 ], [ -73.8432814, 40.672151 ], [ -73.8416703, 40.674397 ], [ -73.8401173, 40.6762442 ], [ -73.839977, 40.6762935 ], [ -73.831092899999987, 40.6764585 ], [ -73.8303013, 40.6680936 ], [ -73.8303847, 40.6679038 ], [ -73.8304856, 40.6676966 ], [ -73.8306957, 40.6672653 ], [ -73.8316873, 40.6668254 ] ] ] } },
{ "type": "Feature", "properties": { "station": "198" }, "geometry": { "type": "Polygon", "coordinates": [ [ [ -73.8281668, 40.6542192 ], [ -73.8319755, 40.6552681 ], [ -73.8344407, 40.6564389 ], [ -73.836692, 40.6578394 ], [ -73.838069899999979, 40.6595285 ], [ -73.8380751, 40.6595496 ], [ -73.8375541, 40.6613088 ], [ -73.835089199999985, 40.6654368 ], [ -73.8343371, 40.6653033 ], [ -73.833675699999986, 40.6651826 ], [ -73.8323129, 40.6640354 ], [ -73.830111299999984, 40.6604806 ], [ -73.828585, 40.656016 ], [ -73.8283704, 40.6551994 ], [ -73.8282417, 40.6547096 ], [ -73.828115, 40.6542271 ], [ -73.8281668, 40.6542192 ] ] ] } },
{ "type": "Feature", "properties": { "station": "203" }, "geometry": { "type": "Polygon", "coordinates": [ [ [ -73.8361668, 40.5777391 ], [ -73.840652, 40.5788016 ], [ -73.8432142, 40.579702 ], [ -73.8432654, 40.5797721 ], [ -73.8441193, 40.5814271 ], [ -73.8441566, 40.5815111 ], [ -73.8439709, 40.5815833 ], [ -73.831553099999979, 40.5842883 ], [ -73.8293248, 40.5841683 ], [ -73.82768249999998, 40.5829023 ], [ -73.8287505, 40.581032 ], [ -73.828920599999989, 40.5807888 ], [ -73.8292293, 40.580629 ], [ -73.8358917, 40.5778265 ], [ -73.8361668, 40.5777391 ] ] ] } },
{ "type": "Feature", "properties": { "station": "204" }, "geometry": { "type": "Polygon", "coordinates": [ [ [ -73.801357199999984, 40.5862731 ], [ -73.8032402, 40.5873565 ], [ -73.8042673, 40.5882345 ], [ -73.8054165, 40.5898579 ], [ -73.8053597, 40.5904261 ], [ -73.805342, 40.590558 ], [ -73.8040277, 40.5924277 ], [ -73.7985589, 40.5968816 ], [ -73.7966259, 40.5969942 ], [ -73.7965228, 40.597000199999989 ], [ -73.789062, 40.5932111 ], [ -73.7889403, 40.5930606 ], [ -73.788951, 40.5921369 ], [ -73.7895122, 40.5906429 ], [ -73.7934332, 40.5877202 ], [ -73.7939717, 40.5876136 ], [ -73.7963958, 40.5871468 ], [ -73.8008328, 40.5863337 ], [ -73.801357199999984, 40.5862731 ] ] ] } },
{ "type": "Feature", "properties": { "station": "209" }, "geometry": { "type": "Polygon", "coordinates": [ [ [ -73.7584965, 40.6002838 ], [ -73.759318599999986, 40.6005262 ], [ -73.7608765, 40.6013853 ], [ -73.7611267, 40.6018093 ], [ -73.7613889, 40.6025263 ], [ -73.762619199999989, 40.6065987 ], [ -73.7618974, 40.606968 ], [ -73.7605724, 40.6075687 ], [ -73.757712, 40.6088342 ], [ -73.755820699999987, 40.6095767 ], [ -73.7533865, 40.6105239 ], [ -73.753147199999987, 40.6106142 ], [ -73.7513426, 40.6092526 ], [ -73.749580199999983, 40.6072759 ], [ -73.749538099999981, 40.6071831 ], [ -73.7487464, 40.6028764 ], [ -73.748810399999982, 40.6019847 ], [ -73.7536773, 40.6006454 ], [ -73.7584965, 40.6002838 ] ] ] } },
{ "type": "Feature", "properties": { "station": "211" }, "geometry": { "type": "Polygon", "coordinates": [ [ [ -73.883625, 40.867258 ], [ -73.8927418, 40.8677803 ], [ -73.8929982, 40.8678768 ], [ -73.8931541, 40.8679425 ], [ -73.8938656, 40.8708957 ], [ -73.894237799999985, 40.8755466 ], [ -73.8941709, 40.8756331 ], [ -73.894103099999981, 40.8757206 ], [ -73.8912227, 40.8777902 ], [ -73.8857953, 40.8797016 ], [ -73.88444149999998, 40.8795601 ], [ -73.87999, 40.87327 ], [ -73.880684, 40.8709167 ], [ -73.8808682, 40.8703101 ], [ -73.8817796, 40.8684035 ], [ -73.8818517, 40.8683583 ], [ -73.8835024, 40.8673329 ], [ -73.883625, 40.867258 ] ] ] } },
{ "type": "Feature", "properties": { "station": "212" }, "geometry": { "type": "Polygon", "coordinates": [ [ [ -73.8946653, 40.8604788 ], [ -73.8980182, 40.8608366 ], [ -73.8993954, 40.8620821 ], [ -73.8994924, 40.8623013 ], [ -73.9013622, 40.8679544 ], [ -73.901453, 40.8682582 ], [ -73.901466099999979, 40.8683832 ], [ -73.8997016, 40.8700417 ], [ -73.8900773, 40.872581 ], [ -73.8879474, 40.8724217 ], [ -73.8877162, 40.8722502 ], [ -73.887534699999989, 40.8720861 ], [ -73.887041, 40.8702219 ], [ -73.88657139999998, 40.8666551 ], [ -73.886664699999983, 40.8653776 ], [ -73.8894028, 40.8629803 ], [ -73.8900711, 40.8624787 ], [ -73.891311099999982, 40.8617587 ], [ -73.8946653, 40.8604788 ] ] ] } },
{ "type": "Feature", "properties": { "station": "215" }, "geometry": { "type": "Polygon", "coordinates": [ [ [ -73.905774799999989, 40.8446517 ], [ -73.907574499999981, 40.8447427 ], [ -73.91045339999998, 40.8453799 ], [ -73.9113198, 40.8458239 ], [ -73.9119903, 40.8482313 ], [ -73.9125849, 40.8518353 ], [ -73.9093597, 40.8540378 ], [ -73.907648, 40.854765 ], [ -73.9016921, 40.8563637 ], [ -73.9005249, 40.8560402 ], [ -73.900498, 40.856031 ], [ -73.8991835, 40.8541154 ], [ -73.8988704, 40.8521755 ], [ -73.8991868, 40.8473517 ], [ -73.899226399999989, 40.8472795 ], [ -73.8993612, 40.8471975 ], [ -73.9038539, 40.8451628 ], [ -73.905774799999989, 40.8446517 ] ] ] } },
{ "type": "Feature", "properties": { "station": "219" }, "geometry": { "type": "Polygon", "coordinates": [ [ [ -73.928695499999989, 40.8216604 ], [ -73.9291648, 40.8217711 ], [ -73.9301948, 40.8233366 ], [ -73.9330874, 40.8281577 ], [ -73.931818600000014, 40.8317003 ], [ -73.9238201, 40.8342543 ], [ -73.9236805, 40.8342859 ], [ -73.9234411, 40.83432650000001 ], [ -73.9220823, 40.8343772 ], [ -73.9194625, 40.8304788 ], [ -73.9179306, 40.8265285 ], [ -73.9184066, 40.825437 ], [ -73.9187993, 40.8247321 ], [ -73.9253949, 40.8223204 ], [ -73.928695499999989, 40.8216604 ] ] ] } },
{ "type": "Feature", "properties": { "station": "221" }, "geometry": { "type": "Polygon", "coordinates": [ [ [ -73.9474774, 40.7481363 ], [ -73.9485772, 40.749878 ], [ -73.9500619, 40.7560375 ], [ -73.9491933, 40.7571628 ], [ -73.947930199999988, 40.7578466 ], [ -73.943314799999982, 40.7590906 ], [ -73.9375349, 40.7601287 ], [ -73.9374453, 40.7600881 ], [ -73.9369753, 40.759875 ], [ -73.9358938, 40.7543582 ], [ -73.9354943, 40.7523162 ], [ -73.9353667, 40.751389 ], [ -73.9361305, 40.749714 ], [ -73.9362086, 40.7496427 ], [ -73.9474774, 40.7481363 ] ] ] } },
{ "type": "Feature", "properties": { "station": "222" }, "geometry": { "type": "Polygon", "coordinates": [ [ [ -73.9583623, 40.753528 ], [ -73.958421299999983, 40.7536468 ], [ -73.95756609999998, 40.7549466 ], [ -73.9541219, 40.7588504 ], [ -73.9509316, 40.7624006 ], [ -73.9483162, 40.7650942 ], [ -73.9481687, 40.765107 ], [ -73.947336, 40.7643188 ], [ -73.9470626, 40.7634297 ], [ -73.9475358, 40.7628382 ], [ -73.9523911, 40.7569275 ], [ -73.952488099999982, 40.756818 ], [ -73.9525825, 40.75671160000001 ], [ -73.956155099999989, 40.753811 ], [ -73.9583623, 40.753528 ] ] ] } },
{ "type": "Feature", "properties": { "station": "223" }, "geometry": { "type": "Polygon", "coordinates": [ [ [ -73.9707455, 40.7583607 ], [ -73.9708314, 40.7583993 ], [ -73.9729064, 40.7635823 ], [ -73.973170399999987, 40.7642614 ], [ -73.9734461, 40.7650875 ], [ -73.9723928, 40.7677423 ], [ -73.972372799999988, 40.7677726 ], [ -73.972195299999981, 40.7680098 ], [ -73.9709236, 40.769074 ], [ -73.9619153, 40.7708305 ], [ -73.961009, 40.7689495 ], [ -73.9606331, 40.7681173 ], [ -73.95808049999998, 40.7611633 ], [ -73.964084, 40.7597586 ], [ -73.968389699999989, 40.7588313 ], [ -73.9707455, 40.7583607 ] ] ] } },
{ "type": "Feature", "properties": { "station": "225" }, "geometry": { "type": "Polygon", "coordinates": [ [ [ -73.9854033, 40.7528238 ], [ -73.9856724, 40.7529375 ], [ -73.9861343, 40.7536792 ], [ -73.9871389, 40.7560006 ], [ -73.9882998, 40.7590503 ], [ -73.9880913, 40.7623099 ], [ -73.9880498, 40.762366 ], [ -73.9857501, 40.7630433 ], [ -73.9794637, 40.7643307 ], [ -73.976612200000019, 40.7648906 ], [ -73.973753699999989, 40.7571592 ], [ -73.97313579999998, 40.7552714 ], [ -73.9732214, 40.7551555 ], [ -73.9756418, 40.7545421 ], [ -73.9833458, 40.7528455 ], [ -73.9854033, 40.7528238 ] ] ] } },
{ "type": "Feature", "properties": { "station": "227" }, "geometry": { "type": "Polygon", "coordinates": [ [ [ -73.988811, 40.7428129 ], [ -73.9922399, 40.7434619 ], [ -73.9923587, 40.7435122 ], [ -73.993642400000013, 40.7466391 ], [ -73.9950312, 40.7502912 ], [ -73.9956612, 40.7521455 ], [ -73.9957238, 40.7531612 ], [ -73.9956652, 40.7532425 ], [ -73.991770799999983, 40.7547656 ], [ -73.9860083, 40.7565982 ], [ -73.9834531, 40.7555216 ], [ -73.9824724, 40.7540364 ], [ -73.9802666, 40.7482358 ], [ -73.9796871, 40.7462753 ], [ -73.9879795, 40.7430534 ], [ -73.988811, 40.7428129 ] ] ] } },
{ "type": "Feature", "properties": { "station": "229" }, "geometry": { "type": "Polygon", "coordinates": [ [ [ -74.000439400000019, 40.7322142 ], [ -74.0006733, 40.7323247 ], [ -74.0025872, 40.7337042 ], [ -74.0030122, 40.7341994 ], [ -74.0030407, 40.7342938 ], [ -74.0039382, 40.7387054 ], [ -74.0039386, 40.7388127 ], [ -74.003782, 40.73929 ], [ -74.0021862, 40.7414299 ], [ -74.0019932, 40.7416877 ], [ -74.0018378, 40.7418952 ], [ -74.0008019, 40.7423727 ], [ -73.9963013, 40.743425299999984 ], [ -73.99196, 40.7443114 ], [ -73.9916911, 40.7441985 ], [ -73.9896858, 40.7390714 ], [ -73.988159900000014, 40.7346855 ], [ -73.9882425, 40.734566 ], [ -73.989512299999987, 40.7341597 ], [ -73.9908614, 40.7338727 ], [ -73.9986283, 40.7323035 ], [ -74.000439400000019, 40.7322142 ] ] ] } },
{ "type": "Feature", "properties": { "station": "230" }, "geometry": { "type": "Polygon", "coordinates": [ [ [ -73.9992959, 40.7189999 ], [ -73.9997893, 40.7191121 ], [ -73.9999865, 40.7191976 ], [ -74.0013782, 40.7198515 ], [ -74.0014814, 40.720034399999989 ], [ -74.0035451, 40.7270479 ], [ -74.0032665, 40.728655 ], [ -74.002262, 40.7292605 ], [ -74.0020864, 40.7293001 ], [ -73.99617139999998, 40.7303869 ], [ -73.9924687, 40.7306891 ], [ -73.9906881, 40.7307247 ], [ -73.990584499999983, 40.7305196 ], [ -73.9878816, 40.7238282 ], [ -73.987736199999986, 40.7228187 ], [ -73.9878918, 40.7225352 ], [ -73.989279199999984, 40.7216851 ], [ -73.9929573, 40.7201833 ], [ -73.994483599999981, 40.7196352 ], [ -73.99657879999998, 40.719011 ], [ -73.9992959, 40.7189999 ] ] ] } },
{ "type": "Feature", "properties": { "station": "240" }, "geometry": { "type": "Polygon", "coordinates": [ [ [ -73.983897899999988, 40.66002 ], [ -73.984075499999989, 40.6601289 ], [ -73.9851589, 40.662777 ], [ -73.9868556, 40.6686876 ], [ -73.9868957, 40.6692493 ], [ -73.9868384, 40.6693185 ], [ -73.98677069999998, 40.6694002 ], [ -73.9858497, 40.669894 ], [ -73.978122699999986, 40.6712238 ], [ -73.9755131, 40.6716555 ], [ -73.9741438, 40.6716901 ], [ -73.9727189, 40.6673878 ], [ -73.972087300000013, 40.6624166 ], [ -73.977401, 40.6607367 ], [ -73.9802378, 40.6604027 ], [ -73.983897899999988, 40.66002 ] ] ] } },
{ "type": "Feature", "properties": { "station": "243" }, "geometry": { "type": "Polygon", "coordinates": [ [ [ -73.9788356, 40.6378209 ], [ -73.9794628, 40.6379185 ], [ -73.9840686, 40.639191 ], [ -73.9842494, 40.6392945 ], [ -73.987458899999979, 40.6430826 ], [ -73.9874911, 40.6441308 ], [ -73.9838545, 40.6488013 ], [ -73.9837686, 40.648837 ], [ -73.9786649, 40.65042 ], [ -73.9760526, 40.64946230000001 ], [ -73.9757843, 40.6492302 ], [ -73.973044799999983, 40.6455776 ], [ -73.9730106, 40.6454061 ], [ -73.9737273, 40.6432744 ], [ -73.975848899999988, 40.6405928 ], [ -73.9783858, 40.6379577 ], [ -73.9786895, 40.6378346 ], [ -73.9788356, 40.6378209 ] ] ] } },
{ "type": "Feature", "properties": { "station": "254" }, "geometry": { "type": "Polygon", "coordinates": [ [ [ -73.7822847, 40.7066029 ], [ -73.783255, 40.7067961 ], [ -73.783371, 40.706832 ], [ -73.788184199999989, 40.708532399999989 ], [ -73.7896371, 40.7090823 ], [ -73.7918491, 40.7106291 ], [ -73.791901, 40.7107124 ], [ -73.792167299999988, 40.7111522 ], [ -73.7917827, 40.7134879 ], [ -73.7878259, 40.7177673 ], [ -73.787769899999986, 40.7178156 ], [ -73.781598, 40.717987 ], [ -73.7814988, 40.7179519 ], [ -73.7751889, 40.7148604 ], [ -73.7750258, 40.7147638 ], [ -73.7761934, 40.7115141 ], [ -73.778620099999983, 40.708673 ], [ -73.779373, 40.707812 ], [ -73.781348, 40.706907 ], [ -73.7822847, 40.7066029 ] ] ] } },
{ "type": "Feature", "properties": { "station": "259" }, "geometry": { "type": "Polygon", "coordinates": [ [ [ -73.826959099999982, 40.7091512 ], [ -73.8296855, 40.7092569 ], [ -73.8350569, 40.7098505 ], [ -73.8354354, 40.7099626 ], [ -73.8359682, 40.7104795 ], [ -73.8371592, 40.712307 ], [ -73.838054699999986, 40.7180788 ], [ -73.8379183, 40.7184623 ], [ -73.837651899999983, 40.7189421 ], [ -73.8372319, 40.7190742 ], [ -73.8361083, 40.7194072 ], [ -73.8351441, 40.7196925 ], [ -73.8223872, 40.7161713 ], [ -73.822887, 40.7141389 ], [ -73.8230491, 40.7135193 ], [ -73.8237714, 40.711596 ], [ -73.82435839999998, 40.7106491 ], [ -73.826959099999982, 40.7091512 ] ] ] } },
{ "type": "Feature", "properties": { "station": "261" }, "geometry": { "type": "Polygon", "coordinates": [ [ [ -73.8449423, 40.7152093 ], [ -73.8480056, 40.715268 ], [ -73.8496312, 40.7167397 ], [ -73.8534287, 40.7219311 ], [ -73.853476, 40.722013 ], [ -73.8535092, 40.722102 ], [ -73.853405, 40.7233737 ], [ -73.851926399999982, 40.7259134 ], [ -73.8470969, 40.7278587 ], [ -73.8470028, 40.7278761 ], [ -73.843982399999987, 40.7268888 ], [ -73.8392655, 40.7252369 ], [ -73.8372597, 40.7225374 ], [ -73.836958899999985, 40.7220998 ], [ -73.8366828, 40.7206992 ], [ -73.836727, 40.7190895 ], [ -73.8368511, 40.717971 ], [ -73.8385291, 40.717226 ], [ -73.8418424, 40.7161199 ], [ -73.8449423, 40.7152093 ] ] ] } },
{ "type": "Feature", "properties": { "station": "267" }, "geometry": { "type": "Polygon", "coordinates": [ [ [ -73.8898906, 40.7400745 ], [ -73.892567199999988, 40.7412244 ], [ -73.8956541, 40.7425984 ], [ -73.9001893, 40.7458454 ], [ -73.8997928, 40.7489028 ], [ -73.8994725, 40.7502487 ], [ -73.8986533, 40.7507038 ], [ -73.8934812, 40.7533211 ], [ -73.893405199999989, 40.7533285 ], [ -73.8914782, 40.7531587 ], [ -73.8884888, 40.7514755 ], [ -73.8853127, 40.7495763 ], [ -73.8825369, 40.7478819 ], [ -73.8825003, 40.7477107 ], [ -73.8825, 40.7476971 ], [ -73.8826654, 40.745227 ], [ -73.8838685, 40.7433049 ], [ -73.8874326, 40.7410372 ], [ -73.8898906, 40.7400745 ] ] ] } },
{ "type": "Feature", "properties": { "station": "269" }, "geometry": { "type": "Polygon", "coordinates": [ [ [ -73.909325199999984, 40.7470849 ], [ -73.9096692, 40.7473962 ], [ -73.9141115, 40.7522899 ], [ -73.9148338, 40.7535671 ], [ -73.9148022, 40.7537979 ], [ -73.913537099999985, 40.7563144 ], [ -73.913425099999984, 40.7564598 ], [ -73.912811499999989, 40.7572023 ], [ -73.910358499999987, 40.7580732 ], [ -73.9097057, 40.7582872 ], [ -73.9065093, 40.7593272 ], [ -73.904921799999983, 40.7588852 ], [ -73.8972425, 40.7543221 ], [ -73.8972185, 40.7541963 ], [ -73.8972583, 40.7523523 ], [ -73.8977422, 40.7504998 ], [ -73.8983539, 40.7495358 ], [ -73.8996499, 40.7488695 ], [ -73.9031496, 40.7478595 ], [ -73.909325199999984, 40.7470849 ] ] ] } },
{ "type": "Feature", "properties": { "station": "273" }, "geometry": { "type": "Polygon", "coordinates": [ [ [ -73.9339286, 40.7429656 ], [ -73.9340692, 40.7429815 ], [ -73.945546099999987, 40.7457557 ], [ -73.945642299999989, 40.7458232 ], [ -73.945736599999989, 40.7459156 ], [ -73.945149, 40.75242080000001 ], [ -73.9434543, 40.753117 ], [ -73.9414263, 40.7535625 ], [ -73.936039, 40.7544345 ], [ -73.9335843, 40.7547167 ], [ -73.933444499999979, 40.7546433 ], [ -73.9328103, 40.7543081 ], [ -73.931963300000021, 40.7538592 ], [ -73.9303515, 40.752994 ], [ -73.9297231, 40.7525611 ], [ -73.929701399999985, 40.7524631 ], [ -73.930108499999989, 40.7468949 ], [ -73.9306513, 40.7447043 ], [ -73.9308742, 40.7444162 ], [ -73.9339286, 40.7429656 ] ] ] } },
{ "type": "Feature", "properties": { "station": "274" }, "geometry": { "type": "Polygon", "coordinates": [ [ [ -73.94929519999998, 40.7423276 ], [ -73.951551499999979, 40.7429948 ], [ -73.9543388, 40.7494155 ], [ -73.9522616, 40.7505913 ], [ -73.9488254, 40.7523291 ], [ -73.945934799999989, 40.7528399 ], [ -73.941284599999989, 40.7534918 ], [ -73.9397544, 40.7526686 ], [ -73.936493, 40.7494004 ], [ -73.936732299999989, 40.7455529 ], [ -73.9372175, 40.7450599 ], [ -73.94929519999998, 40.7423276 ] ] ] } },
{ "type": "Feature", "properties": { "station": "275" }, "geometry": { "type": "Polygon", "coordinates": [ [ [ -73.9738659, 40.7513291 ], [ -73.975505100000021, 40.7554423 ], [ -73.9762062, 40.7572271 ], [ -73.9769144, 40.7591551 ], [ -73.9769062, 40.7607729 ], [ -73.9768604, 40.760839 ], [ -73.9750847, 40.7616642 ], [ -73.972539, 40.7622503 ], [ -73.9695614, 40.7628902 ], [ -73.9672129, 40.7633784 ], [ -73.9653176, 40.7635474 ], [ -73.9645819, 40.7633859 ], [ -73.9637081, 40.7612406 ], [ -73.9617932, 40.7560603 ], [ -73.9619669, 40.75545540000001 ], [ -73.9623719, 40.7549568 ], [ -73.9637461, 40.7536238 ], [ -73.9647437, 40.7532862 ], [ -73.9648503, 40.753262 ], [ -73.9738659, 40.7513291 ] ] ] } },
{ "type": "Feature", "properties": { "station": "278" }, "geometry": { "type": "Polygon", "coordinates": [ [ [ -73.8028405, 40.6963921 ], [ -73.8042478, 40.6965426 ], [ -73.8079063, 40.6986718 ], [ -73.8098345, 40.6998905 ], [ -73.8101012, 40.7020316 ], [ -73.8067314, 40.7067289 ], [ -73.803005, 40.7081112 ], [ -73.8028738, 40.7081192 ], [ -73.7939005, 40.7057653 ], [ -73.7928399, 40.7045449 ], [ -73.792692, 40.7043733 ], [ -73.793715799999987, 40.702294 ], [ -73.7955704, 40.6990036 ], [ -73.7956733, 40.6989447 ], [ -73.7957517, 40.6989116 ], [ -73.8028405, 40.6963921 ] ] ] } },
{ "type": "Feature", "properties": { "station": "279" }, "geometry": { "type": "Polygon", "coordinates": [ [ [ -73.8063728, 40.6944616 ], [ -73.812592, 40.6965264 ], [ -73.812701599999983, 40.696577499999989 ], [ -73.8131937, 40.6970875 ], [ -73.8132605, 40.6971606 ], [ -73.8133451, 40.6972693 ], [ -73.8133995, 40.6973392 ], [ -73.8136214, 40.697648 ], [ -73.814194, 40.69858 ], [ -73.814605, 40.699513 ], [ -73.8153755, 40.702574199999987 ], [ -73.8139024, 40.7037612 ], [ -73.8120032, 40.7052369 ], [ -73.8094594, 40.7067302 ], [ -73.809380099999984, 40.7067501 ], [ -73.803754, 40.704943 ], [ -73.8003302, 40.7032742 ], [ -73.7991498, 40.7025704 ], [ -73.7991155, 40.7024861 ], [ -73.8027798, 40.695129 ], [ -73.8028579, 40.6950605 ], [ -73.8029224, 40.6950053 ], [ -73.8063728, 40.6944616 ] ] ] } },
{ "type": "Feature", "properties": { "station": "280" }, "geometry": { "type": "Polygon", "coordinates": [ [ [ -73.8135009, 40.6962031 ], [ -73.8159174, 40.6967573 ], [ -73.825737300000014, 40.7008549 ], [ -73.8258125, 40.7009873 ], [ -73.825878499999988, 40.704397899999989 ], [ -73.823941399999981, 40.7067961 ], [ -73.8209684, 40.7083336 ], [ -73.8182749, 40.7081764 ], [ -73.8168626, 40.7078548 ], [ -73.8131381, 40.7069723 ], [ -73.8130526, 40.7069298 ], [ -73.8105981, 40.7056306 ], [ -73.8091445, 40.704821 ], [ -73.8087093, 40.7044729 ], [ -73.8086643, 40.7043752 ], [ -73.8082783, 40.703522 ], [ -73.8078017, 40.7018512 ], [ -73.8077982, 40.7017614 ], [ -73.8078194, 40.7016822 ], [ -73.812701599999983, 40.696577499999989 ], [ -73.8135009, 40.6962031 ] ] ] } },
{ "type": "Feature", "properties": { "station": "281" }, "geometry": { "type": "Polygon", "coordinates": [ [ [ -73.9498212, 40.7418922 ], [ -73.9518163, 40.7428499 ], [ -73.9519272, 40.7430459 ], [ -73.9521097, 40.7438187 ], [ -73.952713, 40.7468835 ], [ -73.9526875, 40.7482492 ], [ -73.952304, 40.7486029 ], [ -73.9516431, 40.7490586 ], [ -73.9492699, 40.7500788 ], [ -73.9464765, 40.7511541 ], [ -73.9431318, 40.7517125 ], [ -73.9419078, 40.7517747 ], [ -73.938449399999982, 40.7518072 ], [ -73.9382745, 40.751789 ], [ -73.9359208, 40.7497355 ], [ -73.935357, 40.7448502 ], [ -73.9365657, 40.7439858 ], [ -73.937551499999984, 40.74339 ], [ -73.9498212, 40.7418922 ] ] ] } },
{ "type": "Feature", "properties": { "station": "283" }, "geometry": { "type": "Polygon", "coordinates": [ [ [ -73.9525656, 40.725247 ], [ -73.9552496, 40.7261916 ], [ -73.9573408, 40.72696830000001 ], [ -73.9625074, 40.7297559 ], [ -73.9619696, 40.7323158 ], [ -73.9592277, 40.7350825 ], [ -73.9586404, 40.7356129 ], [ -73.956551200000021, 40.7374283 ], [ -73.9557043, 40.7378933 ], [ -73.955239399999982, 40.7380956 ], [ -73.952559, 40.7369048 ], [ -73.9499895, 40.735319 ], [ -73.946551699999986, 40.7314749 ], [ -73.9473356, 40.7300395 ], [ -73.9485307, 40.728411 ], [ -73.9504174, 40.7259568 ], [ -73.9507617, 40.7256918 ], [ -73.9508417, 40.7256626 ], [ -73.9517863, 40.7253464 ], [ -73.9525656, 40.725247 ] ] ] } },
{ "type": "Feature", "properties": { "station": "285" }, "geometry": { "type": "Polygon", "coordinates": [ [ [ -73.9524846, 40.7064673 ], [ -73.9541529, 40.7070233 ], [ -73.9555221, 40.7075095 ], [ -73.9579417, 40.7101644 ], [ -73.959256899999986, 40.714319 ], [ -73.957797, 40.716957 ], [ -73.957741399999989, 40.717008 ], [ -73.954077399999989, 40.7193421 ], [ -73.95339629999998, 40.7197528 ], [ -73.9524956, 40.72004 ], [ -73.952326299999982, 40.7200566 ], [ -73.95017919999998, 40.7195364 ], [ -73.9466613, 40.7184121 ], [ -73.9425172, 40.7140321 ], [ -73.9424931, 40.7139075 ], [ -73.9453847, 40.7106845 ], [ -73.9467513, 40.7092605 ], [ -73.948410599999988, 40.7076554 ], [ -73.9496822, 40.7065339 ], [ -73.9524846, 40.7064673 ] ] ] } },
{ "type": "Feature", "properties": { "station": "295" }, "geometry": { "type": "Polygon", "coordinates": [ [ [ -73.907232, 40.8723057 ], [ -73.9105305, 40.8741489 ], [ -73.9123099, 40.8794871 ], [ -73.910484299999979, 40.8831224 ], [ -73.9095631, 40.8837244 ], [ -73.9010845, 40.8851091 ], [ -73.9008548, 40.8851408 ], [ -73.900793199999981, 40.8851235 ], [ -73.9006455, 40.885082 ], [ -73.9005655, 40.8850592 ], [ -73.89891369999998, 40.8830569 ], [ -73.89785, 40.879932 ], [ -73.897849199999982, 40.8786688 ], [ -73.8979961, 40.8784037 ], [ -73.8994308, 40.8765996 ], [ -73.9002002, 40.875649 ], [ -73.9027457, 40.8739866 ], [ -73.907232, 40.8723057 ] ] ] } },
{ "type": "Feature", "properties": { "station": "299" }, "geometry": { "type": "Polygon", "coordinates": [ [ [ -73.9296932, 40.85484120000001 ], [ -73.9298216, 40.8548968 ], [ -73.931286, 40.8570263 ], [ -73.9319273, 40.8583743 ], [ -73.9319252, 40.8586617 ], [ -73.9298298, 40.865811 ], [ -73.9297622, 40.8659003 ], [ -73.9288615, 40.8667376 ], [ -73.9287809, 40.8667913 ], [ -73.9286975, 40.8668466 ], [ -73.9251842, 40.8664002 ], [ -73.918663599999988, 40.8651629 ], [ -73.9185087, 40.8650616 ], [ -73.9177033, 40.8630056 ], [ -73.9175729, 40.8619577 ], [ -73.9184565, 40.8601061 ], [ -73.9238433, 40.8554566 ], [ -73.9295207, 40.8548559 ], [ -73.9296932, 40.85484120000001 ] ] ] } },
{ "type": "Feature", "properties": { "station": "310" }, "geometry": { "type": "Polygon", "coordinates": [ [ [ -73.9763932, 40.7881415 ], [ -73.9765143, 40.7881939 ], [ -73.9767865, 40.7883144 ], [ -73.977532499999981, 40.7895617 ], [ -73.9787197, 40.7917445 ], [ -73.9787594, 40.7918335 ], [ -73.978975599999984, 40.7924433 ], [ -73.9790861, 40.7930389 ], [ -73.979129499999985, 40.7943536 ], [ -73.9787354, 40.7949007 ], [ -73.9743746, 40.7987512 ], [ -73.9726641, 40.7991688 ], [ -73.9697987, 40.7997171 ], [ -73.968383299999985, 40.7999386 ], [ -73.967973500000014, 40.799765 ], [ -73.96696, 40.7985238 ], [ -73.9665659, 40.7975373 ], [ -73.964986599999989, 40.7934528 ], [ -73.96433, 40.791413 ], [ -73.9655499, 40.790266 ], [ -73.970135, 40.7890628 ], [ -73.970374899999982, 40.7890051 ], [ -73.974433599999983, 40.7882666 ], [ -73.9763932, 40.7881415 ] ] ] } },
{ "type": "Feature", "properties": { "station": "313" }, "geometry": { "type": "Polygon", "coordinates": [ [ [ -73.9828175, 40.7716742 ], [ -73.9857995, 40.7728617 ], [ -73.9859154, 40.772991 ], [ -73.9872986, 40.7759417 ], [ -73.9876503, 40.7769272 ], [ -73.9883218, 40.7788958 ], [ -73.9879614, 40.7814798 ], [ -73.986909499999982, 40.78222980000001 ], [ -73.9853163, 40.7831117 ], [ -73.9837377, 40.7837879 ], [ -73.9813562, 40.7843132 ], [ -73.9796351, 40.7846783 ], [ -73.977196799999987, 40.7844809 ], [ -73.9758099, 40.7812563 ], [ -73.9741224, 40.7772929 ], [ -73.9743928, 40.7747695 ], [ -73.9794549, 40.772639 ], [ -73.9828175, 40.7716742 ] ] ] } },
{ "type": "Feature", "properties": { "station": "314" }, "geometry": { "type": "Polygon", "coordinates": [ [ [ -73.983097599999979, 40.7666874 ], [ -73.986115699999985, 40.7671328 ], [ -73.986393099999987, 40.7672473 ], [ -73.9877473, 40.7704684 ], [ -73.989464799999979, 40.7746476 ], [ -73.9897808, 40.7768857 ], [ -73.9897368, 40.7770732 ], [ -73.9895896, 40.7772085 ], [ -73.985147600000019, 40.7791313 ], [ -73.9817377, 40.7803183 ], [ -73.9814, 40.7803143 ], [ -73.977507, 40.7793689 ], [ -73.974589899999984, 40.7729265 ], [ -73.9768327, 40.7691672 ], [ -73.9816028, 40.7669942 ], [ -73.9826692, 40.7667676 ], [ -73.983097599999979, 40.7666874 ] ] ] } },
{ "type": "Feature", "properties": { "station": "315" }, "geometry": { "type": "Polygon", "coordinates": [ [ [ -73.983555599999988, 40.7619504 ], [ -73.9860033, 40.7621729 ], [ -73.9862994, 40.7622948 ], [ -73.987262, 40.7640843 ], [ -73.9889682, 40.7683281 ], [ -73.989007499999985, 40.7685018 ], [ -73.9888699, 40.7716259 ], [ -73.9888344, 40.7716773 ], [ -73.988798, 40.77173 ], [ -73.9881833, 40.7722921 ], [ -73.984914, 40.7740817 ], [ -73.9846995, 40.7741751 ], [ -73.9824181, 40.7748565 ], [ -73.9804944, 40.7748606 ], [ -73.9776537, 40.7736669 ], [ -73.976401200000012, 40.7728337 ], [ -73.9746847, 40.7697807 ], [ -73.9745158, 40.7685105 ], [ -73.9745026, 40.7650952 ], [ -73.9760785, 40.7639869 ], [ -73.977198, 40.7635345 ], [ -73.9807845, 40.7624249 ], [ -73.983555599999988, 40.7619504 ] ] ] } },
{ "type": "Feature", "properties": { "station": "317" }, "geometry": { "type": "Polygon", "coordinates": [ [ [ -73.988159499999981, 40.7490121 ], [ -73.9920992, 40.7492086 ], [ -73.992105399999986, 40.7492231 ], [ -73.9932639, 40.752229 ], [ -73.9946513, 40.7559148 ], [ -73.995008, 40.7570803 ], [ -73.9954258, 40.7587875 ], [ -73.9953526, 40.7588979 ], [ -73.9872061, 40.7610492 ], [ -73.98413859999998, 40.76153810000001 ], [ -73.9838912, 40.7614413 ], [ -73.983351499999984, 40.7612146 ], [ -73.9832086, 40.7611535 ], [ -73.9830948, 40.7611048 ], [ -73.9816164, 40.7580213 ], [ -73.980239499999982, 40.7541768 ], [ -73.980313, 40.7540501 ], [ -73.9821006, 40.7515961 ], [ -73.9821905, 40.7514736 ], [ -73.9825627, 40.7509837 ], [ -73.982665899999986, 40.750848 ], [ -73.9880169, 40.7490303 ], [ -73.988159499999981, 40.7490121 ] ] ] } },
{ "type": "Feature", "properties": { "station": "318" }, "geometry": { "type": "Polygon", "coordinates": [ [ [ -73.9954338, 40.7441431 ], [ -73.998210199999988, 40.7510316 ], [ -73.9988886, 40.7529027 ], [ -73.9988776, 40.7530901 ], [ -73.998729199999985, 40.7535471 ], [ -73.9976721, 40.7541044 ], [ -73.9955509, 40.7546705 ], [ -73.9955328, 40.7546753 ], [ -73.9864066, 40.7566011 ], [ -73.9837102, 40.7498491 ], [ -73.9830924, 40.7477245 ], [ -73.983298, 40.7471133 ], [ -73.983386, 40.7469928 ], [ -73.9837586, 40.7464947 ], [ -73.9887652, 40.7445665 ], [ -73.9954338, 40.7441431 ] ] ] } },
{ "type": "Feature", "properties": { "station": "322" }, "geometry": { "type": "Polygon", "coordinates": [ [ [ -74.0040124, 40.7312686 ], [ -74.005488499999984, 40.7323894 ], [ -74.0072642, 40.7343377 ], [ -74.0082901, 40.7354674 ], [ -74.008343699999983, 40.737027 ], [ -74.0083754, 40.7394188 ], [ -74.007613699999979, 40.7409231 ], [ -74.0070069, 40.741771 ], [ -74.0042746, 40.7425013 ], [ -73.9997553, 40.7433197 ], [ -73.9955062, 40.7440494 ], [ -73.99213109999998, 40.7345531 ], [ -73.9922219, 40.7344436 ], [ -73.996968, 40.7324177 ], [ -73.9984795, 40.7318038 ], [ -73.9991236, 40.7317186 ], [ -74.0009543, 40.7314888 ], [ -74.0040124, 40.7312686 ] ] ] } },
{ "type": "Feature", "properties": { "station": "327" }, "geometry": { "type": "Polygon", "coordinates": [ [ [ -74.0129708, 40.7091818 ], [ -74.013144299999979, 40.7092517 ], [ -74.0148654, 40.7113446 ], [ -74.0169548, 40.71499080000001 ], [ -74.017063, 40.7152128 ], [ -74.016907, 40.7173511 ], [ -74.016844399999982, 40.7176982 ], [ -74.016756799999982, 40.7181751 ], [ -74.0136612, 40.7203758 ], [ -74.01283429999998, 40.7209042 ], [ -74.0090561, 40.722068 ], [ -74.0083491, 40.7220618 ], [ -74.0062889, 40.7219078 ], [ -74.004807199999988, 40.721323 ], [ -74.004633199999986, 40.7212131 ], [ -74.0040021, 40.7201462 ], [ -74.001871099999988, 40.7147371 ], [ -74.0020776, 40.7122763 ], [ -74.0023202, 40.7115233 ], [ -74.005833899999985, 40.7105426 ], [ -74.0129708, 40.7091818 ] ] ] } },
{ "type": "Feature", "properties": { "station": "328" }, "geometry": { "type": "Polygon", "coordinates": [ [ [ -74.0132383, 40.7056548 ], [ -74.015845299999981, 40.7062567 ], [ -74.0159436, 40.7062795 ], [ -74.017258699999985, 40.7074468 ], [ -74.0175974, 40.7078682 ], [ -74.01843, 40.7096167 ], [ -74.017132, 40.7161362 ], [ -74.0166918, 40.7165687 ], [ -74.0133238, 40.7177524 ], [ -74.011620600000015, 40.7180891 ], [ -74.0110317, 40.7181763 ], [ -74.010359699999981, 40.7181759 ], [ -74.008803200000017, 40.7179963 ], [ -74.0076874, 40.7176564 ], [ -74.0074709, 40.7175596 ], [ -74.0047265, 40.7126712 ], [ -74.004381, 40.7115675 ], [ -74.0046973, 40.7086281 ], [ -74.0047114, 40.7085747 ], [ -74.004852299999982, 40.7083311 ], [ -74.0067813, 40.7068268 ], [ -74.0093058, 40.7063504 ], [ -74.0132383, 40.7056548 ] ] ] } },
{ "type": "Feature", "properties": { "station": "330" }, "geometry": { "type": "Polygon", "coordinates": [ [ [ -74.013026, 40.7005491 ], [ -74.0154503, 40.7012176 ], [ -74.0156486, 40.7013154 ], [ -74.0165278, 40.7020413 ], [ -74.0172629, 40.702856 ], [ -74.0185507, 40.7043384 ], [ -74.018908, 40.7049264 ], [ -74.018636099999981, 40.7055856 ], [ -74.0181165, 40.7062736 ], [ -74.0175178, 40.706732 ], [ -74.015333399999989, 40.7078326 ], [ -74.0135766, 40.7082426 ], [ -74.0119197, 40.7081699 ], [ -74.0073771, 40.706059 ], [ -74.0068228, 40.7057309 ], [ -74.006753099999983, 40.7054948 ], [ -74.0066297, 40.703539 ], [ -74.013026, 40.7005491 ] ] ] } },
{ "type": "Feature", "properties": { "station": "332" }, "geometry": { "type": "Polygon", "coordinates": [ [ [ -74.0084063, 40.7036465 ], [ -74.010606199999984, 40.7036911 ], [ -74.01169010000001, 40.7039826 ], [ -74.0126799, 40.7050726 ], [ -74.0138102, 40.7095439 ], [ -74.014428, 40.7131916 ], [ -74.0124217, 40.7139273 ], [ -74.0113711, 40.7143092 ], [ -74.0055675, 40.71523 ], [ -74.0052789, 40.7152626 ], [ -74.0030441, 40.7147001 ], [ -73.9993762, 40.7123114 ], [ -73.9993572, 40.712285 ], [ -73.9991341, 40.7116061 ], [ -73.9999932, 40.70762 ], [ -74.0007167, 40.7054094 ], [ -74.0008443, 40.7053256 ], [ -74.0014483, 40.7049405 ], [ -74.0029293, 40.704154 ], [ -74.0084063, 40.7036465 ] ] ] } },
{ "type": "Feature", "properties": { "station": "335" }, "geometry": { "type": "Polygon", "coordinates": [ [ [ -73.9935375, 40.6870455 ], [ -73.996218, 40.690654 ], [ -73.9984106, 40.693678 ], [ -73.9982724, 40.6954341 ], [ -73.9977605, 40.6964919 ], [ -73.9953664, 40.69815890000001 ], [ -73.9911357, 40.6999518 ], [ -73.9898595, 40.7000614 ], [ -73.989590100000015, 40.7000502 ], [ -73.9883205, 40.6992238 ], [ -73.9866318, 40.6979469 ], [ -73.9864235, 40.6977752 ], [ -73.9842761, 40.6959619 ], [ -73.981843399999988, 40.693502 ], [ -73.981867899999983, 40.6920972 ], [ -73.9818772, 40.691971 ], [ -73.9828377, 40.6897387 ], [ -73.9828735, 40.6896702 ], [ -73.9829324, 40.689614 ], [ -73.986568, 40.688408 ], [ -73.986671, 40.6883828 ], [ -73.992081, 40.6872851 ], [ -73.9935375, 40.6870455 ] ] ] } },
{ "type": "Feature", "properties": { "station": "336" }, "geometry": { "type": "Polygon", "coordinates": [ [ [ -73.9886136, 40.684194 ], [ -73.9891532, 40.6844045 ], [ -73.989247899999981, 40.6845686 ], [ -73.9904302, 40.6866464 ], [ -73.993381899999989, 40.6920919 ], [ -73.9932137, 40.6928083 ], [ -73.9931605, 40.6929272 ], [ -73.9925173, 40.6942471 ], [ -73.9907289, 40.695289 ], [ -73.9872325, 40.6963148 ], [ -73.986751199999986, 40.6963578 ], [ -73.9848608, 40.6962291 ], [ -73.9830743, 40.6960704 ], [ -73.9807387, 40.6945535 ], [ -73.977629300000018, 40.6919449 ], [ -73.977497, 40.6918226 ], [ -73.9761768, 40.6896674 ], [ -73.976699400000015, 40.6873083 ], [ -73.976801499999979, 40.6871522 ], [ -73.978547599999985, 40.6862787 ], [ -73.9802221, 40.6858663 ], [ -73.9886136, 40.684194 ] ] ] } },
{ "type": "Feature", "properties": { "station": "338" }, "geometry": { "type": "Polygon", "coordinates": [ [ [ -73.9763084, 40.6780486 ], [ -73.9793077, 40.6782963 ], [ -73.9820592, 40.6785696 ], [ -73.982398, 40.6786992 ], [ -73.984269, 40.6829142 ], [ -73.9844881, 40.6835225 ], [ -73.985358799999986, 40.6862668 ], [ -73.984761, 40.6883493 ], [ -73.9846958, 40.6884462 ], [ -73.983003499999981, 40.689828 ], [ -73.981659, 40.6907044 ], [ -73.978715699999981, 40.69119340000001 ], [ -73.9704016, 40.6862622 ], [ -73.9693007, 40.6825779 ], [ -73.970379, 40.6807736 ], [ -73.971331599999985, 40.6800014 ], [ -73.9732753, 40.6785255 ], [ -73.9763084, 40.6780486 ] ] ] } },
{ "type": "Feature", "properties": { "station": "341" }, "geometry": { "type": "Polygon", "coordinates": [ [ [ -73.9620476, 40.6660428 ], [ -73.962791, 40.6661849 ], [ -73.9639727, 40.6665241 ], [ -73.971866, 40.6707391 ], [ -73.9728401, 40.6735258 ], [ -73.9709989, 40.6753976 ], [ -73.9696113, 40.6760072 ], [ -73.9660479, 40.6771507 ], [ -73.9638401, 40.6774943 ], [ -73.9624366, 40.6773539 ], [ -73.9596489, 40.6758118 ], [ -73.957226599999984, 40.6724692 ], [ -73.9566987, 40.6714098 ], [ -73.9573921, 40.669792 ], [ -73.9585449, 40.6688148 ], [ -73.9620219, 40.6660452 ], [ -73.9620476, 40.6660428 ] ] ] } },
{ "type": "Feature", "properties": { "station": "345" }, "geometry": { "type": "Polygon", "coordinates": [ [ [ -73.934584, 40.6624923 ], [ -73.939682100000013, 40.6665129 ], [ -73.942309, 40.6691451 ], [ -73.9422764, 40.6695481 ], [ -73.9422647, 40.6696862 ], [ -73.9421099, 40.6702994 ], [ -73.9420156, 40.6703915 ], [ -73.940931, 40.671126 ], [ -73.938305, 40.6728877 ], [ -73.9333306, 40.6760536 ], [ -73.933135799999988, 40.6760449 ], [ -73.9302147, 40.6736672 ], [ -73.9254178, 40.6694813 ], [ -73.9251505, 40.6682148 ], [ -73.926113, 40.666929 ], [ -73.9292641, 40.6651818 ], [ -73.9332502, 40.6630807 ], [ -73.9343555, 40.6625038 ], [ -73.934584, 40.6624923 ] ] ] } },
{ "type": "Feature", "properties": { "station": "356" }, "geometry": { "type": "Polygon", "coordinates": [ [ [ -73.9488141, 40.6437709 ], [ -73.9497764, 40.6443436 ], [ -73.9507893, 40.6449467 ], [ -73.958805600000019, 40.6502762 ], [ -73.958827, 40.65035 ], [ -73.9588478, 40.6504355 ], [ -73.95663949999998, 40.6526958 ], [ -73.9504415, 40.6578309 ], [ -73.9502151, 40.6578454 ], [ -73.942973899999984, 40.6531363 ], [ -73.940116299999985, 40.6512714 ], [ -73.94705, 40.6451729 ], [ -73.9479075, 40.6444199 ], [ -73.9487137, 40.6437769 ], [ -73.9488141, 40.6437709 ] ] ] } },
{ "type": "Feature", "properties": { "station": "359" }, "geometry": { "type": "Polygon", "coordinates": [ [ [ -73.9479497, 40.6265922 ], [ -73.9538118, 40.6301298 ], [ -73.955566, 40.6314897 ], [ -73.954491899999979, 40.6357884 ], [ -73.9533548, 40.6383475 ], [ -73.948528, 40.6399183 ], [ -73.9483031, 40.6399293 ], [ -73.9452964, 40.6380709 ], [ -73.94315229999998, 40.6366581 ], [ -73.9400404, 40.6345665 ], [ -73.9388606, 40.6322811 ], [ -73.9417333, 40.627398 ], [ -73.9430133, 40.6271256 ], [ -73.9430796, 40.6271178 ], [ -73.9440967, 40.6270019 ], [ -73.9449353, 40.6269096 ], [ -73.9467428, 40.6267109 ], [ -73.9477797, 40.6266043 ], [ -73.9479497, 40.6265922 ] ] ] } },
{ "type": "Feature", "properties": { "station": "360" }, "geometry": { "type": "Polygon", "coordinates": [ [ [ -73.8271152, 40.8466102 ], [ -73.832489699999982, 40.8468603 ], [ -73.8325014, 40.8468723 ], [ -73.83256369999998, 40.8469593 ], [ -73.8340919, 40.8494912 ], [ -73.835559, 40.851964 ], [ -73.8353186, 40.8524272 ], [ -73.835260599999984, 40.852534 ], [ -73.835006899999982, 40.8529785 ], [ -73.8347776, 40.8533739 ], [ -73.834254299999984, 40.8542604 ], [ -73.8327779, 40.8554691 ], [ -73.8324443, 40.8557201 ], [ -73.828350299999983, 40.8563039 ], [ -73.8208734, 40.8568017 ], [ -73.8248355, 40.8482188 ], [ -73.8259221, 40.8469466 ], [ -73.8271152, 40.8466102 ] ] ] } },
{ "type": "Feature", "properties": { "station": "363" }, "geometry": { "type": "Polygon", "coordinates": [ [ [ -73.8417458, 40.8335221 ], [ -73.8484683, 40.8344474 ], [ -73.848701, 40.835103 ], [ -73.849373, 40.838633 ], [ -73.849992, 40.842852 ], [ -73.8472667, 40.8454274 ], [ -73.8449169, 40.8454169 ], [ -73.8364214, 40.8446524 ], [ -73.8356247, 40.8442553 ], [ -73.834919099999979, 40.8398192 ], [ -73.835475299999985, 40.8386807 ], [ -73.8401035, 40.8345961 ], [ -73.84011959999998, 40.834582 ], [ -73.840984, 40.8338647 ], [ -73.8417458, 40.8335221 ] ] ] } },
{ "type": "Feature", "properties": { "station": "371" }, "geometry": { "type": "Polygon", "coordinates": [ [ [ -73.8917898, 40.8158243 ], [ -73.8962218, 40.8163105 ], [ -73.8994672, 40.8212205 ], [ -73.899001500000011, 40.8216481 ], [ -73.891913, 40.826794 ], [ -73.8898272, 40.8269796 ], [ -73.887895, 40.826743 ], [ -73.8863574, 40.826012 ], [ -73.881889799999982, 40.8234658 ], [ -73.884740099999988, 40.8192163 ], [ -73.8861878, 40.8173671 ], [ -73.886973499999982, 40.816694 ], [ -73.887771699999988, 40.8162391 ], [ -73.8917898, 40.8158243 ] ] ] } },
{ "type": "Feature", "properties": { "station": "373" }, "geometry": { "type": "Polygon", "coordinates": [ [ [ -73.9023486, 40.8056269 ], [ -73.9085969, 40.8063957 ], [ -73.910712299999986, 40.8088028 ], [ -73.9117626, 40.810613 ], [ -73.9126836, 40.8128735 ], [ -73.9130654, 40.8143142 ], [ -73.9050078, 40.8178792 ], [ -73.902107, 40.818505 ], [ -73.8970923, 40.8150126 ], [ -73.896475, 40.8142528 ], [ -73.8956333, 40.812002 ], [ -73.9008213, 40.8066386 ], [ -73.9023486, 40.8056269 ] ] ] } },
{ "type": "Feature", "properties": { "station": "382" }, "geometry": { "type": "Polygon", "coordinates": [ [ [ -73.905095099999983, 40.8564246 ], [ -73.9052296, 40.8564705 ], [ -73.907359, 40.85879 ], [ -73.910179099999979, 40.8622729 ], [ -73.9088882, 40.8640883 ], [ -73.9029497, 40.8678838 ], [ -73.899657, 40.8685579 ], [ -73.8967008, 40.8686288 ], [ -73.896561, 40.868565 ], [ -73.894473399999981, 40.8659308 ], [ -73.8939933, 40.8650369 ], [ -73.8922988, 40.8618628 ], [ -73.8927848, 40.8603022 ], [ -73.893035199999986, 40.859893 ], [ -73.893169299999983, 40.8597539 ], [ -73.896363, 40.858376 ], [ -73.899735399999983, 40.8574251 ], [ -73.902779, 40.856734 ], [ -73.905095099999983, 40.8564246 ] ] ] } },
{ "type": "Feature", "properties": { "station": "387" }, "geometry": { "type": "Polygon", "coordinates": [ [ [ -73.9212376, 40.8338405 ], [ -73.9222057, 40.8341687 ], [ -73.9223105, 40.834205 ], [ -73.923184599999985, 40.8345693 ], [ -73.9239831, 40.8350475 ], [ -73.925268, 40.840176 ], [ -73.925487, 40.841771 ], [ -73.9230914, 40.8439982 ], [ -73.9181767, 40.8462517 ], [ -73.916781200000017, 40.846583699999989 ], [ -73.9133221, 40.8461011 ], [ -73.910519099999988, 40.8403184 ], [ -73.909882, 40.838709 ], [ -73.909292799999989, 40.8371137 ], [ -73.9097405, 40.8367964 ], [ -73.9212376, 40.8338405 ] ] ] } },
{ "type": "Feature", "properties": { "station": "389" }, "geometry": { "type": "Polygon", "coordinates": [ [ [ -73.928695499999989, 40.8216604 ], [ -73.9291648, 40.8217711 ], [ -73.9301948, 40.8233366 ], [ -73.9330874, 40.8281577 ], [ -73.931818600000014, 40.8317003 ], [ -73.9232297, 40.8344483 ], [ -73.9220823, 40.8343772 ], [ -73.919257, 40.8296058 ], [ -73.9179306, 40.8265285 ], [ -73.9184066, 40.825437 ], [ -73.9189064, 40.8247635 ], [ -73.9253949, 40.8223204 ], [ -73.928695499999989, 40.8216604 ] ] ] } },
{ "type": "Feature", "properties": { "station": "392" }, "geometry": { "type": "Polygon", "coordinates": [ [ [ -73.9420799, 40.7980133 ], [ -73.9443876, 40.8032398 ], [ -73.945734, 40.8077553 ], [ -73.9455708, 40.8078108 ], [ -73.940359499999985, 40.8090195 ], [ -73.9380225, 40.8095187 ], [ -73.9363769, 40.8098504 ], [ -73.9359554, 40.8096696 ], [ -73.9355855, 40.8094611 ], [ -73.9351556, 40.8092046 ], [ -73.9313055, 40.8034994 ], [ -73.9307963, 40.8026118 ], [ -73.931003799999985, 40.8018194 ], [ -73.9313837, 40.8004419 ], [ -73.931423099999989, 40.800388 ], [ -73.9316474, 40.800236 ], [ -73.9326483, 40.7997827 ], [ -73.9420799, 40.7980133 ] ] ] } },
{ "type": "Feature", "properties": { "station": "397" }, "geometry": { "type": "Polygon", "coordinates": [ [ [ -73.9597933, 40.773546 ], [ -73.960011399999985, 40.7736359 ], [ -73.9635248, 40.781292 ], [ -73.9630276, 40.7821631 ], [ -73.958844899999988, 40.7841106 ], [ -73.956183899999985, 40.7846658 ], [ -73.9532678, 40.7852197 ], [ -73.9509593, 40.7856558 ], [ -73.949257, 40.7810738 ], [ -73.948241, 40.7781859 ], [ -73.949305199999984, 40.776732 ], [ -73.9497749, 40.7760903 ], [ -73.950154899999987, 40.7755712 ], [ -73.9542593, 40.7746547 ], [ -73.9597933, 40.773546 ] ] ] } },
{ "type": "Feature", "properties": { "station": "399" }, "geometry": { "type": "Polygon", "coordinates": [ [ [ -73.9687, 40.7617087 ], [ -73.969508399999981, 40.7636835 ], [ -73.970191799999981, 40.7654652 ], [ -73.970883, 40.7673945 ], [ -73.9715911, 40.7703063 ], [ -73.9706153, 40.7716565 ], [ -73.9704068, 40.771869 ], [ -73.9670899, 40.7726064 ], [ -73.964631, 40.7730971 ], [ -73.9616997, 40.77367 ], [ -73.9599192, 40.7737502 ], [ -73.9597079, 40.7736626 ], [ -73.9589008, 40.7723381 ], [ -73.9577, 40.7694889 ], [ -73.9567761, 40.7664948 ], [ -73.9586847, 40.763882099999989 ], [ -73.9624333, 40.763013299999983 ], [ -73.9662961, 40.7621828 ], [ -73.9687, 40.7617087 ] ] ] } },
{ "type": "Feature", "properties": { "station": "401" }, "geometry": { "type": "Polygon", "coordinates": [ [ [ -73.9763896, 40.7507968 ], [ -73.9775045, 40.7533682 ], [ -73.9787247, 40.756652 ], [ -73.980013, 40.7604688 ], [ -73.9799246, 40.7605904 ], [ -73.972539, 40.7622503 ], [ -73.9696115, 40.7628222 ], [ -73.9683427, 40.7630412 ], [ -73.967781, 40.7629633 ], [ -73.9675826, 40.7628767 ], [ -73.9664957, 40.7614435 ], [ -73.9653695, 40.7584664 ], [ -73.96397829999998, 40.7538457 ], [ -73.9639832, 40.753769 ], [ -73.9647437, 40.7532862 ], [ -73.9648503, 40.753262 ], [ -73.9738659, 40.7513291 ], [ -73.9763896, 40.7507968 ] ] ] } },
{ "type": "Feature", "properties": { "station": "402" }, "geometry": { "type": "Polygon", "coordinates": [ [ [ -73.9802756, 40.7458404 ], [ -73.9817001, 40.7462917 ], [ -73.9820554, 40.7464425 ], [ -73.9851492, 40.7546832 ], [ -73.985188799999989, 40.7548008 ], [ -73.9851885, 40.7549345 ], [ -73.985101199999988, 40.755094 ], [ -73.985068, 40.7551391 ], [ -73.983716699999988, 40.7556298 ], [ -73.9762062, 40.7572271 ], [ -73.9758981, 40.7572541 ], [ -73.974142, 40.7573215 ], [ -73.9724234, 40.7566052 ], [ -73.9722184, 40.7565189 ], [ -73.9714226, 40.755209399999984 ], [ -73.9692127, 40.7493877 ], [ -73.968947699999987, 40.7484144 ], [ -73.968924299999983, 40.7482985 ], [ -73.9689567, 40.7482542 ], [ -73.9774603, 40.7464036 ], [ -73.9802756, 40.7458404 ] ] ] } },
{ "type": "Feature", "properties": { "station": "404" }, "geometry": { "type": "Polygon", "coordinates": [ [ [ -73.9884095, 40.7371524 ], [ -73.9887603, 40.7371567 ], [ -73.9903605, 40.7402751 ], [ -73.9917731, 40.7440768 ], [ -73.9915916, 40.7448104 ], [ -73.9907735, 40.7469638 ], [ -73.990734, 40.7470181 ], [ -73.9907251, 40.74703 ], [ -73.9902387, 40.7474603 ], [ -73.989277, 40.7480197 ], [ -73.9882689, 40.7484006 ], [ -73.9818759, 40.7490777 ], [ -73.9789341, 40.7476797 ], [ -73.9770366, 40.7428605 ], [ -73.976069199999984, 40.7400257 ], [ -73.97613939999998, 40.7399306 ], [ -73.9798755, 40.7390585 ], [ -73.985988599999985, 40.737660899999987 ], [ -73.9884095, 40.7371524 ] ] ] } },
{ "type": "Feature", "properties": { "station": "405" }, "geometry": { "type": "Polygon", "coordinates": [ [ [ -73.9889342, 40.7339154 ], [ -73.9908302, 40.7339939 ], [ -73.991587399999986, 40.7352835 ], [ -73.9938722, 40.7416869 ], [ -73.992502, 40.7435728 ], [ -73.99196, 40.7443114 ], [ -73.9913269, 40.744698 ], [ -73.9888185, 40.74540240000001 ], [ -73.984286699999984, 40.745765 ], [ -73.9811727, 40.744597799999987 ], [ -73.981051199999982, 40.7443983 ], [ -73.9780069, 40.7365606 ], [ -73.9889342, 40.7339154 ] ] ] } },
{ "type": "Feature", "properties": { "station": "408" }, "geometry": { "type": "Polygon", "coordinates": [ [ [ -73.9972721, 40.7192459 ], [ -73.9973993, 40.7192877 ], [ -73.998227699999987, 40.7195741 ], [ -73.998492699999986, 40.719687 ], [ -73.9999811, 40.7204016 ], [ -74.0007787, 40.722154 ], [ -74.0023119, 40.7279529 ], [ -74.0023844, 40.7283464 ], [ -74.0024384, 40.7288832 ], [ -74.0025212, 40.729816 ], [ -74.002323, 40.7299247 ], [ -74.0021884, 40.729971 ], [ -73.997248899999988, 40.7310632 ], [ -73.9903577, 40.7320671 ], [ -73.9892228, 40.7307233 ], [ -73.9889044, 40.7299668 ], [ -73.986673, 40.7233155 ], [ -73.9869506, 40.722593 ], [ -73.9940456, 40.7201741 ], [ -73.9972721, 40.7192459 ] ] ] } },
{ "type": "Feature", "properties": { "station": "410" }, "geometry": { "type": "Polygon", "coordinates": [ [ [ -74.004786399999986, 40.7124272 ], [ -74.0049079, 40.7125241 ], [ -74.005199, 40.7129058 ], [ -74.0061569, 40.7142008 ], [ -74.0084601, 40.7200118 ], [ -74.0086129, 40.7205517 ], [ -74.006228199999981, 40.7237717 ], [ -74.0060363, 40.7238556 ], [ -74.0042908, 40.7240801 ], [ -73.996301, 40.724662 ], [ -73.996236599999989, 40.7246579 ], [ -73.995780300000021, 40.7243761 ], [ -73.9938198, 40.720446 ], [ -73.9929634, 40.7179688 ], [ -73.992457499999986, 40.7151687 ], [ -73.9926723, 40.715056 ], [ -73.994076400000012, 40.7143439 ], [ -73.997922399999979, 40.7129252 ], [ -73.9979679, 40.7129188 ], [ -74.004786399999986, 40.7124272 ] ] ] } },
{ "type": "Feature", "properties": { "station": "411" }, "geometry": { "type": "Polygon", "coordinates": [ [ [ -74.0015694, 40.7077476 ], [ -74.0079865, 40.7080787 ], [ -74.0098602, 40.7081962 ], [ -74.010710299999985, 40.7091304 ], [ -74.010787, 40.7093623 ], [ -74.011382399999988, 40.7112684 ], [ -74.011729799999983, 40.7129067 ], [ -74.0118673, 40.7136404 ], [ -74.011701400000021, 40.7167462 ], [ -74.0090725, 40.7178826 ], [ -74.0054361, 40.7183917 ], [ -74.0012676, 40.7189641 ], [ -73.9992959, 40.7189999 ], [ -73.9988555, 40.7184227 ], [ -73.9969198, 40.7151458 ], [ -73.9961585, 40.7136479 ], [ -73.996135, 40.7134805 ], [ -73.996676400000013, 40.7114523 ], [ -73.997832599999981, 40.7089774 ], [ -74.0001469, 40.7078226 ], [ -74.0015694, 40.7077476 ] ] ] } },
{ "type": "Feature", "properties": { "station": "412" }, "geometry": { "type": "Polygon", "coordinates": [ [ [ -74.0130968, 40.7039995 ], [ -74.0141527, 40.7042993 ], [ -74.014389199999982, 40.7044793 ], [ -74.0144435, 40.7045217 ], [ -74.0146232, 40.7048259 ], [ -74.0169642, 40.7101328 ], [ -74.0166337, 40.7117306 ], [ -74.0157633, 40.7144095 ], [ -74.0157423, 40.714437 ], [ -74.0157151, 40.7144718 ], [ -74.0130077, 40.7154582 ], [ -74.0113013, 40.7157752 ], [ -74.0071737, 40.7161111 ], [ -74.0043967, 40.7163067 ], [ -74.0025257, 40.714256 ], [ -74.002056699999983, 40.7096882 ], [ -74.0026347, 40.7072041 ], [ -74.0029458, 40.7060346 ], [ -74.0029916, 40.7059922 ], [ -74.00436710000001, 40.705064 ], [ -74.0045393, 40.7049507 ], [ -74.0130968, 40.7039995 ] ] ] } },
{ "type": "Feature", "properties": { "station": "414" }, "geometry": { "type": "Polygon", "coordinates": [ [ [ -74.013026, 40.7005491 ], [ -74.0154503, 40.7012176 ], [ -74.0156486, 40.7013154 ], [ -74.0165278, 40.7020413 ], [ -74.0172629, 40.702856 ], [ -74.0185507, 40.7043384 ], [ -74.018908, 40.7049264 ], [ -74.0191896, 40.7057291 ], [ -74.0192018, 40.7057681 ], [ -74.018782, 40.7081709 ], [ -74.018532199999981, 40.7088399 ], [ -74.014070300000014, 40.7106269 ], [ -74.012564399999988, 40.7109561 ], [ -74.0092054, 40.7108883 ], [ -74.0089505, 40.7107605 ], [ -74.0063796, 40.706982 ], [ -74.006052699999984, 40.7062713 ], [ -74.005976299999986, 40.7060407 ], [ -74.00588089999998, 40.7052541 ], [ -74.0060536, 40.7039494 ], [ -74.0064863, 40.7034073 ], [ -74.013026, 40.7005491 ] ] ] } },
{ "type": "Feature", "properties": { "station": "415" }, "geometry": { "type": "Polygon", "coordinates": [ [ [ -73.9938138, 40.6864791 ], [ -73.996511399999989, 40.6900436 ], [ -73.9991897, 40.6938321 ], [ -73.9992619, 40.6939658 ], [ -73.9963236, 40.6961767 ], [ -73.9915055, 40.698996 ], [ -73.9899526, 40.6992931 ], [ -73.9897025, 40.6992275 ], [ -73.9888906, 40.6988237 ], [ -73.988054399999982, 40.6982954 ], [ -73.9871473, 40.6976178 ], [ -73.9824379, 40.6935086 ], [ -73.9817705, 40.6926663 ], [ -73.9814587, 40.6919539 ], [ -73.9815997, 40.6900184 ], [ -73.9820728, 40.689273 ], [ -73.983556299999989, 40.6886835 ], [ -73.984761, 40.6883493 ], [ -73.9868765, 40.6878473 ], [ -73.9938138, 40.6864791 ] ] ] } },
{ "type": "Feature", "properties": { "station": "418" }, "geometry": { "type": "Polygon", "coordinates": [ [ [ -73.8608562, 40.8871026 ], [ -73.8658455, 40.8959118 ], [ -73.8658211, 40.895992 ], [ -73.8637426, 40.8967536 ], [ -73.858651, 40.898564 ], [ -73.855392, 40.8988775 ], [ -73.8526006, 40.8978192 ], [ -73.850399, 40.895523 ], [ -73.8489515, 40.8917476 ], [ -73.848742299999984, 40.8906515 ], [ -73.8487939, 40.8905568 ], [ -73.8608562, 40.8871026 ] ] ] } },
{ "type": "Feature", "properties": { "station": "421" }, "geometry": { "type": "Polygon", "coordinates": [ [ [ -73.867175599999982, 40.8709878 ], [ -73.8695947, 40.872403 ], [ -73.870691399999984, 40.8732348 ], [ -73.8730058, 40.8760221 ], [ -73.875295799999989, 40.8795455 ], [ -73.8751914, 40.8796354 ], [ -73.8675615, 40.8829351 ], [ -73.8642451, 40.884033 ], [ -73.8624165, 40.8842816 ], [ -73.860701, 40.881249 ], [ -73.859278, 40.877728 ], [ -73.858942899999988, 40.8768542 ], [ -73.858915, 40.874985 ], [ -73.867175599999982, 40.8709878 ] ] ] } },
{ "type": "Feature", "properties": { "station": "424" }, "geometry": { "type": "Polygon", "coordinates": [ [ [ -73.8662643, 40.8506124 ], [ -73.8679763, 40.8507527 ], [ -73.868361, 40.8509619 ], [ -73.8695665, 40.8518866 ], [ -73.870578, 40.8530786 ], [ -73.871700899999979, 40.8567482 ], [ -73.870972599999988, 40.8615223 ], [ -73.8693752, 40.8632469 ], [ -73.8674016, 40.8638655 ], [ -73.8671644, 40.8638603 ], [ -73.8669449, 40.8638549 ], [ -73.864533, 40.8631601 ], [ -73.8627139, 40.8612616 ], [ -73.8591441, 40.856851 ], [ -73.8597324, 40.8562656 ], [ -73.8662643, 40.8506124 ] ] ] } },
{ "type": "Feature", "properties": { "station": "426" }, "geometry": { "type": "Polygon", "coordinates": [ [ [ -73.8691514, 40.8361892 ], [ -73.8752466, 40.8367397 ], [ -73.8784451, 40.8387003 ], [ -73.8815083, 40.840669 ], [ -73.8818664, 40.8436187 ], [ -73.881665699999985, 40.8445889 ], [ -73.879194, 40.845321 ], [ -73.868045400000014, 40.8449441 ], [ -73.8677846, 40.844873199999988 ], [ -73.865465, 40.840857 ], [ -73.8672371, 40.83797 ], [ -73.8691514, 40.8361892 ] ] ] } },
{ "type": "Feature", "properties": { "station": "430" }, "geometry": { "type": "Polygon", "coordinates": [ [ [ -73.8924677, 40.8181034 ], [ -73.895677, 40.818129 ], [ -73.8983515, 40.81892520000001 ], [ -73.9006597, 40.8206112 ], [ -73.9014672, 40.8236901 ], [ -73.901176, 40.824389 ], [ -73.897569, 40.829423 ], [ -73.8920725, 40.8308338 ], [ -73.8918605, 40.8308061 ], [ -73.889021, 40.829835 ], [ -73.888054, 40.829503 ], [ -73.887613, 40.829337 ], [ -73.88529, 40.8282762 ], [ -73.8870743, 40.8233224 ], [ -73.8890695, 40.8187315 ], [ -73.889168, 40.8186217 ], [ -73.8924677, 40.8181034 ] ] ] } },
{ "type": "Feature", "properties": { "station": "434" }, "geometry": { "type": "Polygon", "coordinates": [ [ [ -73.921848699999984, 40.8103034 ], [ -73.9219673, 40.8103522 ], [ -73.9243607, 40.811348 ], [ -73.9256141, 40.8120563 ], [ -73.9263684, 40.8183301 ], [ -73.924042300000011, 40.8192967 ], [ -73.9215954, 40.8202217 ], [ -73.914957, 40.8223395 ], [ -73.914843, 40.822305 ], [ -73.913215, 40.821807 ], [ -73.912168, 40.821486 ], [ -73.9088748, 40.8160187 ], [ -73.9091671, 40.8132609 ], [ -73.9104546, 40.8123063 ], [ -73.921848699999984, 40.8103034 ] ] ] } },
{ "type": "Feature", "properties": { "station": "438" }, "geometry": { "type": "Polygon", "coordinates": [ [ [ -73.944878399999979, 40.8083295 ], [ -73.944964, 40.8083659 ], [ -73.9452036, 40.808468 ], [ -73.946696099999983, 40.8115396 ], [ -73.9478636, 40.8144867 ], [ -73.9483771, 40.8163292 ], [ -73.948364, 40.8172146 ], [ -73.948289, 40.8173272 ], [ -73.947780300000019, 40.8179834 ], [ -73.936482199999986, 40.8204219 ], [ -73.9361492, 40.8202816 ], [ -73.9347009, 40.8165439 ], [ -73.9341955, 40.8142114 ], [ -73.9345793, 40.8101608 ], [ -73.9403208, 40.8089285 ], [ -73.9404403, 40.8089057 ], [ -73.944878399999979, 40.8083295 ] ] ] } },
{ "type": "Feature", "properties": { "station": "444" }, "geometry": { "type": "Polygon", "coordinates": [ [ [ -73.85012, 40.863988 ], [ -73.851985, 40.8642567 ], [ -73.852891, 40.865388 ], [ -73.854697, 40.86766 ], [ -73.85565, 40.869497 ], [ -73.8543127, 40.8735182 ], [ -73.8510734, 40.875874 ], [ -73.8497984, 40.8759048 ], [ -73.845114, 40.874715 ], [ -73.840792, 40.872147 ], [ -73.839068, 40.870569 ], [ -73.8394553, 40.8670622 ], [ -73.8396593, 40.8669289 ], [ -73.841739, 40.8660655 ], [ -73.843336199999982, 40.8655676 ], [ -73.85012, 40.863988 ] ] ] } },
{ "type": "Feature", "properties": { "station": "447" }, "geometry": { "type": "Polygon", "coordinates": [ [ [ -73.8271578, 40.752945 ], [ -73.833230599999979, 40.7545871 ], [ -73.8353459, 40.7552747 ], [ -73.836610099999987, 40.7556862 ], [ -73.8382131, 40.7571999 ], [ -73.8359607, 40.7634775 ], [ -73.835881, 40.7636142 ], [ -73.8334764, 40.7651418 ], [ -73.8316487, 40.7655458 ], [ -73.8309473, 40.7655559 ], [ -73.8277212, 40.7646227 ], [ -73.8246001, 40.7633324 ], [ -73.8220185, 40.7617238 ], [ -73.821768099999986, 40.7612148 ], [ -73.8217734, 40.7609918 ], [ -73.8224363, 40.7583172 ], [ -73.8226336, 40.7575318 ], [ -73.823688, 40.7546229 ], [ -73.823724299999981, 40.7545248 ], [ -73.82704050000001, 40.7529952 ], [ -73.8271578, 40.752945 ] ] ] } },
{ "type": "Feature", "properties": { "station": "451" }, "geometry": { "type": "Polygon", "coordinates": [ [ [ -73.8661685, 40.7431661 ], [ -73.8675697, 40.7432594 ], [ -73.8737426, 40.7444847 ], [ -73.8759496, 40.7454552 ], [ -73.8786373, 40.7481171 ], [ -73.8768055, 40.7506275 ], [ -73.873256399999988, 40.754944 ], [ -73.8728505, 40.7551219 ], [ -73.8718338, 40.7552233 ], [ -73.8709051, 40.7551304 ], [ -73.865272399999981, 40.7529812 ], [ -73.8623414, 40.7509569 ], [ -73.8610205, 40.7499679 ], [ -73.861212399999985, 40.749123 ], [ -73.8627486, 40.747123 ], [ -73.8661685, 40.7431661 ] ] ] } },
{ "type": "Feature", "properties": { "station": "454" }, "geometry": { "type": "Polygon", "coordinates": [ [ [ -73.8898906, 40.7400745 ], [ -73.892567199999988, 40.7412244 ], [ -73.8957864, 40.7428195 ], [ -73.9001893, 40.7458454 ], [ -73.900601099999989, 40.7467418 ], [ -73.899675, 40.7500772 ], [ -73.8995217, 40.750316 ], [ -73.8935628, 40.7533132 ], [ -73.893405199999989, 40.7533285 ], [ -73.8914782, 40.7531587 ], [ -73.8883379, 40.7514911 ], [ -73.8853354, 40.7497265 ], [ -73.8825369, 40.7478819 ], [ -73.8825003, 40.7477107 ], [ -73.8825, 40.7476971 ], [ -73.8825226, 40.7475889 ], [ -73.883576799999986, 40.7440519 ], [ -73.8838685, 40.7433049 ], [ -73.887511, 40.741083 ], [ -73.8898906, 40.7400745 ] ] ] } },
{ "type": "Feature", "properties": { "station": "456" }, "geometry": { "type": "Polygon", "coordinates": [ [ [ -73.9033501, 40.739885 ], [ -73.9077123, 40.7410533 ], [ -73.912381, 40.7442995 ], [ -73.912506399999984, 40.7460233 ], [ -73.9107911, 40.7480924 ], [ -73.9098166, 40.7489955 ], [ -73.9059985, 40.7506887 ], [ -73.902855300000013, 40.751826199999989 ], [ -73.9022628, 40.7520287 ], [ -73.900969, 40.7521676 ], [ -73.9008074, 40.7521844 ], [ -73.9000085, 40.7520469 ], [ -73.8970263, 40.7491818 ], [ -73.8968524, 40.7489895 ], [ -73.8964686, 40.74845770000001 ], [ -73.8959506, 40.7477075 ], [ -73.895878, 40.7475877 ], [ -73.895368, 40.7465302 ], [ -73.8953565, 40.7463551 ], [ -73.8956475, 40.7427897 ], [ -73.8957766, 40.742702199999989 ], [ -73.899480399999987, 40.7409356 ], [ -73.899736, 40.7408577 ], [ -73.902924499999983, 40.7399514 ], [ -73.9033501, 40.739885 ] ] ] } },
{ "type": "Feature", "properties": { "station": "461" }, "geometry": { "type": "Polygon", "coordinates": [ [ [ -73.9433667, 40.7453426 ], [ -73.945546099999987, 40.7457557 ], [ -73.945642299999989, 40.7458232 ], [ -73.945736599999989, 40.7459156 ], [ -73.9472527, 40.7488158 ], [ -73.947762899999987, 40.7535516 ], [ -73.9475836, 40.7536599 ], [ -73.9439985, 40.7547245 ], [ -73.9410665, 40.755245 ], [ -73.9358284, 40.755909699999989 ], [ -73.9350494, 40.7555056 ], [ -73.934909, 40.7554297 ], [ -73.9334178, 40.7518421 ], [ -73.933426199999985, 40.7516996 ], [ -73.933940599999985, 40.7459526 ], [ -73.9340881, 40.7457024 ], [ -73.9433667, 40.7453426 ] ] ] } },
{ "type": "Feature", "properties": { "station": "461" }, "geometry": { "type": "Polygon", "coordinates": [ [ [ -73.9433667, 40.7453426 ], [ -73.945546099999987, 40.7457557 ], [ -73.945642299999989, 40.7458232 ], [ -73.945736599999989, 40.7459156 ], [ -73.9472527, 40.7488158 ], [ -73.947762899999987, 40.7535516 ], [ -73.9475836, 40.7536599 ], [ -73.9439985, 40.7547245 ], [ -73.9410665, 40.755245 ], [ -73.9358284, 40.755909699999989 ], [ -73.9350494, 40.7555056 ], [ -73.934909, 40.7554297 ], [ -73.9334178, 40.7518421 ], [ -73.933426199999985, 40.7516996 ], [ -73.933940599999985, 40.7459526 ], [ -73.9340881, 40.7457024 ], [ -73.9433667, 40.7453426 ] ] ] } },
{ "type": "Feature", "properties": { "station": "462" }, "geometry": { "type": "Polygon", "coordinates": [ [ [ -73.9495193, 40.7416251 ], [ -73.951881, 40.7428182 ], [ -73.9525012, 40.7431637 ], [ -73.9530631, 40.7454797 ], [ -73.953234599999988, 40.7487808 ], [ -73.9522358, 40.7499025 ], [ -73.9480851, 40.7519606 ], [ -73.9407642, 40.7530363 ], [ -73.9404925, 40.753053199999989 ], [ -73.9367024, 40.7494323 ], [ -73.936619, 40.7493056 ], [ -73.9365874, 40.749133 ], [ -73.9364253, 40.7451996 ], [ -73.936457799999985, 40.7449732 ], [ -73.9495193, 40.7416251 ] ] ] } },
{ "type": "Feature", "properties": { "station": "465" }, "geometry": { "type": "Polygon", "coordinates": [ [ [ -73.978046899999981, 40.7455876 ], [ -73.9801391, 40.74564 ], [ -73.980914899999988, 40.7459671 ], [ -73.9814626, 40.74725 ], [ -73.982168299999984, 40.7490328 ], [ -73.982892199999981, 40.7509467 ], [ -73.9840077, 40.7541161 ], [ -73.984026299999982, 40.754698 ], [ -73.983893, 40.754884 ], [ -73.9764506, 40.7564926 ], [ -73.9738313, 40.7570527 ], [ -73.971975799999981, 40.7572232 ], [ -73.9711696, 40.7568889 ], [ -73.9697213, 40.7530011 ], [ -73.968695, 40.7501297 ], [ -73.9684787, 40.7493023 ], [ -73.9683096, 40.7480478 ], [ -73.96877, 40.7475579 ], [ -73.971359, 40.7469892 ], [ -73.978046899999981, 40.7455876 ] ] ] } },
{ "type": "Feature", "properties": { "station": "467" }, "geometry": { "type": "Polygon", "coordinates": [ [ [ -73.9879439, 40.7489203 ], [ -73.9920992, 40.7492086 ], [ -73.992105399999986, 40.7492231 ], [ -73.9932918, 40.7522219 ], [ -73.994377899999989, 40.7550598 ], [ -73.9946513, 40.7559148 ], [ -73.995008, 40.7570803 ], [ -73.9954258, 40.7587875 ], [ -73.9953526, 40.7588979 ], [ -73.991782, 40.7598455 ], [ -73.9872061, 40.7610492 ], [ -73.98413859999998, 40.76153810000001 ], [ -73.9838912, 40.7614413 ], [ -73.983351499999984, 40.7612146 ], [ -73.9832086, 40.7611535 ], [ -73.9830948, 40.7611048 ], [ -73.9816164, 40.7580213 ], [ -73.980239499999982, 40.7541768 ], [ -73.980274199999982, 40.7516149 ], [ -73.9879439, 40.7489203 ] ] ] } },
{ "type": "Feature", "properties": { "station": "468" }, "geometry": { "type": "Polygon", "coordinates": [ [ [ -73.9882789, 40.7490629 ], [ -73.99100989999998, 40.7502118 ], [ -73.9911967, 40.7504546 ], [ -73.9937473, 40.7571488 ], [ -73.9941877, 40.7584233 ], [ -73.9941269, 40.7589331 ], [ -73.9940817, 40.759039 ], [ -73.9939913, 40.7591606 ], [ -73.9910489, 40.7603564 ], [ -73.9867479, 40.7616741 ], [ -73.985320699999988, 40.7619657 ], [ -73.9836965, 40.7621797 ], [ -73.9823897, 40.76229020000001 ], [ -73.9822669, 40.7622412 ], [ -73.980844799999986, 40.7595852 ], [ -73.9807099, 40.7592742 ], [ -73.978258399999987, 40.7525031 ], [ -73.9783718, 40.7523038 ], [ -73.980274199999982, 40.7516149 ], [ -73.9879301, 40.7490652 ], [ -73.9882789, 40.7490629 ] ] ] } },
{ "type": "Feature", "properties": { "station": "469" }, "geometry": { "type": "Polygon", "coordinates": [ [ [ -73.983386, 40.7469928 ], [ -73.9835955, 40.7470806 ], [ -73.9843752, 40.7484827 ], [ -73.9858566, 40.7522048 ], [ -73.9869243, 40.7550899 ], [ -73.9871389, 40.7560006 ], [ -73.9869911, 40.7561775 ], [ -73.9864066, 40.7566011 ], [ -73.9862323, 40.7567177 ], [ -73.9773722, 40.7585362 ], [ -73.9746211, 40.7590059 ], [ -73.973753699999989, 40.7571592 ], [ -73.971437, 40.7511271 ], [ -73.9710368, 40.7494673 ], [ -73.973597899999987, 40.7487348 ], [ -73.974158599999981, 40.7485913 ], [ -73.9771679, 40.7478884 ], [ -73.9787211, 40.7475857 ], [ -73.9815956, 40.7470713 ], [ -73.983386, 40.7469928 ] ] ] } },
{ "type": "Feature", "properties": { "station": "471" }, "geometry": { "type": "Polygon", "coordinates": [ [ [ -74.006421299999985, 40.7495878 ], [ -74.0065339, 40.7496332 ], [ -74.007576, 40.7524138 ], [ -74.007506400000011, 40.753795 ], [ -74.0074205, 40.7540201 ], [ -74.0071521, 40.7546987 ], [ -74.0041039, 40.7602437 ], [ -74.0039047, 40.760592 ], [ -74.0036749, 40.7608396 ], [ -73.9974973, 40.76218 ], [ -73.99722629999998, 40.762065 ], [ -73.9958542, 40.7588468 ], [ -73.994889699999987, 40.7561686 ], [ -73.99474739999998, 40.755304 ], [ -73.9945124, 40.752755 ], [ -73.994673099999986, 40.7525933 ], [ -73.995284499999983, 40.7520121 ], [ -73.997595599999983, 40.7513708 ], [ -74.0033353, 40.7498735 ], [ -74.006421299999985, 40.7495878 ] ] ] } },
{ "type": "Feature", "properties": { "station": "475" }, "geometry": { "type": "Polygon", "coordinates": [ [ [ -73.951679199999987, 40.7779677 ], [ -73.9527503, 40.780759 ], [ -73.954203199999981, 40.7846532 ], [ -73.9547782, 40.7861995 ], [ -73.9548026, 40.786547 ], [ -73.954341199999988, 40.7871848 ], [ -73.9542085, 40.787368 ], [ -73.9538237, 40.7878968 ], [ -73.9537419, 40.7880092 ], [ -73.948198299999987, 40.7897815 ], [ -73.946039899999988, 40.7903777 ], [ -73.9425043, 40.7905284 ], [ -73.9414332, 40.7877532 ], [ -73.9411316, 40.7864928 ], [ -73.9410081, 40.7851114 ], [ -73.9410405, 40.7850458 ], [ -73.9445865, 40.7792224 ], [ -73.9446933, 40.7790739 ], [ -73.951679199999987, 40.7779677 ] ] ] } },
{ "type": "Feature", "properties": { "station": "476" }, "geometry": { "type": "Polygon", "coordinates": [ [ [ -73.9559223, 40.7719186 ], [ -73.9561752, 40.7720252 ], [ -73.9573702, 40.7744438 ], [ -73.9580914, 40.7762666 ], [ -73.9588725, 40.7782632 ], [ -73.9594634, 40.780164 ], [ -73.958856, 40.7810113 ], [ -73.9583877, 40.7816418 ], [ -73.9508803, 40.7833179 ], [ -73.9476774, 40.7836876 ], [ -73.9475421, 40.7836303 ], [ -73.947418499999984, 40.7835779 ], [ -73.9461351, 40.7813177 ], [ -73.9450949, 40.7784944 ], [ -73.9438069, 40.774982 ], [ -73.943813599999984, 40.7746111 ], [ -73.9438916, 40.7745081 ], [ -73.9451841, 40.7741471 ], [ -73.9489198, 40.7732368 ], [ -73.9524723, 40.7723741 ], [ -73.9528932, 40.7723102 ], [ -73.9559223, 40.7719186 ] ] ] } },
{ "type": "Feature", "properties": { "station": "477" }, "geometry": { "type": "Polygon", "coordinates": [ [ [ -73.9631444, 40.7624837 ], [ -73.9654592, 40.7685232 ], [ -73.966086800000014, 40.771093 ], [ -73.9656152, 40.7717414 ], [ -73.96509, 40.7724626 ], [ -73.965007499999984, 40.772573299999983 ], [ -73.9625673, 40.773205 ], [ -73.9575053, 40.7742542 ], [ -73.9570881, 40.7743259 ], [ -73.954175899999981, 40.774776 ], [ -73.9540561, 40.7747248 ], [ -73.953922, 40.7746673 ], [ -73.9534974, 40.773656 ], [ -73.951948099999981, 40.7695477 ], [ -73.9510157, 40.7665323 ], [ -73.9521132, 40.7653538 ], [ -73.953189, 40.7649057 ], [ -73.9555401, 40.7641866 ], [ -73.9590599, 40.7633678 ], [ -73.9615806, 40.7627914 ], [ -73.9631444, 40.7624837 ] ] ] } },
{ "type": "Feature", "properties": { "station": "501" }, "geometry": { "type": "Polygon", "coordinates": [ [ [ -74.0759231, 40.6386141 ], [ -74.0805507, 40.6416165 ], [ -74.0806303, 40.6417636 ], [ -74.0794021, 40.6449216 ], [ -74.0788656, 40.6462652 ], [ -74.0768284, 40.6467299 ], [ -74.076601899999986, 40.6466764 ], [ -74.074174899999988, 40.6460869 ], [ -74.0718309, 40.644105 ], [ -74.07051730000002, 40.6426184 ], [ -74.0759231, 40.6386141 ] ] ] } },
{ "type": "Feature", "properties": { "station": "507" }, "geometry": { "type": "Polygon", "coordinates": [ [ [ -74.0978032, 40.5841086 ], [ -74.1012729, 40.5843451 ], [ -74.1032095, 40.5867074 ], [ -74.1035181, 40.5873202 ], [ -74.1030113, 40.5909485 ], [ -74.101591, 40.593146 ], [ -74.1004594, 40.5934558 ], [ -74.093766, 40.59355 ], [ -74.0917543, 40.5934869 ], [ -74.0909925, 40.5930974 ], [ -74.090143900000015, 40.5925799 ], [ -74.0892784, 40.5867727 ], [ -74.0895338, 40.5852325 ], [ -74.0895873, 40.5851706 ], [ -74.0936105, 40.5844569 ], [ -74.094838199999984, 40.584278 ], [ -74.0977885, 40.584109 ], [ -74.0978032, 40.5841086 ] ] ] } },
{ "type": "Feature", "properties": { "station": "510" }, "geometry": { "type": "Polygon", "coordinates": [ [ [ -74.121088, 40.5678554 ], [ -74.1229501, 40.5680057 ], [ -74.1230943, 40.5680914 ], [ -74.123448, 40.5693206 ], [ -74.125205199999982, 40.5758128 ], [ -74.1251342, 40.575894 ], [ -74.122883499999986, 40.5773859 ], [ -74.121398, 40.5782621 ], [ -74.116975899999986, 40.5783499 ], [ -74.1118911, 40.5776991 ], [ -74.1112962, 40.5773873 ], [ -74.1108236, 40.5753309 ], [ -74.1104864, 40.5726437 ], [ -74.1102836, 40.5708449 ], [ -74.1103337, 40.570787 ], [ -74.110671599999989, 40.5705684 ], [ -74.116425899999982, 40.5684296 ], [ -74.118482, 40.568128 ], [ -74.121088, 40.5678554 ] ] ] } },
{ "type": "Feature", "properties": { "station": "513" }, "geometry": { "type": "Polygon", "coordinates": [ [ [ -74.1484946, 40.5446997 ], [ -74.151452799999987, 40.5453149 ], [ -74.154489, 40.5460548 ], [ -74.1574783, 40.5468851 ], [ -74.1577793, 40.547121 ], [ -74.1577946, 40.5471654 ], [ -74.1579746, 40.5517424 ], [ -74.1567869, 40.5540947 ], [ -74.15669029999998, 40.5542737 ], [ -74.1531417, 40.5574049 ], [ -74.1472433, 40.5551432 ], [ -74.14616239999998, 40.5546927 ], [ -74.14607, 40.554642 ], [ -74.1437319, 40.5523093 ], [ -74.144021, 40.551024 ], [ -74.1453961, 40.5472324 ], [ -74.1483839, 40.5447777 ], [ -74.1484946, 40.5446997 ] ] ] } },
{ "type": "Feature", "properties": { "station": "522" }, "geometry": { "type": "Polygon", "coordinates": [ [ [ -74.2465268, 40.507953 ], [ -74.2491851, 40.5084441 ], [ -74.251337, 40.5089194 ], [ -74.2524978, 40.5094739 ], [ -74.252561799999981, 40.5095064 ], [ -74.2529586, 40.5121262 ], [ -74.251478, 40.5136975 ], [ -74.251354, 40.5137653 ], [ -74.2476634, 40.5149384 ], [ -74.2440237, 40.5159671 ], [ -74.243979, 40.5159186 ], [ -74.2453346, 40.5099236 ], [ -74.246447, 40.5079682 ], [ -74.2465268, 40.507953 ] ] ] } },
{ "type": "Feature", "properties": { "station": "523" }, "geometry": { "type": "Polygon", "coordinates": [ [ [ -74.2405227, 40.5115402 ], [ -74.248095, 40.5125899 ], [ -74.2489412, 40.512837 ], [ -74.2490947, 40.5129015 ], [ -74.2493423, 40.513183 ], [ -74.2491596, 40.5138566 ], [ -74.2489791, 40.51418060000001 ], [ -74.2395105, 40.5226517 ], [ -74.2392403, 40.5228599 ], [ -74.2389013, 40.5224837 ], [ -74.23448, 40.515048 ], [ -74.239520899999988, 40.5115581 ], [ -74.2405227, 40.5115402 ] ] ] } }
]
}
