SiteName,Operator,starttime,timeofday,Value
BQE,nyccas,2024-12-23T11:00:00,11:00 AM,6.62
BQE,nyccas,2024-12-23T12:00:00,12:00 PM,6.99
BQE,nyccas,2024-12-23T13:00:00,1:00 PM,6.95
BQE,nyccas,2024-12-23T14:00:00,2:00 PM,6.6
BQE,nyccas,2024-12-23T15:00:00,3:00 PM,5.4
BQE,nyccas,2024-12-23T16:00:00,4:00 PM,5.65
BQE,nyccas,2024-12-23T17:00:00,5:00 PM,5.22
BQE,nyccas,2024-12-23T18:00:00,6:00 PM,6.16
BQE,nyccas,2024-12-23T19:00:00,7:00 PM,6.8
BQE,nyccas,2024-12-23T20:00:00,8:00 PM,6.13
BQE,nyccas,2024-12-23T21:00:00,9:00 PM,5.61
BQE,nyccas,2024-12-23T22:00:00,10:00 PM,5.76
BQE,nyccas,2024-12-23T23:00:00,11:00 PM,5.02
BQE,nyccas,2024-12-24T00:00:00,12:00 AM,5.66
BQE,nyccas,2024-12-24T01:00:00,1:00 AM,7.12
BQE,nyccas,2024-12-24T02:00:00,2:00 AM,8.51
BQE,nyccas,2024-12-24T03:00:00,3:00 AM,6.22
BQE,nyccas,2024-12-24T04:00:00,4:00 AM,7.52
BQE,nyccas,2024-12-24T05:00:00,5:00 AM,6.76
BQE,nyccas,2024-12-24T06:00:00,6:00 AM,5.51
BQE,nyccas,2024-12-24T07:00:00,7:00 AM,7.56
BQE,nyccas,2024-12-24T08:00:00,8:00 AM,8.71
BQE,nyccas,2024-12-24T09:00:00,9:00 AM,9.23
BQE,nyccas,2024-12-24T10:00:00,10:00 AM,9.68
BQE,nyccas,2024-12-24T11:00:00,11:00 AM,9.97
BQE,nyccas,2024-12-24T12:00:00,12:00 PM,10.37
BQE,nyccas,2024-12-24T13:00:00,1:00 PM,11.77
BQE,nyccas,2024-12-24T14:00:00,2:00 PM,11.96
BQE,nyccas,2024-12-24T15:00:00,3:00 PM,10.08
BQE,nyccas,2024-12-24T16:00:00,4:00 PM,10.61
BQE,nyccas,2024-12-24T17:00:00,5:00 PM,6.16
BQE,nyccas,2024-12-24T18:00:00,6:00 PM,6.9
BQE,nyccas,2024-12-24T19:00:00,7:00 PM,6.67
BQE,nyccas,2024-12-24T20:00:00,8:00 PM,6.64
BQE,nyccas,2024-12-24T21:00:00,9:00 PM,7.08
BQE,nyccas,2024-12-24T22:00:00,10:00 PM,7.52
BQE,nyccas,2024-12-24T23:00:00,11:00 PM,10.45
BQE,nyccas,2024-12-25T00:00:00,12:00 AM,8.06
BQE,nyccas,2024-12-25T01:00:00,1:00 AM,9.59
BQE,nyccas,2024-12-25T02:00:00,2:00 AM,10.69
BQE,nyccas,2024-12-25T03:00:00,3:00 AM,10.63
BQE,nyccas,2024-12-25T04:00:00,4:00 AM,9.91
BQE,nyccas,2024-12-25T05:00:00,5:00 AM,11.36
BQE,nyccas,2024-12-25T06:00:00,6:00 AM,9.29
BQE,nyccas,2024-12-25T07:00:00,7:00 AM,8.8
BQE,nyccas,2024-12-25T08:00:00,8:00 AM,9.43
BQE,nyccas,2024-12-25T09:00:00,9:00 AM,9.6
BQE,nyccas,2024-12-25T10:00:00,10:00 AM,11.35
BQE,nyccas,2024-12-25T11:00:00,11:00 AM,10.72
BQE,nyccas,2024-12-25T12:00:00,12:00 PM,7.72
BQE,nyccas,2024-12-25T13:00:00,1:00 PM,9.32
BQE,nyccas,2024-12-25T14:00:00,2:00 PM,7.56
BQE,nyccas,2024-12-25T15:00:00,3:00 PM,6.93
BQE,nyccas,2024-12-25T16:00:00,4:00 PM,6.61
BQE,nyccas,2024-12-25T17:00:00,5:00 PM,7.88
BQE,nyccas,2024-12-25T18:00:00,6:00 PM,8.09
BQE,nyccas,2024-12-25T19:00:00,7:00 PM,8.38
BQE,nyccas,2024-12-25T20:00:00,8:00 PM,8.12
BQE,nyccas,2024-12-25T21:00:00,9:00 PM,7.53
BQE,nyccas,2024-12-25T22:00:00,10:00 PM,7.36
BQE,nyccas,2024-12-25T23:00:00,11:00 PM,5.59
BQE,nyccas,2024-12-26T00:00:00,12:00 AM,6.2
BQE,nyccas,2024-12-26T01:00:00,1:00 AM,5.76
BQE,nyccas,2024-12-26T02:00:00,2:00 AM,6.16
BQE,nyccas,2024-12-26T03:00:00,3:00 AM,6.67
BQE,nyccas,2024-12-26T04:00:00,4:00 AM,6.39
BQE,nyccas,2024-12-26T05:00:00,5:00 AM,6.89
BQE,nyccas,2024-12-26T06:00:00,6:00 AM,7.52
BQE,nyccas,2024-12-26T07:00:00,7:00 AM,7.95
BQE,nyccas,2024-12-26T08:00:00,8:00 AM,8.61
BQE,nyccas,2024-12-26T09:00:00,9:00 AM,10.3
BQE,nyccas,2024-12-26T10:00:00,10:00 AM,10.04
BQE,nyccas,2024-12-26T11:00:00,11:00 AM,10.2
BQE,nyccas,2024-12-26T12:00:00,12:00 PM,10.25
BQE,nyccas,2024-12-26T13:00:00,1:00 PM,8.98
BQE,nyccas,2024-12-26T14:00:00,2:00 PM,10.55
BQE,nyccas,2024-12-26T15:00:00,3:00 PM,9.94
BQE,nyccas,2024-12-26T16:00:00,4:00 PM,10.41
BQE,nyccas,2024-12-26T17:00:00,5:00 PM,10.14
BQE,nyccas,2024-12-26T18:00:00,6:00 PM,9.92
BQE,nyccas,2024-12-26T19:00:00,7:00 PM,9.98
BQE,nyccas,2024-12-26T20:00:00,8:00 PM,9.26
BQE,nyccas,2024-12-26T21:00:00,9:00 PM,10.45
BQE,nyccas,2024-12-26T22:00:00,10:00 PM,10.12
BQE,nyccas,2024-12-26T23:00:00,11:00 PM,11.03
BQE,nyccas,2024-12-27T00:00:00,12:00 AM,10.68
BQE,nyccas,2024-12-27T01:00:00,1:00 AM,11.25
BQE,nyccas,2024-12-27T02:00:00,2:00 AM,11.33
BQE,nyccas,2024-12-27T03:00:00,3:00 AM,11.47
BQE,nyccas,2024-12-27T04:00:00,4:00 AM,10.14
BQE,nyccas,2024-12-27T05:00:00,5:00 AM,10.93
BQE,nyccas,2024-12-27T06:00:00,6:00 AM,11.02
BQE,nyccas,2024-12-27T07:00:00,7:00 AM,12.27
BQE,nyccas,2024-12-27T08:00:00,8:00 AM,13.15
BQE,nyccas,2024-12-27T09:00:00,9:00 AM,16.49
BQE,nyccas,2024-12-27T10:00:00,10:00 AM,16.22
BQE,nyccas,2024-12-27T11:00:00,11:00 AM,15.05
BQE,nyccas,2024-12-27T12:00:00,12:00 PM,13.66
BQE,nyccas,2024-12-27T13:00:00,1:00 PM,14.64
BQE,nyccas,2024-12-27T14:00:00,2:00 PM,13.23
BQE,nyccas,2024-12-27T15:00:00,3:00 PM,15.8
BQE,nyccas,2024-12-27T16:00:00,4:00 PM,15.45
BQE,nyccas,2024-12-27T17:00:00,5:00 PM,18.76
BQE,nyccas,2024-12-27T18:00:00,6:00 PM,16.83
BQE,nyccas,2024-12-27T19:00:00,7:00 PM,15.05
BQE,nyccas,2024-12-27T20:00:00,8:00 PM,13.22
BQE,nyccas,2024-12-27T21:00:00,9:00 PM,11.53
BQE,nyccas,2024-12-27T22:00:00,10:00 PM,8.81
BQE,nyccas,2024-12-27T23:00:00,11:00 PM,5.98
BQE,nyccas,2024-12-28T00:00:00,12:00 AM,5.31
BQE,nyccas,2024-12-28T01:00:00,1:00 AM,5.61
BQE,nyccas,2024-12-28T02:00:00,2:00 AM,7.87
BQE,nyccas,2024-12-28T03:00:00,3:00 AM,8.45
BQE,nyccas,2024-12-28T04:00:00,4:00 AM,6.56
BQE,nyccas,2024-12-28T05:00:00,5:00 AM,6.9
BQE,nyccas,2024-12-28T06:00:00,6:00 AM,7.19
BQE,nyccas,2024-12-28T07:00:00,7:00 AM,9.26
BQE,nyccas,2024-12-28T08:00:00,8:00 AM,15.21
BQE,nyccas,2024-12-28T09:00:00,9:00 AM,16.81
BQE,nyccas,2024-12-28T10:00:00,10:00 AM,18.2
BQE,nyccas,2024-12-28T11:00:00,11:00 AM,18.97
BQE,nyccas,2024-12-28T12:00:00,12:00 PM,20.05
BQE,nyccas,2024-12-28T13:00:00,1:00 PM,10.91
BQE,nyccas,2024-12-28T14:00:00,2:00 PM,6.14
BQE,nyccas,2024-12-28T15:00:00,3:00 PM,6.07
BQE,nyccas,2024-12-28T16:00:00,4:00 PM,4.51
BQE,nyccas,2024-12-28T17:00:00,5:00 PM,5.18
BQE,nyccas,2024-12-28T18:00:00,6:00 PM,6.29
BQE,nyccas,2024-12-28T19:00:00,7:00 PM,7.33
BQE,nyccas,2024-12-28T20:00:00,8:00 PM,8.22
BQE,nyccas,2024-12-28T21:00:00,9:00 PM,7.25
BQE,nyccas,2024-12-28T22:00:00,10:00 PM,7.78
BQE,nyccas,2024-12-28T23:00:00,11:00 PM,6.04
BQE,nyccas,2024-12-29T00:00:00,12:00 AM,4.82
BQE,nyccas,2024-12-29T01:00:00,1:00 AM,3.94
BQE,nyccas,2024-12-29T02:00:00,2:00 AM,4.43
BQE,nyccas,2024-12-29T03:00:00,3:00 AM,5.47
BQE,nyccas,2024-12-29T04:00:00,4:00 AM,5.64
BQE,nyccas,2024-12-29T05:00:00,5:00 AM,6.09
BQE,nyccas,2024-12-29T06:00:00,6:00 AM,5.77
BQE,nyccas,2024-12-29T07:00:00,7:00 AM,4.76
BQE,nyccas,2024-12-29T08:00:00,8:00 AM,5.57
BQE,nyccas,2024-12-29T09:00:00,9:00 AM,5.57
BQE,nyccas,2024-12-29T10:00:00,10:00 AM,6.52
BQE,nyccas,2024-12-29T11:00:00,11:00 AM,6.21
BQE,nyccas,2024-12-29T12:00:00,12:00 PM,5.21
BQE,nyccas,2024-12-29T13:00:00,1:00 PM,4.81
BQE,nyccas,2024-12-29T14:00:00,2:00 PM,4.68
BQE,nyccas,2024-12-29T15:00:00,3:00 PM,4.62
BQE,nyccas,2024-12-29T16:00:00,4:00 PM,4.49
BQE,nyccas,2024-12-29T17:00:00,5:00 PM,4.68
BQE,nyccas,2024-12-29T18:00:00,6:00 PM,4.37
BQE,nyccas,2024-12-29T19:00:00,7:00 PM,4.85
BQE,nyccas,2024-12-29T20:00:00,8:00 PM,4.93
BQE,nyccas,2024-12-29T21:00:00,9:00 PM,5.29
BQE,nyccas,2024-12-29T22:00:00,10:00 PM,5.16
BQE,nyccas,2024-12-29T23:00:00,11:00 PM,5.39
BQE,nyccas,2024-12-30T00:00:00,12:00 AM,5.8
BQE,nyccas,2024-12-30T01:00:00,1:00 AM,5.82
BQE,nyccas,2024-12-30T02:00:00,2:00 AM,4.07
BQE,nyccas,2024-12-30T03:00:00,3:00 AM,4.32
BQE,nyccas,2024-12-30T04:00:00,4:00 AM,5.19
BQE,nyccas,2024-12-30T05:00:00,5:00 AM,6.14
BQE,nyccas,2024-12-30T06:00:00,6:00 AM,6.42
BQE,nyccas,2024-12-30T07:00:00,7:00 AM,6.65
BQE,nyccas,2024-12-30T08:00:00,8:00 AM,5.85
BQE,nyccas,2024-12-30T09:00:00,9:00 AM,5.84
BQE,nyccas,2024-12-30T10:00:00,10:00 AM,3.63
BQE,nyccas,2024-12-30T11:00:00,11:00 AM,2.94
BQE,nyccas,2024-12-30T12:00:00,12:00 PM,2.84
BQE,nyccas,2024-12-30T13:00:00,1:00 PM,2.82
BQE,nyccas,2024-12-30T14:00:00,2:00 PM,2.69
BQE,nyccas,2024-12-30T15:00:00,3:00 PM,2.62
BQE,nyccas,2024-12-30T16:00:00,4:00 PM,2.84
BQE,nyccas,2024-12-30T17:00:00,5:00 PM,3.1
BQE,nyccas,2024-12-30T18:00:00,6:00 PM,3.05
BQE,nyccas,2024-12-30T19:00:00,7:00 PM,3.57
BQE,nyccas,2024-12-30T20:00:00,8:00 PM,3.22
BQE,nyccas,2024-12-30T21:00:00,9:00 PM,3.23
BQE,nyccas,2024-12-30T22:00:00,10:00 PM,3.59
BQE,nyccas,2024-12-30T23:00:00,11:00 PM,3.82
BQE,nyccas,2024-12-31T00:00:00,12:00 AM,3.26
BQE,nyccas,2024-12-31T01:00:00,1:00 AM,3.31
BQE,nyccas,2024-12-31T02:00:00,2:00 AM,3.49
BQE,nyccas,2024-12-31T03:00:00,3:00 AM,3.97
BQE,nyccas,2024-12-31T04:00:00,4:00 AM,4.25
BQE,nyccas,2024-12-31T05:00:00,5:00 AM,4.21
BQE,nyccas,2024-12-31T06:00:00,6:00 AM,5.7
BQE,nyccas,2024-12-31T07:00:00,7:00 AM,6.31
BQE,nyccas,2024-12-31T08:00:00,8:00 AM,7.26
BQE,nyccas,2024-12-31T09:00:00,9:00 AM,7.44
Broadway_35th_St,nyccas,2024-12-23T11:00:00,11:00 AM,7.73
Broadway_35th_St,nyccas,2024-12-23T12:00:00,12:00 PM,10.84
Broadway_35th_St,nyccas,2024-12-23T13:00:00,1:00 PM,20.27
Broadway_35th_St,nyccas,2024-12-23T14:00:00,2:00 PM,16
Broadway_35th_St,nyccas,2024-12-23T15:00:00,3:00 PM,11.75
Broadway_35th_St,nyccas,2024-12-23T16:00:00,4:00 PM,10.86
Broadway_35th_St,nyccas,2024-12-23T17:00:00,5:00 PM,12.8
Broadway_35th_St,nyccas,2024-12-23T18:00:00,6:00 PM,20.61
Broadway_35th_St,nyccas,2024-12-23T19:00:00,7:00 PM,16.38
Broadway_35th_St,nyccas,2024-12-23T20:00:00,8:00 PM,20.2
Broadway_35th_St,nyccas,2024-12-23T21:00:00,9:00 PM,43.41
Broadway_35th_St,nyccas,2024-12-23T22:00:00,10:00 PM,6.62
Broadway_35th_St,nyccas,2024-12-23T23:00:00,11:00 PM,5.5
Broadway_35th_St,nyccas,2024-12-24T00:00:00,12:00 AM,4.79
Broadway_35th_St,nyccas,2024-12-24T01:00:00,1:00 AM,4.74
Broadway_35th_St,nyccas,2024-12-24T02:00:00,2:00 AM,5.39
Broadway_35th_St,nyccas,2024-12-24T03:00:00,3:00 AM,6.23
Broadway_35th_St,nyccas,2024-12-24T04:00:00,4:00 AM,6.52
Broadway_35th_St,nyccas,2024-12-24T05:00:00,5:00 AM,6.97
Broadway_35th_St,nyccas,2024-12-24T06:00:00,6:00 AM,6.71
Broadway_35th_St,nyccas,2024-12-24T07:00:00,7:00 AM,7.02
Broadway_35th_St,nyccas,2024-12-24T08:00:00,8:00 AM,8.03
Broadway_35th_St,nyccas,2024-12-24T09:00:00,9:00 AM,9.84
Broadway_35th_St,nyccas,2024-12-24T10:00:00,10:00 AM,13.23
Broadway_35th_St,nyccas,2024-12-24T11:00:00,11:00 AM,12.35
Broadway_35th_St,nyccas,2024-12-24T12:00:00,12:00 PM,12.49
Broadway_35th_St,nyccas,2024-12-24T13:00:00,1:00 PM,18.24
Broadway_35th_St,nyccas,2024-12-24T14:00:00,2:00 PM,13.02
Broadway_35th_St,nyccas,2024-12-24T15:00:00,3:00 PM,11.93
Broadway_35th_St,nyccas,2024-12-24T16:00:00,4:00 PM,10.48
Broadway_35th_St,nyccas,2024-12-24T17:00:00,5:00 PM,11.42
Broadway_35th_St,nyccas,2024-12-24T18:00:00,6:00 PM,10.91
Broadway_35th_St,nyccas,2024-12-24T19:00:00,7:00 PM,9.3
Broadway_35th_St,nyccas,2024-12-24T20:00:00,8:00 PM,9.47
Broadway_35th_St,nyccas,2024-12-24T21:00:00,9:00 PM,9.81
Broadway_35th_St,nyccas,2024-12-24T22:00:00,10:00 PM,9.78
Broadway_35th_St,nyccas,2024-12-24T23:00:00,11:00 PM,9.91
Broadway_35th_St,nyccas,2024-12-25T00:00:00,12:00 AM,8.66
Broadway_35th_St,nyccas,2024-12-25T01:00:00,1:00 AM,10.6
Broadway_35th_St,nyccas,2024-12-25T02:00:00,2:00 AM,9.84
Broadway_35th_St,nyccas,2024-12-25T03:00:00,3:00 AM,10.86
Broadway_35th_St,nyccas,2024-12-25T04:00:00,4:00 AM,10.06
Broadway_35th_St,nyccas,2024-12-25T05:00:00,5:00 AM,9.99
Broadway_35th_St,nyccas,2024-12-25T06:00:00,6:00 AM,9.68
Broadway_35th_St,nyccas,2024-12-25T07:00:00,7:00 AM,10.47
Broadway_35th_St,nyccas,2024-12-25T08:00:00,8:00 AM,9.4
Broadway_35th_St,nyccas,2024-12-25T09:00:00,9:00 AM,8.48
Broadway_35th_St,nyccas,2024-12-25T10:00:00,10:00 AM,9.07
Broadway_35th_St,nyccas,2024-12-25T11:00:00,11:00 AM,10.05
Broadway_35th_St,nyccas,2024-12-25T12:00:00,12:00 PM,10.88
Broadway_35th_St,nyccas,2024-12-25T13:00:00,1:00 PM,9.05
Broadway_35th_St,nyccas,2024-12-25T14:00:00,2:00 PM,7.57
Broadway_35th_St,nyccas,2024-12-25T15:00:00,3:00 PM,7.24
Broadway_35th_St,nyccas,2024-12-25T16:00:00,4:00 PM,7.31
Broadway_35th_St,nyccas,2024-12-25T17:00:00,5:00 PM,7.66
Broadway_35th_St,nyccas,2024-12-25T18:00:00,6:00 PM,8.62
Broadway_35th_St,nyccas,2024-12-25T19:00:00,7:00 PM,10.01
Broadway_35th_St,nyccas,2024-12-25T20:00:00,8:00 PM,9.56
Broadway_35th_St,nyccas,2024-12-25T21:00:00,9:00 PM,7.81
Broadway_35th_St,nyccas,2024-12-25T22:00:00,10:00 PM,7
Broadway_35th_St,nyccas,2024-12-25T23:00:00,11:00 PM,7.28
Broadway_35th_St,nyccas,2024-12-26T00:00:00,12:00 AM,7.19
Broadway_35th_St,nyccas,2024-12-26T01:00:00,1:00 AM,6.95
Broadway_35th_St,nyccas,2024-12-26T02:00:00,2:00 AM,7.15
Broadway_35th_St,nyccas,2024-12-26T03:00:00,3:00 AM,6.77
Broadway_35th_St,nyccas,2024-12-26T04:00:00,4:00 AM,6.48
Broadway_35th_St,nyccas,2024-12-26T05:00:00,5:00 AM,6.91
Broadway_35th_St,nyccas,2024-12-26T06:00:00,6:00 AM,7.31
Broadway_35th_St,nyccas,2024-12-26T07:00:00,7:00 AM,8.26
Broadway_35th_St,nyccas,2024-12-26T08:00:00,8:00 AM,9.78
Broadway_35th_St,nyccas,2024-12-26T09:00:00,9:00 AM,10.11
Broadway_35th_St,nyccas,2024-12-26T10:00:00,10:00 AM,12.33
Broadway_35th_St,nyccas,2024-12-26T11:00:00,11:00 AM,12.23
Broadway_35th_St,nyccas,2024-12-26T12:00:00,12:00 PM,9.73
Broadway_35th_St,nyccas,2024-12-26T13:00:00,1:00 PM,14.77
Broadway_35th_St,nyccas,2024-12-26T14:00:00,2:00 PM,13.64
Broadway_35th_St,nyccas,2024-12-26T15:00:00,3:00 PM,14.24
Broadway_35th_St,nyccas,2024-12-26T16:00:00,4:00 PM,13.19
Broadway_35th_St,nyccas,2024-12-26T17:00:00,5:00 PM,13.93
Broadway_35th_St,nyccas,2024-12-26T18:00:00,6:00 PM,17.3
Broadway_35th_St,nyccas,2024-12-26T19:00:00,7:00 PM,19.73
Broadway_35th_St,nyccas,2024-12-26T20:00:00,8:00 PM,11.11
Broadway_35th_St,nyccas,2024-12-26T21:00:00,9:00 PM,13.17
Broadway_35th_St,nyccas,2024-12-26T22:00:00,10:00 PM,10.96
Broadway_35th_St,nyccas,2024-12-26T23:00:00,11:00 PM,11
Broadway_35th_St,nyccas,2024-12-27T00:00:00,12:00 AM,10.45
Broadway_35th_St,nyccas,2024-12-27T01:00:00,1:00 AM,9.82
Broadway_35th_St,nyccas,2024-12-27T02:00:00,2:00 AM,8.55
Broadway_35th_St,nyccas,2024-12-27T03:00:00,3:00 AM,8.21
Broadway_35th_St,nyccas,2024-12-27T04:00:00,4:00 AM,8.24
Broadway_35th_St,nyccas,2024-12-27T05:00:00,5:00 AM,9.05
Broadway_35th_St,nyccas,2024-12-27T06:00:00,6:00 AM,9.4
Broadway_35th_St,nyccas,2024-12-27T07:00:00,7:00 AM,10.23
Broadway_35th_St,nyccas,2024-12-27T08:00:00,8:00 AM,11.78
Broadway_35th_St,nyccas,2024-12-27T09:00:00,9:00 AM,12.45
Broadway_35th_St,nyccas,2024-12-27T10:00:00,10:00 AM,13.2
Broadway_35th_St,nyccas,2024-12-27T11:00:00,11:00 AM,15.38
Broadway_35th_St,nyccas,2024-12-27T12:00:00,12:00 PM,19.13
Broadway_35th_St,nyccas,2024-12-27T13:00:00,1:00 PM,14.61
Broadway_35th_St,nyccas,2024-12-27T14:00:00,2:00 PM,19.27
Broadway_35th_St,nyccas,2024-12-27T15:00:00,3:00 PM,28.55
Broadway_35th_St,nyccas,2024-12-27T16:00:00,4:00 PM,27.1
Broadway_35th_St,nyccas,2024-12-27T17:00:00,5:00 PM,32.09
Broadway_35th_St,nyccas,2024-12-27T18:00:00,6:00 PM,21.64
Broadway_35th_St,nyccas,2024-12-27T19:00:00,7:00 PM,18.19
Broadway_35th_St,nyccas,2024-12-27T20:00:00,8:00 PM,16.9
Broadway_35th_St,nyccas,2024-12-27T21:00:00,9:00 PM,20.35
Broadway_35th_St,nyccas,2024-12-27T22:00:00,10:00 PM,10.94
Broadway_35th_St,nyccas,2024-12-27T23:00:00,11:00 PM,6.71
Broadway_35th_St,nyccas,2024-12-28T00:00:00,12:00 AM,5.84
Broadway_35th_St,nyccas,2024-12-28T01:00:00,1:00 AM,4.78
Broadway_35th_St,nyccas,2024-12-28T02:00:00,2:00 AM,3.97
Broadway_35th_St,nyccas,2024-12-28T03:00:00,3:00 AM,4.36
Broadway_35th_St,nyccas,2024-12-28T04:00:00,4:00 AM,9.22
Broadway_35th_St,nyccas,2024-12-28T05:00:00,5:00 AM,11.99
Broadway_35th_St,nyccas,2024-12-28T06:00:00,6:00 AM,11.39
Broadway_35th_St,nyccas,2024-12-28T07:00:00,7:00 AM,16.02
Broadway_35th_St,nyccas,2024-12-28T08:00:00,8:00 AM,16.58
Broadway_35th_St,nyccas,2024-12-28T09:00:00,9:00 AM,15.13
Broadway_35th_St,nyccas,2024-12-28T10:00:00,10:00 AM,16.12
Broadway_35th_St,nyccas,2024-12-28T11:00:00,11:00 AM,14.98
Broadway_35th_St,nyccas,2024-12-28T12:00:00,12:00 PM,15.6
Broadway_35th_St,nyccas,2024-12-28T13:00:00,1:00 PM,12.11
Broadway_35th_St,nyccas,2024-12-28T14:00:00,2:00 PM,9.42
Broadway_35th_St,nyccas,2024-12-28T15:00:00,3:00 PM,11.02
Broadway_35th_St,nyccas,2024-12-28T16:00:00,4:00 PM,20.51
Broadway_35th_St,nyccas,2024-12-28T17:00:00,5:00 PM,11.44
Broadway_35th_St,nyccas,2024-12-28T18:00:00,6:00 PM,14.73
Broadway_35th_St,nyccas,2024-12-28T19:00:00,7:00 PM,33.57
Broadway_35th_St,nyccas,2024-12-28T20:00:00,8:00 PM,32.5
Broadway_35th_St,nyccas,2024-12-28T21:00:00,9:00 PM,16.25
Broadway_35th_St,nyccas,2024-12-28T22:00:00,10:00 PM,7.91
Broadway_35th_St,nyccas,2024-12-28T23:00:00,11:00 PM,6.91
Broadway_35th_St,nyccas,2024-12-29T00:00:00,12:00 AM,4.39
Broadway_35th_St,nyccas,2024-12-29T01:00:00,1:00 AM,3.81
Broadway_35th_St,nyccas,2024-12-29T02:00:00,2:00 AM,3.39
Broadway_35th_St,nyccas,2024-12-29T03:00:00,3:00 AM,4.34
Broadway_35th_St,nyccas,2024-12-29T04:00:00,4:00 AM,6.94
Broadway_35th_St,nyccas,2024-12-29T05:00:00,5:00 AM,8.58
Broadway_35th_St,nyccas,2024-12-29T06:00:00,6:00 AM,7.5
Broadway_35th_St,nyccas,2024-12-29T07:00:00,7:00 AM,5.17
Broadway_35th_St,nyccas,2024-12-29T08:00:00,8:00 AM,5.23
Broadway_35th_St,nyccas,2024-12-29T09:00:00,9:00 AM,7.17
Broadway_35th_St,nyccas,2024-12-29T10:00:00,10:00 AM,8.73
Broadway_35th_St,nyccas,2024-12-29T11:00:00,11:00 AM,18.94
Broadway_35th_St,nyccas,2024-12-29T12:00:00,12:00 PM,20.54
Broadway_35th_St,nyccas,2024-12-29T13:00:00,1:00 PM,32.67
Broadway_35th_St,nyccas,2024-12-29T14:00:00,2:00 PM,31.4
Broadway_35th_St,nyccas,2024-12-29T15:00:00,3:00 PM,30.05
Broadway_35th_St,nyccas,2024-12-29T16:00:00,4:00 PM,36.42
Broadway_35th_St,nyccas,2024-12-29T17:00:00,5:00 PM,38.28
Broadway_35th_St,nyccas,2024-12-29T18:00:00,6:00 PM,41.73
Broadway_35th_St,nyccas,2024-12-29T19:00:00,7:00 PM,36.76
Broadway_35th_St,nyccas,2024-12-29T20:00:00,8:00 PM,36.81
Broadway_35th_St,nyccas,2024-12-29T21:00:00,9:00 PM,46.73
Broadway_35th_St,nyccas,2024-12-29T22:00:00,10:00 PM,8.73
Broadway_35th_St,nyccas,2024-12-29T23:00:00,11:00 PM,6.6
Broadway_35th_St,nyccas,2024-12-30T00:00:00,12:00 AM,6.61
Broadway_35th_St,nyccas,2024-12-30T01:00:00,1:00 AM,6.29
Broadway_35th_St,nyccas,2024-12-30T02:00:00,2:00 AM,4.54
Broadway_35th_St,nyccas,2024-12-30T03:00:00,3:00 AM,4.15
Broadway_35th_St,nyccas,2024-12-30T04:00:00,4:00 AM,3.87
Broadway_35th_St,nyccas,2024-12-30T05:00:00,5:00 AM,4.2
Broadway_35th_St,nyccas,2024-12-30T06:00:00,6:00 AM,4.75
Broadway_35th_St,nyccas,2024-12-30T07:00:00,7:00 AM,4.3
Broadway_35th_St,nyccas,2024-12-30T08:00:00,8:00 AM,5.21
Broadway_35th_St,nyccas,2024-12-30T09:00:00,9:00 AM,5.71
Broadway_35th_St,nyccas,2024-12-30T10:00:00,10:00 AM,5.19
Broadway_35th_St,nyccas,2024-12-30T11:00:00,11:00 AM,4.29
Broadway_35th_St,nyccas,2024-12-30T12:00:00,12:00 PM,3.82
Broadway_35th_St,nyccas,2024-12-30T13:00:00,1:00 PM,4.6
Broadway_35th_St,nyccas,2024-12-30T14:00:00,2:00 PM,5.24
Broadway_35th_St,nyccas,2024-12-30T15:00:00,3:00 PM,4.14
Broadway_35th_St,nyccas,2024-12-30T16:00:00,4:00 PM,5.56
Broadway_35th_St,nyccas,2024-12-30T17:00:00,5:00 PM,6.3
Broadway_35th_St,nyccas,2024-12-30T18:00:00,6:00 PM,5.89
Broadway_35th_St,nyccas,2024-12-30T19:00:00,7:00 PM,5.9
Broadway_35th_St,nyccas,2024-12-30T20:00:00,8:00 PM,6.25
Broadway_35th_St,nyccas,2024-12-30T21:00:00,9:00 PM,6.65
Broadway_35th_St,nyccas,2024-12-30T22:00:00,10:00 PM,4.41
Broadway_35th_St,nyccas,2024-12-30T23:00:00,11:00 PM,4.24
Broadway_35th_St,nyccas,2024-12-31T00:00:00,12:00 AM,3.86
Broadway_35th_St,nyccas,2024-12-31T01:00:00,1:00 AM,3.96
Broadway_35th_St,nyccas,2024-12-31T02:00:00,2:00 AM,3.72
Broadway_35th_St,nyccas,2024-12-31T03:00:00,3:00 AM,3.99
Broadway_35th_St,nyccas,2024-12-31T04:00:00,4:00 AM,3.96
Broadway_35th_St,nyccas,2024-12-31T05:00:00,5:00 AM,4.26
Broadway_35th_St,nyccas,2024-12-31T06:00:00,6:00 AM,4.75
Broadway_35th_St,nyccas,2024-12-31T07:00:00,7:00 AM,4.46
Broadway_35th_St,nyccas,2024-12-31T08:00:00,8:00 AM,5.26
Broadway_35th_St,nyccas,2024-12-31T09:00:00,9:00 AM,5.5
Cross_Bronx_Expy,nyccas,2024-12-23T11:00:00,11:00 AM,7.34
Cross_Bronx_Expy,nyccas,2024-12-23T12:00:00,12:00 PM,6.8
Cross_Bronx_Expy,nyccas,2024-12-23T13:00:00,1:00 PM,7.14
Cross_Bronx_Expy,nyccas,2024-12-23T14:00:00,2:00 PM,10.24
Cross_Bronx_Expy,nyccas,2024-12-23T15:00:00,3:00 PM,7.52
Cross_Bronx_Expy,nyccas,2024-12-23T16:00:00,4:00 PM,6.92
Cross_Bronx_Expy,nyccas,2024-12-23T17:00:00,5:00 PM,7.31
Cross_Bronx_Expy,nyccas,2024-12-23T18:00:00,6:00 PM,6.87
Cross_Bronx_Expy,nyccas,2024-12-23T19:00:00,7:00 PM,7.08
Cross_Bronx_Expy,nyccas,2024-12-23T20:00:00,8:00 PM,7.52
Cross_Bronx_Expy,nyccas,2024-12-23T21:00:00,9:00 PM,6.83
Cross_Bronx_Expy,nyccas,2024-12-23T22:00:00,10:00 PM,6.39
Cross_Bronx_Expy,nyccas,2024-12-23T23:00:00,11:00 PM,6.61
Cross_Bronx_Expy,nyccas,2024-12-24T00:00:00,12:00 AM,6.15
Cross_Bronx_Expy,nyccas,2024-12-24T01:00:00,1:00 AM,6.02
Cross_Bronx_Expy,nyccas,2024-12-24T02:00:00,2:00 AM,7.51
Cross_Bronx_Expy,nyccas,2024-12-24T03:00:00,3:00 AM,8.46
Cross_Bronx_Expy,nyccas,2024-12-24T04:00:00,4:00 AM,8.26
Cross_Bronx_Expy,nyccas,2024-12-24T05:00:00,5:00 AM,8.87
Cross_Bronx_Expy,nyccas,2024-12-24T06:00:00,6:00 AM,9.97
Cross_Bronx_Expy,nyccas,2024-12-24T07:00:00,7:00 AM,9.74
Cross_Bronx_Expy,nyccas,2024-12-24T08:00:00,8:00 AM,11.06
Cross_Bronx_Expy,nyccas,2024-12-24T09:00:00,9:00 AM,12.85
Cross_Bronx_Expy,nyccas,2024-12-24T10:00:00,10:00 AM,12.85
Cross_Bronx_Expy,nyccas,2024-12-24T11:00:00,11:00 AM,13.55
Cross_Bronx_Expy,nyccas,2024-12-24T12:00:00,12:00 PM,14.82
Cross_Bronx_Expy,nyccas,2024-12-24T13:00:00,1:00 PM,15.45
Cross_Bronx_Expy,nyccas,2024-12-24T14:00:00,2:00 PM,14.66
Cross_Bronx_Expy,nyccas,2024-12-24T15:00:00,3:00 PM,11.47
Cross_Bronx_Expy,nyccas,2024-12-24T16:00:00,4:00 PM,10.02
Cross_Bronx_Expy,nyccas,2024-12-24T17:00:00,5:00 PM,10.08
Cross_Bronx_Expy,nyccas,2024-12-24T18:00:00,6:00 PM,11.47
Cross_Bronx_Expy,nyccas,2024-12-24T19:00:00,7:00 PM,10.99
Cross_Bronx_Expy,nyccas,2024-12-24T20:00:00,8:00 PM,10.88
Cross_Bronx_Expy,nyccas,2024-12-24T21:00:00,9:00 PM,11.42
Cross_Bronx_Expy,nyccas,2024-12-24T22:00:00,10:00 PM,17.93
Cross_Bronx_Expy,nyccas,2024-12-24T23:00:00,11:00 PM,13.06
Cross_Bronx_Expy,nyccas,2024-12-25T00:00:00,12:00 AM,13.54
Cross_Bronx_Expy,nyccas,2024-12-25T01:00:00,1:00 AM,14.86
Cross_Bronx_Expy,nyccas,2024-12-25T02:00:00,2:00 AM,13.09
Cross_Bronx_Expy,nyccas,2024-12-25T03:00:00,3:00 AM,12.56
Cross_Bronx_Expy,nyccas,2024-12-25T04:00:00,4:00 AM,12.75
Cross_Bronx_Expy,nyccas,2024-12-25T05:00:00,5:00 AM,12.29
Cross_Bronx_Expy,nyccas,2024-12-25T06:00:00,6:00 AM,11.62
Cross_Bronx_Expy,nyccas,2024-12-25T07:00:00,7:00 AM,12.63
Cross_Bronx_Expy,nyccas,2024-12-25T08:00:00,8:00 AM,13.32
Cross_Bronx_Expy,nyccas,2024-12-25T09:00:00,9:00 AM,14.39
Cross_Bronx_Expy,nyccas,2024-12-25T10:00:00,10:00 AM,15.59
Cross_Bronx_Expy,nyccas,2024-12-25T11:00:00,11:00 AM,12.92
Cross_Bronx_Expy,nyccas,2024-12-25T12:00:00,12:00 PM,10.67
Cross_Bronx_Expy,nyccas,2024-12-25T13:00:00,1:00 PM,10.37
Cross_Bronx_Expy,nyccas,2024-12-25T14:00:00,2:00 PM,8.12
Cross_Bronx_Expy,nyccas,2024-12-25T15:00:00,3:00 PM,7.5
Cross_Bronx_Expy,nyccas,2024-12-25T16:00:00,4:00 PM,8.08
Cross_Bronx_Expy,nyccas,2024-12-25T17:00:00,5:00 PM,9.45
Cross_Bronx_Expy,nyccas,2024-12-25T18:00:00,6:00 PM,9.46
Cross_Bronx_Expy,nyccas,2024-12-25T19:00:00,7:00 PM,10.87
Cross_Bronx_Expy,nyccas,2024-12-25T20:00:00,8:00 PM,10
Cross_Bronx_Expy,nyccas,2024-12-25T21:00:00,9:00 PM,9.24
Cross_Bronx_Expy,nyccas,2024-12-25T22:00:00,10:00 PM,9.93
Cross_Bronx_Expy,nyccas,2024-12-25T23:00:00,11:00 PM,7.66
Cross_Bronx_Expy,nyccas,2024-12-26T00:00:00,12:00 AM,7.71
Cross_Bronx_Expy,nyccas,2024-12-26T01:00:00,1:00 AM,8.29
Cross_Bronx_Expy,nyccas,2024-12-26T02:00:00,2:00 AM,7.71
Cross_Bronx_Expy,nyccas,2024-12-26T03:00:00,3:00 AM,7.66
Cross_Bronx_Expy,nyccas,2024-12-26T04:00:00,4:00 AM,8.32
Cross_Bronx_Expy,nyccas,2024-12-26T05:00:00,5:00 AM,8.95
Cross_Bronx_Expy,nyccas,2024-12-26T06:00:00,6:00 AM,9.62
Cross_Bronx_Expy,nyccas,2024-12-26T07:00:00,7:00 AM,8.95
Cross_Bronx_Expy,nyccas,2024-12-26T08:00:00,8:00 AM,9.59
Cross_Bronx_Expy,nyccas,2024-12-26T09:00:00,9:00 AM,10.73
Cross_Bronx_Expy,nyccas,2024-12-26T10:00:00,10:00 AM,9.91
Cross_Bronx_Expy,nyccas,2024-12-26T11:00:00,11:00 AM,9.76
Cross_Bronx_Expy,nyccas,2024-12-26T12:00:00,12:00 PM,8.74
Cross_Bronx_Expy,nyccas,2024-12-26T13:00:00,1:00 PM,9.13
Cross_Bronx_Expy,nyccas,2024-12-26T14:00:00,2:00 PM,7.96
Cross_Bronx_Expy,nyccas,2024-12-26T15:00:00,3:00 PM,9.28
Cross_Bronx_Expy,nyccas,2024-12-26T16:00:00,4:00 PM,9.58
Cross_Bronx_Expy,nyccas,2024-12-26T17:00:00,5:00 PM,10.05
Cross_Bronx_Expy,nyccas,2024-12-26T18:00:00,6:00 PM,9.98
Cross_Bronx_Expy,nyccas,2024-12-26T19:00:00,7:00 PM,11.04
Cross_Bronx_Expy,nyccas,2024-12-26T20:00:00,8:00 PM,12.08
Cross_Bronx_Expy,nyccas,2024-12-26T21:00:00,9:00 PM,12.15
Cross_Bronx_Expy,nyccas,2024-12-26T22:00:00,10:00 PM,11.9
Cross_Bronx_Expy,nyccas,2024-12-26T23:00:00,11:00 PM,12.53
Cross_Bronx_Expy,nyccas,2024-12-27T00:00:00,12:00 AM,12.61
Cross_Bronx_Expy,nyccas,2024-12-27T01:00:00,1:00 AM,12.04
Cross_Bronx_Expy,nyccas,2024-12-27T02:00:00,2:00 AM,11.31
Cross_Bronx_Expy,nyccas,2024-12-27T03:00:00,3:00 AM,9.77
Cross_Bronx_Expy,nyccas,2024-12-27T04:00:00,4:00 AM,9.99
Cross_Bronx_Expy,nyccas,2024-12-27T05:00:00,5:00 AM,10.74
Cross_Bronx_Expy,nyccas,2024-12-27T06:00:00,6:00 AM,11.33
Cross_Bronx_Expy,nyccas,2024-12-27T07:00:00,7:00 AM,12.45
Cross_Bronx_Expy,nyccas,2024-12-27T08:00:00,8:00 AM,13.81
Cross_Bronx_Expy,nyccas,2024-12-27T09:00:00,9:00 AM,14.5
Cross_Bronx_Expy,nyccas,2024-12-27T10:00:00,10:00 AM,13.97
Cross_Bronx_Expy,nyccas,2024-12-27T11:00:00,11:00 AM,15.59
Cross_Bronx_Expy,nyccas,2024-12-27T12:00:00,12:00 PM,19.13
Cross_Bronx_Expy,nyccas,2024-12-27T13:00:00,1:00 PM,18.34
Cross_Bronx_Expy,nyccas,2024-12-27T14:00:00,2:00 PM,16.71
Cross_Bronx_Expy,nyccas,2024-12-27T15:00:00,3:00 PM,16.46
Cross_Bronx_Expy,nyccas,2024-12-27T16:00:00,4:00 PM,19.91
Cross_Bronx_Expy,nyccas,2024-12-27T17:00:00,5:00 PM,21.72
Cross_Bronx_Expy,nyccas,2024-12-27T18:00:00,6:00 PM,22.77
Cross_Bronx_Expy,nyccas,2024-12-27T19:00:00,7:00 PM,21.17
Cross_Bronx_Expy,nyccas,2024-12-27T20:00:00,8:00 PM,21.5
Cross_Bronx_Expy,nyccas,2024-12-27T21:00:00,9:00 PM,18.38
Cross_Bronx_Expy,nyccas,2024-12-27T22:00:00,10:00 PM,13.65
Cross_Bronx_Expy,nyccas,2024-12-27T23:00:00,11:00 PM,11.76
Cross_Bronx_Expy,nyccas,2024-12-28T00:00:00,12:00 AM,10.15
Cross_Bronx_Expy,nyccas,2024-12-28T01:00:00,1:00 AM,10.11
Cross_Bronx_Expy,nyccas,2024-12-28T02:00:00,2:00 AM,7.57
Cross_Bronx_Expy,nyccas,2024-12-28T03:00:00,3:00 AM,19.08
Cross_Bronx_Expy,nyccas,2024-12-28T04:00:00,4:00 AM,21.82
Cross_Bronx_Expy,nyccas,2024-12-28T05:00:00,5:00 AM,24.36
Cross_Bronx_Expy,nyccas,2024-12-28T06:00:00,6:00 AM,24.42
Cross_Bronx_Expy,nyccas,2024-12-28T07:00:00,7:00 AM,24.72
Cross_Bronx_Expy,nyccas,2024-12-28T08:00:00,8:00 AM,24.3
Cross_Bronx_Expy,nyccas,2024-12-28T09:00:00,9:00 AM,22.68
Cross_Bronx_Expy,nyccas,2024-12-28T10:00:00,10:00 AM,20.86
Cross_Bronx_Expy,nyccas,2024-12-28T11:00:00,11:00 AM,14.89
Cross_Bronx_Expy,nyccas,2024-12-28T12:00:00,12:00 PM,19.25
Cross_Bronx_Expy,nyccas,2024-12-28T13:00:00,1:00 PM,24.15
Cross_Bronx_Expy,nyccas,2024-12-28T14:00:00,2:00 PM,16.81
Cross_Bronx_Expy,nyccas,2024-12-28T15:00:00,3:00 PM,10.45
Cross_Bronx_Expy,nyccas,2024-12-28T16:00:00,4:00 PM,10.69
Cross_Bronx_Expy,nyccas,2024-12-28T17:00:00,5:00 PM,10.17
Cross_Bronx_Expy,nyccas,2024-12-28T18:00:00,6:00 PM,9.06
Cross_Bronx_Expy,nyccas,2024-12-28T19:00:00,7:00 PM,8.6
Cross_Bronx_Expy,nyccas,2024-12-28T20:00:00,8:00 PM,13.01
Cross_Bronx_Expy,nyccas,2024-12-28T21:00:00,9:00 PM,13.69
Cross_Bronx_Expy,nyccas,2024-12-28T22:00:00,10:00 PM,14.2
Cross_Bronx_Expy,nyccas,2024-12-28T23:00:00,11:00 PM,13.33
Cross_Bronx_Expy,nyccas,2024-12-29T00:00:00,12:00 AM,12.9
Cross_Bronx_Expy,nyccas,2024-12-29T01:00:00,1:00 AM,14.68
Cross_Bronx_Expy,nyccas,2024-12-29T02:00:00,2:00 AM,12.32
Cross_Bronx_Expy,nyccas,2024-12-29T03:00:00,3:00 AM,14.85
Cross_Bronx_Expy,nyccas,2024-12-29T04:00:00,4:00 AM,15.5
Cross_Bronx_Expy,nyccas,2024-12-29T05:00:00,5:00 AM,15.23
Cross_Bronx_Expy,nyccas,2024-12-29T06:00:00,6:00 AM,9.73
Cross_Bronx_Expy,nyccas,2024-12-29T07:00:00,7:00 AM,8.33
Cross_Bronx_Expy,nyccas,2024-12-29T08:00:00,8:00 AM,6.85
Cross_Bronx_Expy,nyccas,2024-12-29T09:00:00,9:00 AM,7.54
Cross_Bronx_Expy,nyccas,2024-12-29T10:00:00,10:00 AM,9.94
Cross_Bronx_Expy,nyccas,2024-12-29T11:00:00,11:00 AM,10.68
Cross_Bronx_Expy,nyccas,2024-12-29T12:00:00,12:00 PM,6.77
Cross_Bronx_Expy,nyccas,2024-12-29T13:00:00,1:00 PM,5.44
Cross_Bronx_Expy,nyccas,2024-12-29T14:00:00,2:00 PM,4.81
Cross_Bronx_Expy,nyccas,2024-12-29T15:00:00,3:00 PM,5.1
Cross_Bronx_Expy,nyccas,2024-12-29T16:00:00,4:00 PM,5.52
Cross_Bronx_Expy,nyccas,2024-12-29T17:00:00,5:00 PM,4.96
Cross_Bronx_Expy,nyccas,2024-12-29T18:00:00,6:00 PM,4.97
Cross_Bronx_Expy,nyccas,2024-12-29T19:00:00,7:00 PM,5.34
Cross_Bronx_Expy,nyccas,2024-12-29T20:00:00,8:00 PM,4.94
Cross_Bronx_Expy,nyccas,2024-12-29T21:00:00,9:00 PM,5.02
Cross_Bronx_Expy,nyccas,2024-12-29T22:00:00,10:00 PM,4.59
Cross_Bronx_Expy,nyccas,2024-12-29T23:00:00,11:00 PM,4.64
Cross_Bronx_Expy,nyccas,2024-12-30T00:00:00,12:00 AM,4.95
Cross_Bronx_Expy,nyccas,2024-12-30T01:00:00,1:00 AM,5.01
Cross_Bronx_Expy,nyccas,2024-12-30T02:00:00,2:00 AM,3.66
Cross_Bronx_Expy,nyccas,2024-12-30T03:00:00,3:00 AM,4.11
Cross_Bronx_Expy,nyccas,2024-12-30T04:00:00,4:00 AM,4.26
Cross_Bronx_Expy,nyccas,2024-12-30T05:00:00,5:00 AM,6.7
Cross_Bronx_Expy,nyccas,2024-12-30T06:00:00,6:00 AM,9.58
Cross_Bronx_Expy,nyccas,2024-12-30T07:00:00,7:00 AM,8.16
Cross_Bronx_Expy,nyccas,2024-12-30T08:00:00,8:00 AM,5.52
Cross_Bronx_Expy,nyccas,2024-12-30T09:00:00,9:00 AM,5.47
Cross_Bronx_Expy,nyccas,2024-12-30T10:00:00,10:00 AM,4.15
Cross_Bronx_Expy,nyccas,2024-12-30T11:00:00,11:00 AM,3.76
Cross_Bronx_Expy,nyccas,2024-12-30T12:00:00,12:00 PM,3.74
Cross_Bronx_Expy,nyccas,2024-12-30T13:00:00,1:00 PM,3.93
Cross_Bronx_Expy,nyccas,2024-12-30T14:00:00,2:00 PM,3.83
Cross_Bronx_Expy,nyccas,2024-12-30T15:00:00,3:00 PM,3.5
Cross_Bronx_Expy,nyccas,2024-12-30T16:00:00,4:00 PM,3.88
Cross_Bronx_Expy,nyccas,2024-12-30T17:00:00,5:00 PM,4.32
Cross_Bronx_Expy,nyccas,2024-12-30T18:00:00,6:00 PM,4.24
Cross_Bronx_Expy,nyccas,2024-12-30T19:00:00,7:00 PM,4.81
Cross_Bronx_Expy,nyccas,2024-12-30T20:00:00,8:00 PM,4.46
Cross_Bronx_Expy,nyccas,2024-12-30T21:00:00,9:00 PM,4.11
Cross_Bronx_Expy,nyccas,2024-12-30T22:00:00,10:00 PM,3.77
Cross_Bronx_Expy,nyccas,2024-12-30T23:00:00,11:00 PM,4.45
Cross_Bronx_Expy,nyccas,2024-12-31T00:00:00,12:00 AM,4.42
Cross_Bronx_Expy,nyccas,2024-12-31T01:00:00,1:00 AM,4.39
Cross_Bronx_Expy,nyccas,2024-12-31T02:00:00,2:00 AM,4.34
Cross_Bronx_Expy,nyccas,2024-12-31T03:00:00,3:00 AM,4.79
Cross_Bronx_Expy,nyccas,2024-12-31T04:00:00,4:00 AM,5.24
Cross_Bronx_Expy,nyccas,2024-12-31T05:00:00,5:00 AM,5.68
Cross_Bronx_Expy,nyccas,2024-12-31T06:00:00,6:00 AM,6.42
Cross_Bronx_Expy,nyccas,2024-12-31T07:00:00,7:00 AM,6.66
Cross_Bronx_Expy,nyccas,2024-12-31T08:00:00,8:00 AM,7.19
Cross_Bronx_Expy,nyccas,2024-12-31T09:00:00,9:00 AM,7.44
DEC_Avg,DEC,2024-12-23T11:00:00,11:00 AM,7.71
DEC_Avg,DEC,2024-12-23T12:00:00,12:00 PM,6.33
DEC_Avg,DEC,2024-12-23T13:00:00,1:00 PM,6.72
DEC_Avg,DEC,2024-12-23T14:00:00,2:00 PM,7.86
DEC_Avg,DEC,2024-12-23T15:00:00,3:00 PM,7.61
DEC_Avg,DEC,2024-12-23T16:00:00,4:00 PM,7.03
DEC_Avg,DEC,2024-12-23T17:00:00,5:00 PM,6.39
DEC_Avg,DEC,2024-12-23T18:00:00,6:00 PM,6.28
DEC_Avg,DEC,2024-12-23T19:00:00,7:00 PM,6.18
DEC_Avg,DEC,2024-12-23T20:00:00,8:00 PM,5.92
DEC_Avg,DEC,2024-12-23T21:00:00,9:00 PM,5.48
DEC_Avg,DEC,2024-12-23T22:00:00,10:00 PM,5.05
DEC_Avg,DEC,2024-12-23T23:00:00,11:00 PM,4.59
DEC_Avg,DEC,2024-12-24T00:00:00,12:00 AM,4.52
DEC_Avg,DEC,2024-12-24T01:00:00,1:00 AM,5.4
DEC_Avg,DEC,2024-12-24T02:00:00,2:00 AM,6.06
DEC_Avg,DEC,2024-12-24T03:00:00,3:00 AM,7.73
DEC_Avg,DEC,2024-12-24T04:00:00,4:00 AM,9.31
DEC_Avg,DEC,2024-12-24T05:00:00,5:00 AM,9.72
DEC_Avg,DEC,2024-12-24T06:00:00,6:00 AM,9.29
DEC_Avg,DEC,2024-12-24T07:00:00,7:00 AM,10.75
DEC_Avg,DEC,2024-12-24T08:00:00,8:00 AM,11.38
DEC_Avg,DEC,2024-12-24T09:00:00,9:00 AM,12.3
DEC_Avg,DEC,2024-12-24T10:00:00,10:00 AM,12.48
DEC_Avg,DEC,2024-12-24T11:00:00,11:00 AM,12.63
DEC_Avg,DEC,2024-12-24T12:00:00,12:00 PM,14.11
DEC_Avg,DEC,2024-12-24T13:00:00,1:00 PM,15.36
DEC_Avg,DEC,2024-12-24T14:00:00,2:00 PM,15.03
DEC_Avg,DEC,2024-12-24T15:00:00,3:00 PM,13.82
DEC_Avg,DEC,2024-12-24T16:00:00,4:00 PM,10.42
DEC_Avg,DEC,2024-12-24T17:00:00,5:00 PM,10.81
DEC_Avg,DEC,2024-12-24T18:00:00,6:00 PM,11.6
DEC_Avg,DEC,2024-12-24T19:00:00,7:00 PM,11.47
DEC_Avg,DEC,2024-12-24T20:00:00,8:00 PM,12.16
DEC_Avg,DEC,2024-12-24T21:00:00,9:00 PM,11.72
DEC_Avg,DEC,2024-12-24T22:00:00,10:00 PM,12.76
DEC_Avg,DEC,2024-12-24T23:00:00,11:00 PM,12.05
DEC_Avg,DEC,2024-12-25T00:00:00,12:00 AM,13.04
DEC_Avg,DEC,2024-12-25T01:00:00,1:00 AM,13.69
DEC_Avg,DEC,2024-12-25T02:00:00,2:00 AM,13.16
DEC_Avg,DEC,2024-12-25T03:00:00,3:00 AM,12.67
DEC_Avg,DEC,2024-12-25T04:00:00,4:00 AM,12.04
DEC_Avg,DEC,2024-12-25T05:00:00,5:00 AM,12.35
DEC_Avg,DEC,2024-12-25T06:00:00,6:00 AM,11.98
DEC_Avg,DEC,2024-12-25T07:00:00,7:00 AM,11.82
DEC_Avg,DEC,2024-12-25T08:00:00,8:00 AM,11.81
DEC_Avg,DEC,2024-12-25T09:00:00,9:00 AM,12.12
DEC_Avg,DEC,2024-12-25T10:00:00,10:00 AM,12.72
DEC_Avg,DEC,2024-12-25T11:00:00,11:00 AM,12.37
DEC_Avg,DEC,2024-12-25T12:00:00,12:00 PM,10.81
DEC_Avg,DEC,2024-12-25T13:00:00,1:00 PM,8.88
DEC_Avg,DEC,2024-12-25T14:00:00,2:00 PM,8.31
DEC_Avg,DEC,2024-12-25T15:00:00,3:00 PM,8.03
DEC_Avg,DEC,2024-12-25T16:00:00,4:00 PM,8.37
DEC_Avg,DEC,2024-12-25T17:00:00,5:00 PM,8.69
DEC_Avg,DEC,2024-12-25T18:00:00,6:00 PM,9.92
DEC_Avg,DEC,2024-12-25T19:00:00,7:00 PM,11.06
DEC_Avg,DEC,2024-12-25T20:00:00,8:00 PM,10.53
DEC_Avg,DEC,2024-12-25T21:00:00,9:00 PM,9.85
DEC_Avg,DEC,2024-12-25T22:00:00,10:00 PM,8.94
DEC_Avg,DEC,2024-12-25T23:00:00,11:00 PM,8.74
DEC_Avg,DEC,2024-12-26T00:00:00,12:00 AM,8.47
DEC_Avg,DEC,2024-12-26T01:00:00,1:00 AM,9.06
DEC_Avg,DEC,2024-12-26T02:00:00,2:00 AM,9.22
DEC_Avg,DEC,2024-12-26T03:00:00,3:00 AM,9.26
DEC_Avg,DEC,2024-12-26T04:00:00,4:00 AM,8.68
DEC_Avg,DEC,2024-12-26T05:00:00,5:00 AM,9.41
DEC_Avg,DEC,2024-12-26T06:00:00,6:00 AM,9.18
DEC_Avg,DEC,2024-12-26T07:00:00,7:00 AM,9.47
DEC_Avg,DEC,2024-12-26T08:00:00,8:00 AM,9.71
DEC_Avg,DEC,2024-12-26T09:00:00,9:00 AM,11.16
DEC_Avg,DEC,2024-12-26T10:00:00,10:00 AM,11.15
DEC_Avg,DEC,2024-12-26T11:00:00,11:00 AM,10.55
DEC_Avg,DEC,2024-12-26T12:00:00,12:00 PM,10.68
DEC_Avg,DEC,2024-12-26T13:00:00,1:00 PM,11.53
DEC_Avg,DEC,2024-12-26T14:00:00,2:00 PM,10.55
DEC_Avg,DEC,2024-12-26T15:00:00,3:00 PM,11.2
DEC_Avg,DEC,2024-12-26T16:00:00,4:00 PM,12.29
DEC_Avg,DEC,2024-12-26T17:00:00,5:00 PM,12.77
DEC_Avg,DEC,2024-12-26T18:00:00,6:00 PM,12.57
DEC_Avg,DEC,2024-12-26T19:00:00,7:00 PM,13.43
DEC_Avg,DEC,2024-12-26T20:00:00,8:00 PM,14.09
DEC_Avg,DEC,2024-12-26T21:00:00,9:00 PM,13.8
DEC_Avg,DEC,2024-12-26T22:00:00,10:00 PM,14.69
DEC_Avg,DEC,2024-12-26T23:00:00,11:00 PM,14.73
DEC_Avg,DEC,2024-12-27T00:00:00,12:00 AM,14.62
DEC_Avg,DEC,2024-12-27T01:00:00,1:00 AM,14.16
DEC_Avg,DEC,2024-12-27T02:00:00,2:00 AM,13.13
DEC_Avg,DEC,2024-12-27T03:00:00,3:00 AM,11.82
DEC_Avg,DEC,2024-12-27T04:00:00,4:00 AM,11.59
DEC_Avg,DEC,2024-12-27T05:00:00,5:00 AM,11.59
DEC_Avg,DEC,2024-12-27T06:00:00,6:00 AM,11.93
DEC_Avg,DEC,2024-12-27T07:00:00,7:00 AM,12.95
DEC_Avg,DEC,2024-12-27T08:00:00,8:00 AM,14.1
DEC_Avg,DEC,2024-12-27T09:00:00,9:00 AM,14.75
DEC_Avg,DEC,2024-12-27T10:00:00,10:00 AM,16.48
DEC_Avg,DEC,2024-12-27T11:00:00,11:00 AM,18.56
DEC_Avg,DEC,2024-12-27T12:00:00,12:00 PM,18.43
DEC_Avg,DEC,2024-12-27T13:00:00,1:00 PM,19.35
DEC_Avg,DEC,2024-12-27T14:00:00,2:00 PM,17.81
DEC_Avg,DEC,2024-12-27T15:00:00,3:00 PM,17.94
DEC_Avg,DEC,2024-12-27T16:00:00,4:00 PM,19.88
DEC_Avg,DEC,2024-12-27T17:00:00,5:00 PM,22.09
DEC_Avg,DEC,2024-12-27T18:00:00,6:00 PM,22.32
DEC_Avg,DEC,2024-12-27T19:00:00,7:00 PM,20.47
DEC_Avg,DEC,2024-12-27T20:00:00,8:00 PM,19.61
DEC_Avg,DEC,2024-12-27T21:00:00,9:00 PM,18.01
DEC_Avg,DEC,2024-12-27T22:00:00,10:00 PM,14.93
DEC_Avg,DEC,2024-12-27T23:00:00,11:00 PM,9.03
DEC_Avg,DEC,2024-12-28T00:00:00,12:00 AM,7.85
DEC_Avg,DEC,2024-12-28T01:00:00,1:00 AM,7.95
DEC_Avg,DEC,2024-12-28T02:00:00,2:00 AM,8.43
DEC_Avg,DEC,2024-12-28T03:00:00,3:00 AM,8.75
DEC_Avg,DEC,2024-12-28T04:00:00,4:00 AM,12.55
DEC_Avg,DEC,2024-12-28T05:00:00,5:00 AM,16.66
DEC_Avg,DEC,2024-12-28T06:00:00,6:00 AM,18.67
DEC_Avg,DEC,2024-12-28T07:00:00,7:00 AM,19.68
DEC_Avg,DEC,2024-12-28T08:00:00,8:00 AM,21.62
DEC_Avg,DEC,2024-12-28T09:00:00,9:00 AM,21.83
DEC_Avg,DEC,2024-12-28T10:00:00,10:00 AM,20.45
DEC_Avg,DEC,2024-12-28T11:00:00,11:00 AM,17.17
DEC_Avg,DEC,2024-12-28T12:00:00,12:00 PM,19.26
DEC_Avg,DEC,2024-12-28T13:00:00,1:00 PM,18.3
DEC_Avg,DEC,2024-12-28T14:00:00,2:00 PM,13.61
DEC_Avg,DEC,2024-12-28T15:00:00,3:00 PM,10.89
DEC_Avg,DEC,2024-12-28T16:00:00,4:00 PM,9.37
DEC_Avg,DEC,2024-12-28T17:00:00,5:00 PM,8.69
DEC_Avg,DEC,2024-12-28T18:00:00,6:00 PM,8.88
DEC_Avg,DEC,2024-12-28T19:00:00,7:00 PM,8.29
DEC_Avg,DEC,2024-12-28T20:00:00,8:00 PM,9.07
DEC_Avg,DEC,2024-12-28T21:00:00,9:00 PM,9.81
DEC_Avg,DEC,2024-12-28T22:00:00,10:00 PM,9.43
DEC_Avg,DEC,2024-12-28T23:00:00,11:00 PM,9.43
DEC_Avg,DEC,2024-12-29T00:00:00,12:00 AM,8.51
DEC_Avg,DEC,2024-12-29T01:00:00,1:00 AM,9.37
DEC_Avg,DEC,2024-12-29T02:00:00,2:00 AM,9.05
DEC_Avg,DEC,2024-12-29T03:00:00,3:00 AM,9.06
DEC_Avg,DEC,2024-12-29T04:00:00,4:00 AM,8.69
DEC_Avg,DEC,2024-12-29T05:00:00,5:00 AM,9.94
DEC_Avg,DEC,2024-12-29T06:00:00,6:00 AM,7.73
DEC_Avg,DEC,2024-12-29T07:00:00,7:00 AM,6.01
DEC_Avg,DEC,2024-12-29T08:00:00,8:00 AM,6.07
DEC_Avg,DEC,2024-12-29T09:00:00,9:00 AM,7.75
DEC_Avg,DEC,2024-12-29T10:00:00,10:00 AM,9.68
DEC_Avg,DEC,2024-12-29T11:00:00,11:00 AM,9.85
DEC_Avg,DEC,2024-12-29T12:00:00,12:00 PM,8.07
DEC_Avg,DEC,2024-12-29T13:00:00,1:00 PM,6.65
DEC_Avg,DEC,2024-12-29T14:00:00,2:00 PM,6.01
DEC_Avg,DEC,2024-12-29T15:00:00,3:00 PM,5.98
DEC_Avg,DEC,2024-12-29T16:00:00,4:00 PM,5.94
DEC_Avg,DEC,2024-12-29T17:00:00,5:00 PM,6.36
DEC_Avg,DEC,2024-12-29T18:00:00,6:00 PM,7.07
DEC_Avg,DEC,2024-12-29T19:00:00,7:00 PM,7.24
DEC_Avg,DEC,2024-12-29T20:00:00,8:00 PM,7.83
DEC_Avg,DEC,2024-12-29T21:00:00,9:00 PM,7.91
DEC_Avg,DEC,2024-12-29T22:00:00,10:00 PM,7.88
DEC_Avg,DEC,2024-12-29T23:00:00,11:00 PM,7.64
DEC_Avg,DEC,2024-12-30T00:00:00,12:00 AM,8.5
DEC_Avg,DEC,2024-12-30T01:00:00,1:00 AM,9.98
DEC_Avg,DEC,2024-12-30T02:00:00,2:00 AM,6.48
DEC_Avg,DEC,2024-12-30T03:00:00,3:00 AM,5.14
DEC_Avg,DEC,2024-12-30T04:00:00,4:00 AM,4.09
DEC_Avg,DEC,2024-12-30T05:00:00,5:00 AM,5.09
DEC_Avg,DEC,2024-12-30T06:00:00,6:00 AM,7.34
DEC_Avg,DEC,2024-12-30T07:00:00,7:00 AM,6.55
DEC_Avg,DEC,2024-12-30T08:00:00,8:00 AM,6.41
DEC_Avg,DEC,2024-12-30T09:00:00,9:00 AM,6.1
DEC_Avg,DEC,2024-12-30T10:00:00,10:00 AM,2.33
DEC_Avg,DEC,2024-12-30T11:00:00,11:00 AM,2.03
DEC_Avg,DEC,2024-12-30T12:00:00,12:00 PM,2.47
DEC_Avg,DEC,2024-12-30T13:00:00,1:00 PM,2.85
DEC_Avg,DEC,2024-12-30T14:00:00,2:00 PM,3.09
DEC_Avg,DEC,2024-12-30T15:00:00,3:00 PM,3.38
DEC_Avg,DEC,2024-12-30T16:00:00,4:00 PM,3.73
DEC_Avg,DEC,2024-12-30T17:00:00,5:00 PM,3.96
DEC_Avg,DEC,2024-12-30T18:00:00,6:00 PM,4.39
DEC_Avg,DEC,2024-12-30T19:00:00,7:00 PM,5.18
DEC_Avg,DEC,2024-12-30T20:00:00,8:00 PM,5.12
DEC_Avg,DEC,2024-12-30T21:00:00,9:00 PM,4.67
DEC_Avg,DEC,2024-12-30T22:00:00,10:00 PM,4.92
DEC_Avg,DEC,2024-12-30T23:00:00,11:00 PM,5.55
DEC_Avg,DEC,2024-12-31T00:00:00,12:00 AM,4.61
DEC_Avg,DEC,2024-12-31T01:00:00,1:00 AM,4.98
DEC_Avg,DEC,2024-12-31T02:00:00,2:00 AM,5.15
DEC_Avg,DEC,2024-12-31T03:00:00,3:00 AM,4.94
DEC_Avg,DEC,2024-12-31T04:00:00,4:00 AM,5.57
DEC_Avg,DEC,2024-12-31T05:00:00,5:00 AM,6.2
DEC_Avg,DEC,2024-12-31T06:00:00,6:00 AM,6.86
DEC_Avg,DEC,2024-12-31T07:00:00,7:00 AM,7.35
DEC_Avg,DEC,2024-12-31T08:00:00,8:00 AM,7.84
FDR,nyccas,2024-12-23T11:00:00,11:00 AM,6.99
FDR,nyccas,2024-12-23T12:00:00,12:00 PM,7.16
FDR,nyccas,2024-12-23T13:00:00,1:00 PM,8.05
FDR,nyccas,2024-12-23T14:00:00,2:00 PM,8.23
FDR,nyccas,2024-12-23T15:00:00,3:00 PM,6.44
FDR,nyccas,2024-12-23T16:00:00,4:00 PM,6.51
FDR,nyccas,2024-12-23T17:00:00,5:00 PM,5.77
FDR,nyccas,2024-12-23T18:00:00,6:00 PM,6.02
FDR,nyccas,2024-12-23T19:00:00,7:00 PM,4.15
FDR,nyccas,2024-12-23T20:00:00,8:00 PM,3.8
FDR,nyccas,2024-12-23T21:00:00,9:00 PM,3.34
FDR,nyccas,2024-12-23T22:00:00,10:00 PM,2.59
FDR,nyccas,2024-12-23T23:00:00,11:00 PM,4.18
FDR,nyccas,2024-12-24T00:00:00,12:00 AM,3.99
FDR,nyccas,2024-12-24T01:00:00,1:00 AM,4.48
FDR,nyccas,2024-12-24T02:00:00,2:00 AM,6.6
FDR,nyccas,2024-12-24T03:00:00,3:00 AM,7.49
FDR,nyccas,2024-12-24T04:00:00,4:00 AM,8.58
FDR,nyccas,2024-12-24T05:00:00,5:00 AM,8.3
FDR,nyccas,2024-12-24T06:00:00,6:00 AM,8.82
FDR,nyccas,2024-12-24T07:00:00,7:00 AM,7.14
FDR,nyccas,2024-12-24T08:00:00,8:00 AM,8.79
FDR,nyccas,2024-12-24T09:00:00,9:00 AM,9.66
FDR,nyccas,2024-12-24T10:00:00,10:00 AM,10.61
FDR,nyccas,2024-12-24T11:00:00,11:00 AM,10.3
FDR,nyccas,2024-12-24T12:00:00,12:00 PM,11.28
FDR,nyccas,2024-12-24T13:00:00,1:00 PM,15.25
FDR,nyccas,2024-12-24T14:00:00,2:00 PM,21.12
FDR,nyccas,2024-12-24T15:00:00,3:00 PM,11.94
FDR,nyccas,2024-12-24T16:00:00,4:00 PM,5.31
FDR,nyccas,2024-12-24T17:00:00,5:00 PM,5.3
FDR,nyccas,2024-12-24T18:00:00,6:00 PM,5.23
FDR,nyccas,2024-12-24T19:00:00,7:00 PM,8.68
FDR,nyccas,2024-12-24T20:00:00,8:00 PM,8.22
FDR,nyccas,2024-12-24T21:00:00,9:00 PM,8.16
FDR,nyccas,2024-12-24T22:00:00,10:00 PM,9.27
FDR,nyccas,2024-12-24T23:00:00,11:00 PM,10.69
FDR,nyccas,2024-12-25T00:00:00,12:00 AM,8.7
FDR,nyccas,2024-12-25T01:00:00,1:00 AM,10.1
FDR,nyccas,2024-12-25T02:00:00,2:00 AM,10.37
FDR,nyccas,2024-12-25T03:00:00,3:00 AM,10.54
FDR,nyccas,2024-12-25T04:00:00,4:00 AM,9.29
FDR,nyccas,2024-12-25T05:00:00,5:00 AM,9.21
FDR,nyccas,2024-12-25T06:00:00,6:00 AM,9.5
FDR,nyccas,2024-12-25T07:00:00,7:00 AM,9.97
FDR,nyccas,2024-12-25T08:00:00,8:00 AM,9.57
FDR,nyccas,2024-12-25T09:00:00,9:00 AM,9.47
FDR,nyccas,2024-12-25T10:00:00,10:00 AM,10.3
FDR,nyccas,2024-12-25T11:00:00,11:00 AM,2.53
FDR,nyccas,2024-12-25T12:00:00,12:00 PM,2.21
FDR,nyccas,2024-12-25T13:00:00,1:00 PM,2.35
FDR,nyccas,2024-12-25T14:00:00,2:00 PM,2.2
FDR,nyccas,2024-12-25T15:00:00,3:00 PM,7.59
FDR,nyccas,2024-12-25T16:00:00,4:00 PM,7.85
FDR,nyccas,2024-12-25T17:00:00,5:00 PM,7.91
FDR,nyccas,2024-12-25T18:00:00,6:00 PM,7.99
FDR,nyccas,2024-12-25T19:00:00,7:00 PM,8.41
FDR,nyccas,2024-12-25T20:00:00,8:00 PM,8.09
FDR,nyccas,2024-12-25T21:00:00,9:00 PM,7.92
FDR,nyccas,2024-12-25T22:00:00,10:00 PM,7.4
FDR,nyccas,2024-12-25T23:00:00,11:00 PM,6.78
FDR,nyccas,2024-12-26T00:00:00,12:00 AM,6.86
FDR,nyccas,2024-12-26T01:00:00,1:00 AM,6.3
FDR,nyccas,2024-12-26T02:00:00,2:00 AM,6.41
FDR,nyccas,2024-12-26T03:00:00,3:00 AM,5.69
FDR,nyccas,2024-12-26T04:00:00,4:00 AM,5.47
FDR,nyccas,2024-12-26T05:00:00,5:00 AM,6.44
FDR,nyccas,2024-12-26T06:00:00,6:00 AM,7.34
FDR,nyccas,2024-12-26T07:00:00,7:00 AM,7.75
FDR,nyccas,2024-12-26T08:00:00,8:00 AM,8.68
FDR,nyccas,2024-12-26T09:00:00,9:00 AM,9.77
FDR,nyccas,2024-12-26T10:00:00,10:00 AM,9.52
FDR,nyccas,2024-12-26T11:00:00,11:00 AM,10.31
FDR,nyccas,2024-12-26T12:00:00,12:00 PM,9.76
FDR,nyccas,2024-12-26T13:00:00,1:00 PM,10.05
FDR,nyccas,2024-12-26T14:00:00,2:00 PM,9.95
FDR,nyccas,2024-12-26T15:00:00,3:00 PM,11.1
FDR,nyccas,2024-12-26T16:00:00,4:00 PM,11.94
FDR,nyccas,2024-12-26T17:00:00,5:00 PM,12.7
FDR,nyccas,2024-12-26T18:00:00,6:00 PM,16.68
FDR,nyccas,2024-12-26T19:00:00,7:00 PM,10.84
FDR,nyccas,2024-12-26T20:00:00,8:00 PM,8.37
FDR,nyccas,2024-12-26T21:00:00,9:00 PM,9.7
FDR,nyccas,2024-12-26T22:00:00,10:00 PM,9.91
FDR,nyccas,2024-12-26T23:00:00,11:00 PM,11.28
FDR,nyccas,2024-12-27T00:00:00,12:00 AM,10.96
FDR,nyccas,2024-12-27T01:00:00,1:00 AM,10.89
FDR,nyccas,2024-12-27T02:00:00,2:00 AM,10.51
FDR,nyccas,2024-12-27T03:00:00,3:00 AM,10.34
FDR,nyccas,2024-12-27T04:00:00,4:00 AM,9.12
FDR,nyccas,2024-12-27T05:00:00,5:00 AM,9.25
FDR,nyccas,2024-12-27T06:00:00,6:00 AM,10.1
FDR,nyccas,2024-12-27T07:00:00,7:00 AM,11.31
FDR,nyccas,2024-12-27T08:00:00,8:00 AM,13.99
FDR,nyccas,2024-12-27T09:00:00,9:00 AM,17.35
FDR,nyccas,2024-12-27T10:00:00,10:00 AM,16.89
FDR,nyccas,2024-12-27T11:00:00,11:00 AM,14.82
FDR,nyccas,2024-12-27T12:00:00,12:00 PM,11.82
FDR,nyccas,2024-12-27T13:00:00,1:00 PM,13.13
FDR,nyccas,2024-12-27T14:00:00,2:00 PM,16.96
FDR,nyccas,2024-12-27T15:00:00,3:00 PM,16.3
FDR,nyccas,2024-12-27T16:00:00,4:00 PM,15.9
FDR,nyccas,2024-12-27T17:00:00,5:00 PM,16.98
FDR,nyccas,2024-12-27T18:00:00,6:00 PM,16.53
FDR,nyccas,2024-12-27T19:00:00,7:00 PM,12.69
FDR,nyccas,2024-12-27T20:00:00,8:00 PM,11.55
FDR,nyccas,2024-12-27T21:00:00,9:00 PM,9.15
FDR,nyccas,2024-12-27T22:00:00,10:00 PM,8.63
FDR,nyccas,2024-12-27T23:00:00,11:00 PM,10.8
FDR,nyccas,2024-12-28T00:00:00,12:00 AM,9.88
FDR,nyccas,2024-12-28T01:00:00,1:00 AM,7.39
FDR,nyccas,2024-12-28T02:00:00,2:00 AM,5.01
FDR,nyccas,2024-12-28T03:00:00,3:00 AM,3.78
FDR,nyccas,2024-12-28T04:00:00,4:00 AM,3.09
FDR,nyccas,2024-12-28T05:00:00,5:00 AM,2.79
FDR,nyccas,2024-12-28T06:00:00,6:00 AM,6.17
FDR,nyccas,2024-12-28T07:00:00,7:00 AM,17.32
FDR,nyccas,2024-12-28T08:00:00,8:00 AM,19.6
FDR,nyccas,2024-12-28T09:00:00,9:00 AM,21.53
FDR,nyccas,2024-12-28T10:00:00,10:00 AM,20.35
FDR,nyccas,2024-12-28T11:00:00,11:00 AM,19.21
FDR,nyccas,2024-12-28T12:00:00,12:00 PM,21.96
FDR,nyccas,2024-12-28T13:00:00,1:00 PM,15.84
FDR,nyccas,2024-12-28T14:00:00,2:00 PM,5.16
FDR,nyccas,2024-12-28T15:00:00,3:00 PM,10.48
FDR,nyccas,2024-12-28T16:00:00,4:00 PM,9.75
FDR,nyccas,2024-12-28T17:00:00,5:00 PM,9.26
FDR,nyccas,2024-12-28T18:00:00,6:00 PM,6.44
FDR,nyccas,2024-12-28T19:00:00,7:00 PM,7.66
FDR,nyccas,2024-12-28T20:00:00,8:00 PM,10.64
FDR,nyccas,2024-12-28T21:00:00,9:00 PM,9.35
FDR,nyccas,2024-12-28T22:00:00,10:00 PM,10.61
FDR,nyccas,2024-12-28T23:00:00,11:00 PM,8.33
FDR,nyccas,2024-12-29T00:00:00,12:00 AM,7.6
FDR,nyccas,2024-12-29T01:00:00,1:00 AM,6.25
FDR,nyccas,2024-12-29T02:00:00,2:00 AM,6.31
FDR,nyccas,2024-12-29T03:00:00,3:00 AM,5.88
FDR,nyccas,2024-12-29T04:00:00,4:00 AM,6.38
FDR,nyccas,2024-12-29T05:00:00,5:00 AM,8
FDR,nyccas,2024-12-29T06:00:00,6:00 AM,7.53
FDR,nyccas,2024-12-29T07:00:00,7:00 AM,7.1
FDR,nyccas,2024-12-29T08:00:00,8:00 AM,7.07
FDR,nyccas,2024-12-29T09:00:00,9:00 AM,6.56
FDR,nyccas,2024-12-29T10:00:00,10:00 AM,7.76
FDR,nyccas,2024-12-29T11:00:00,11:00 AM,7.8
FDR,nyccas,2024-12-29T12:00:00,12:00 PM,5.17
FDR,nyccas,2024-12-29T13:00:00,1:00 PM,4.67
FDR,nyccas,2024-12-29T14:00:00,2:00 PM,4.47
FDR,nyccas,2024-12-29T15:00:00,3:00 PM,4.98
FDR,nyccas,2024-12-29T16:00:00,4:00 PM,4.91
FDR,nyccas,2024-12-29T17:00:00,5:00 PM,4.95
FDR,nyccas,2024-12-29T18:00:00,6:00 PM,4.81
FDR,nyccas,2024-12-29T19:00:00,7:00 PM,4.95
FDR,nyccas,2024-12-29T20:00:00,8:00 PM,5.32
FDR,nyccas,2024-12-29T21:00:00,9:00 PM,5.61
FDR,nyccas,2024-12-29T22:00:00,10:00 PM,5.49
FDR,nyccas,2024-12-29T23:00:00,11:00 PM,5.68
FDR,nyccas,2024-12-30T00:00:00,12:00 AM,6.17
FDR,nyccas,2024-12-30T01:00:00,1:00 AM,6.58
FDR,nyccas,2024-12-30T02:00:00,2:00 AM,4.45
FDR,nyccas,2024-12-30T03:00:00,3:00 AM,4.48
FDR,nyccas,2024-12-30T04:00:00,4:00 AM,4.36
FDR,nyccas,2024-12-30T05:00:00,5:00 AM,5.43
FDR,nyccas,2024-12-30T06:00:00,6:00 AM,5.89
FDR,nyccas,2024-12-30T07:00:00,7:00 AM,5.41
FDR,nyccas,2024-12-30T08:00:00,8:00 AM,4.6
FDR,nyccas,2024-12-30T09:00:00,9:00 AM,5.09
FDR,nyccas,2024-12-30T10:00:00,10:00 AM,3.02
FDR,nyccas,2024-12-30T11:00:00,11:00 AM,2.52
FDR,nyccas,2024-12-30T12:00:00,12:00 PM,2.47
FDR,nyccas,2024-12-30T13:00:00,1:00 PM,2.98
FDR,nyccas,2024-12-30T14:00:00,2:00 PM,2.97
FDR,nyccas,2024-12-30T15:00:00,3:00 PM,2.96
FDR,nyccas,2024-12-30T16:00:00,4:00 PM,3.2
FDR,nyccas,2024-12-30T17:00:00,5:00 PM,3.4
FDR,nyccas,2024-12-30T18:00:00,6:00 PM,4
FDR,nyccas,2024-12-30T19:00:00,7:00 PM,3.83
FDR,nyccas,2024-12-30T20:00:00,8:00 PM,3.69
FDR,nyccas,2024-12-30T21:00:00,9:00 PM,3.5
FDR,nyccas,2024-12-30T22:00:00,10:00 PM,4.37
FDR,nyccas,2024-12-30T23:00:00,11:00 PM,4.5
FDR,nyccas,2024-12-31T00:00:00,12:00 AM,3.79
FDR,nyccas,2024-12-31T01:00:00,1:00 AM,3.81
FDR,nyccas,2024-12-31T02:00:00,2:00 AM,3.98
FDR,nyccas,2024-12-31T03:00:00,3:00 AM,3.78
FDR,nyccas,2024-12-31T04:00:00,4:00 AM,4.03
FDR,nyccas,2024-12-31T05:00:00,5:00 AM,4.38
FDR,nyccas,2024-12-31T06:00:00,6:00 AM,6.38
FDR,nyccas,2024-12-31T07:00:00,7:00 AM,8.1
FDR,nyccas,2024-12-31T08:00:00,8:00 AM,9.84
FDR,nyccas,2024-12-31T09:00:00,9:00 AM,9.03
Manhattan_Bridge,nyccas,2024-12-23T11:00:00,11:00 AM,7.66
Manhattan_Bridge,nyccas,2024-12-23T12:00:00,12:00 PM,7.7
Manhattan_Bridge,nyccas,2024-12-23T13:00:00,1:00 PM,8.37
Manhattan_Bridge,nyccas,2024-12-23T14:00:00,2:00 PM,9.57
Manhattan_Bridge,nyccas,2024-12-23T15:00:00,3:00 PM,6.42
Manhattan_Bridge,nyccas,2024-12-23T16:00:00,4:00 PM,6.57
Manhattan_Bridge,nyccas,2024-12-23T17:00:00,5:00 PM,5.94
Manhattan_Bridge,nyccas,2024-12-23T18:00:00,6:00 PM,6.67
Manhattan_Bridge,nyccas,2024-12-23T19:00:00,7:00 PM,6.37
Manhattan_Bridge,nyccas,2024-12-23T20:00:00,8:00 PM,6.32
Manhattan_Bridge,nyccas,2024-12-23T21:00:00,9:00 PM,5.55
Manhattan_Bridge,nyccas,2024-12-23T22:00:00,10:00 PM,4.79
Manhattan_Bridge,nyccas,2024-12-23T23:00:00,11:00 PM,8.19
Manhattan_Bridge,nyccas,2024-12-24T00:00:00,12:00 AM,5.03
Manhattan_Bridge,nyccas,2024-12-24T01:00:00,1:00 AM,5.6
Manhattan_Bridge,nyccas,2024-12-24T02:00:00,2:00 AM,7.22
Manhattan_Bridge,nyccas,2024-12-24T03:00:00,3:00 AM,7.74
Manhattan_Bridge,nyccas,2024-12-24T04:00:00,4:00 AM,7.9
Manhattan_Bridge,nyccas,2024-12-24T05:00:00,5:00 AM,8.39
Manhattan_Bridge,nyccas,2024-12-24T06:00:00,6:00 AM,8.76
Manhattan_Bridge,nyccas,2024-12-24T07:00:00,7:00 AM,8.75
Manhattan_Bridge,nyccas,2024-12-24T08:00:00,8:00 AM,9.41
Manhattan_Bridge,nyccas,2024-12-24T09:00:00,9:00 AM,11.17
Manhattan_Bridge,nyccas,2024-12-24T10:00:00,10:00 AM,12.8
Manhattan_Bridge,nyccas,2024-12-24T11:00:00,11:00 AM,13.81
Manhattan_Bridge,nyccas,2024-12-24T12:00:00,12:00 PM,14.84
Manhattan_Bridge,nyccas,2024-12-24T13:00:00,1:00 PM,15.52
Manhattan_Bridge,nyccas,2024-12-24T14:00:00,2:00 PM,15.67
Manhattan_Bridge,nyccas,2024-12-24T15:00:00,3:00 PM,13.39
Manhattan_Bridge,nyccas,2024-12-24T16:00:00,4:00 PM,10.07
Manhattan_Bridge,nyccas,2024-12-24T17:00:00,5:00 PM,10.55
Manhattan_Bridge,nyccas,2024-12-24T18:00:00,6:00 PM,9.5
Manhattan_Bridge,nyccas,2024-12-24T19:00:00,7:00 PM,11.1
Manhattan_Bridge,nyccas,2024-12-24T20:00:00,8:00 PM,10.92
Manhattan_Bridge,nyccas,2024-12-24T21:00:00,9:00 PM,11.46
Manhattan_Bridge,nyccas,2024-12-24T22:00:00,10:00 PM,10.46
Manhattan_Bridge,nyccas,2024-12-24T23:00:00,11:00 PM,11.36
Manhattan_Bridge,nyccas,2024-12-25T00:00:00,12:00 AM,9.92
Manhattan_Bridge,nyccas,2024-12-25T01:00:00,1:00 AM,13.15
Manhattan_Bridge,nyccas,2024-12-25T02:00:00,2:00 AM,12.75
Manhattan_Bridge,nyccas,2024-12-25T03:00:00,3:00 AM,13.6
Manhattan_Bridge,nyccas,2024-12-25T04:00:00,4:00 AM,12.62
Manhattan_Bridge,nyccas,2024-12-25T05:00:00,5:00 AM,12.6
Manhattan_Bridge,nyccas,2024-12-25T06:00:00,6:00 AM,11.87
Manhattan_Bridge,nyccas,2024-12-25T07:00:00,7:00 AM,11.21
Manhattan_Bridge,nyccas,2024-12-25T08:00:00,8:00 AM,9.92
Manhattan_Bridge,nyccas,2024-12-25T09:00:00,9:00 AM,8.85
Manhattan_Bridge,nyccas,2024-12-25T10:00:00,10:00 AM,10.09
Manhattan_Bridge,nyccas,2024-12-25T11:00:00,11:00 AM,12.61
Manhattan_Bridge,nyccas,2024-12-25T12:00:00,12:00 PM,14.38
Manhattan_Bridge,nyccas,2024-12-25T13:00:00,1:00 PM,11.65
Manhattan_Bridge,nyccas,2024-12-25T14:00:00,2:00 PM,9.82
Manhattan_Bridge,nyccas,2024-12-25T15:00:00,3:00 PM,9
Manhattan_Bridge,nyccas,2024-12-25T16:00:00,4:00 PM,8.68
Manhattan_Bridge,nyccas,2024-12-25T17:00:00,5:00 PM,9.7
Manhattan_Bridge,nyccas,2024-12-25T18:00:00,6:00 PM,9.73
Manhattan_Bridge,nyccas,2024-12-25T19:00:00,7:00 PM,10.91
Manhattan_Bridge,nyccas,2024-12-25T20:00:00,8:00 PM,10.56
Manhattan_Bridge,nyccas,2024-12-25T21:00:00,9:00 PM,10.02
Manhattan_Bridge,nyccas,2024-12-25T22:00:00,10:00 PM,9.09
Manhattan_Bridge,nyccas,2024-12-25T23:00:00,11:00 PM,8.69
Manhattan_Bridge,nyccas,2024-12-26T00:00:00,12:00 AM,8.81
Manhattan_Bridge,nyccas,2024-12-26T01:00:00,1:00 AM,8.79
Manhattan_Bridge,nyccas,2024-12-26T02:00:00,2:00 AM,8.49
Manhattan_Bridge,nyccas,2024-12-26T03:00:00,3:00 AM,8.4
Manhattan_Bridge,nyccas,2024-12-26T04:00:00,4:00 AM,7.48
Manhattan_Bridge,nyccas,2024-12-26T05:00:00,5:00 AM,8.86
Manhattan_Bridge,nyccas,2024-12-26T06:00:00,6:00 AM,9.03
Manhattan_Bridge,nyccas,2024-12-26T07:00:00,7:00 AM,8.59
Manhattan_Bridge,nyccas,2024-12-26T08:00:00,8:00 AM,10.12
Manhattan_Bridge,nyccas,2024-12-26T09:00:00,9:00 AM,11.34
Manhattan_Bridge,nyccas,2024-12-26T10:00:00,10:00 AM,12.4
Manhattan_Bridge,nyccas,2024-12-26T11:00:00,11:00 AM,12.36
Manhattan_Bridge,nyccas,2024-12-26T12:00:00,12:00 PM,10.26
Manhattan_Bridge,nyccas,2024-12-26T13:00:00,1:00 PM,9.61
Manhattan_Bridge,nyccas,2024-12-26T14:00:00,2:00 PM,10.16
Manhattan_Bridge,nyccas,2024-12-26T15:00:00,3:00 PM,11.55
Manhattan_Bridge,nyccas,2024-12-26T16:00:00,4:00 PM,11.01
Manhattan_Bridge,nyccas,2024-12-26T17:00:00,5:00 PM,10.85
Manhattan_Bridge,nyccas,2024-12-26T18:00:00,6:00 PM,12.76
Manhattan_Bridge,nyccas,2024-12-26T19:00:00,7:00 PM,11.97
Manhattan_Bridge,nyccas,2024-12-26T20:00:00,8:00 PM,12.32
Manhattan_Bridge,nyccas,2024-12-26T21:00:00,9:00 PM,12.1
Manhattan_Bridge,nyccas,2024-12-26T22:00:00,10:00 PM,12.06
Manhattan_Bridge,nyccas,2024-12-26T23:00:00,11:00 PM,13.05
Manhattan_Bridge,nyccas,2024-12-27T00:00:00,12:00 AM,12.71
Manhattan_Bridge,nyccas,2024-12-27T01:00:00,1:00 AM,12.29
Manhattan_Bridge,nyccas,2024-12-27T02:00:00,2:00 AM,10.5
Manhattan_Bridge,nyccas,2024-12-27T03:00:00,3:00 AM,10.2
Manhattan_Bridge,nyccas,2024-12-27T04:00:00,4:00 AM,11.34
Manhattan_Bridge,nyccas,2024-12-27T05:00:00,5:00 AM,11.92
Manhattan_Bridge,nyccas,2024-12-27T06:00:00,6:00 AM,11.41
Manhattan_Bridge,nyccas,2024-12-27T07:00:00,7:00 AM,12.1
Manhattan_Bridge,nyccas,2024-12-27T08:00:00,8:00 AM,13.64
Manhattan_Bridge,nyccas,2024-12-27T09:00:00,9:00 AM,14.21
Manhattan_Bridge,nyccas,2024-12-27T10:00:00,10:00 AM,13.45
Manhattan_Bridge,nyccas,2024-12-27T11:00:00,11:00 AM,18.72
Manhattan_Bridge,nyccas,2024-12-27T12:00:00,12:00 PM,14.46
Manhattan_Bridge,nyccas,2024-12-27T13:00:00,1:00 PM,16.89
Manhattan_Bridge,nyccas,2024-12-27T14:00:00,2:00 PM,16.91
Manhattan_Bridge,nyccas,2024-12-27T15:00:00,3:00 PM,20.07
Manhattan_Bridge,nyccas,2024-12-27T16:00:00,4:00 PM,19.39
Manhattan_Bridge,nyccas,2024-12-27T17:00:00,5:00 PM,19.71
Manhattan_Bridge,nyccas,2024-12-27T18:00:00,6:00 PM,18.43
Manhattan_Bridge,nyccas,2024-12-27T19:00:00,7:00 PM,16.62
Manhattan_Bridge,nyccas,2024-12-27T20:00:00,8:00 PM,16.03
Manhattan_Bridge,nyccas,2024-12-27T21:00:00,9:00 PM,14.15
Manhattan_Bridge,nyccas,2024-12-27T22:00:00,10:00 PM,10.6
Manhattan_Bridge,nyccas,2024-12-27T23:00:00,11:00 PM,6.7
Manhattan_Bridge,nyccas,2024-12-28T00:00:00,12:00 AM,6.05
Manhattan_Bridge,nyccas,2024-12-28T01:00:00,1:00 AM,5.85
Manhattan_Bridge,nyccas,2024-12-28T02:00:00,2:00 AM,5.64
Manhattan_Bridge,nyccas,2024-12-28T03:00:00,3:00 AM,5.01
Manhattan_Bridge,nyccas,2024-12-28T04:00:00,4:00 AM,7.01
Manhattan_Bridge,nyccas,2024-12-28T05:00:00,5:00 AM,11.6
Manhattan_Bridge,nyccas,2024-12-28T06:00:00,6:00 AM,9.46
Manhattan_Bridge,nyccas,2024-12-28T07:00:00,7:00 AM,10.5
Manhattan_Bridge,nyccas,2024-12-28T08:00:00,8:00 AM,17.47
Manhattan_Bridge,nyccas,2024-12-28T09:00:00,9:00 AM,18.73
Manhattan_Bridge,nyccas,2024-12-28T10:00:00,10:00 AM,20.9
Manhattan_Bridge,nyccas,2024-12-28T11:00:00,11:00 AM,18.69
Manhattan_Bridge,nyccas,2024-12-28T12:00:00,12:00 PM,23.74
Manhattan_Bridge,nyccas,2024-12-28T13:00:00,1:00 PM,13.97
Manhattan_Bridge,nyccas,2024-12-28T14:00:00,2:00 PM,8.48
Manhattan_Bridge,nyccas,2024-12-28T15:00:00,3:00 PM,11.9
Manhattan_Bridge,nyccas,2024-12-28T16:00:00,4:00 PM,9.61
Manhattan_Bridge,nyccas,2024-12-28T17:00:00,5:00 PM,11.49
Manhattan_Bridge,nyccas,2024-12-28T18:00:00,6:00 PM,10.55
Manhattan_Bridge,nyccas,2024-12-28T19:00:00,7:00 PM,9.4
Manhattan_Bridge,nyccas,2024-12-28T20:00:00,8:00 PM,11.12
Manhattan_Bridge,nyccas,2024-12-28T21:00:00,9:00 PM,10.51
Manhattan_Bridge,nyccas,2024-12-28T22:00:00,10:00 PM,7.86
Manhattan_Bridge,nyccas,2024-12-28T23:00:00,11:00 PM,10.38
Manhattan_Bridge,nyccas,2024-12-29T00:00:00,12:00 AM,7.33
Manhattan_Bridge,nyccas,2024-12-29T01:00:00,1:00 AM,5.54
Manhattan_Bridge,nyccas,2024-12-29T02:00:00,2:00 AM,6.12
Manhattan_Bridge,nyccas,2024-12-29T03:00:00,3:00 AM,7.29
Manhattan_Bridge,nyccas,2024-12-29T04:00:00,4:00 AM,8.22
Manhattan_Bridge,nyccas,2024-12-29T05:00:00,5:00 AM,9.32
Manhattan_Bridge,nyccas,2024-12-29T06:00:00,6:00 AM,11.87
Manhattan_Bridge,nyccas,2024-12-29T07:00:00,7:00 AM,6.89
Manhattan_Bridge,nyccas,2024-12-29T08:00:00,8:00 AM,7.35
Manhattan_Bridge,nyccas,2024-12-29T09:00:00,9:00 AM,6.63
Manhattan_Bridge,nyccas,2024-12-29T10:00:00,10:00 AM,8.01
Manhattan_Bridge,nyccas,2024-12-29T11:00:00,11:00 AM,8.3
Manhattan_Bridge,nyccas,2024-12-29T12:00:00,12:00 PM,7.39
Manhattan_Bridge,nyccas,2024-12-29T13:00:00,1:00 PM,6.35
Manhattan_Bridge,nyccas,2024-12-29T14:00:00,2:00 PM,5.17
Manhattan_Bridge,nyccas,2024-12-29T15:00:00,3:00 PM,5.47
Manhattan_Bridge,nyccas,2024-12-29T16:00:00,4:00 PM,5.27
Manhattan_Bridge,nyccas,2024-12-29T17:00:00,5:00 PM,5.85
Manhattan_Bridge,nyccas,2024-12-29T18:00:00,6:00 PM,6.39
Manhattan_Bridge,nyccas,2024-12-29T19:00:00,7:00 PM,4.87
Manhattan_Bridge,nyccas,2024-12-29T20:00:00,8:00 PM,5.26
Manhattan_Bridge,nyccas,2024-12-29T21:00:00,9:00 PM,5.21
Manhattan_Bridge,nyccas,2024-12-29T22:00:00,10:00 PM,5.17
Manhattan_Bridge,nyccas,2024-12-29T23:00:00,11:00 PM,5.19
Manhattan_Bridge,nyccas,2024-12-30T00:00:00,12:00 AM,5.4
Manhattan_Bridge,nyccas,2024-12-30T01:00:00,1:00 AM,5.13
Manhattan_Bridge,nyccas,2024-12-30T02:00:00,2:00 AM,3.61
Manhattan_Bridge,nyccas,2024-12-30T03:00:00,3:00 AM,3.66
Manhattan_Bridge,nyccas,2024-12-30T04:00:00,4:00 AM,3.77
Manhattan_Bridge,nyccas,2024-12-30T05:00:00,5:00 AM,4.84
Manhattan_Bridge,nyccas,2024-12-30T06:00:00,6:00 AM,5.77
Manhattan_Bridge,nyccas,2024-12-30T07:00:00,7:00 AM,5.19
Manhattan_Bridge,nyccas,2024-12-30T08:00:00,8:00 AM,5.69
Manhattan_Bridge,nyccas,2024-12-30T09:00:00,9:00 AM,6.95
Manhattan_Bridge,nyccas,2024-12-30T10:00:00,10:00 AM,5.14
Manhattan_Bridge,nyccas,2024-12-30T11:00:00,11:00 AM,4.01
Manhattan_Bridge,nyccas,2024-12-30T12:00:00,12:00 PM,4.32
Manhattan_Bridge,nyccas,2024-12-30T13:00:00,1:00 PM,4.86
Manhattan_Bridge,nyccas,2024-12-30T14:00:00,2:00 PM,4.76
Manhattan_Bridge,nyccas,2024-12-30T15:00:00,3:00 PM,5.66
Manhattan_Bridge,nyccas,2024-12-30T16:00:00,4:00 PM,4.93
Manhattan_Bridge,nyccas,2024-12-30T17:00:00,5:00 PM,4.78
Manhattan_Bridge,nyccas,2024-12-30T18:00:00,6:00 PM,5.96
Manhattan_Bridge,nyccas,2024-12-30T19:00:00,7:00 PM,6.01
Manhattan_Bridge,nyccas,2024-12-30T20:00:00,8:00 PM,5.48
Manhattan_Bridge,nyccas,2024-12-30T21:00:00,9:00 PM,5.98
Manhattan_Bridge,nyccas,2024-12-30T22:00:00,10:00 PM,6.15
Manhattan_Bridge,nyccas,2024-12-30T23:00:00,11:00 PM,5.2
Manhattan_Bridge,nyccas,2024-12-31T00:00:00,12:00 AM,4.05
Manhattan_Bridge,nyccas,2024-12-31T01:00:00,1:00 AM,4.26
Manhattan_Bridge,nyccas,2024-12-31T02:00:00,2:00 AM,4.24
Manhattan_Bridge,nyccas,2024-12-31T03:00:00,3:00 AM,4.21
Manhattan_Bridge,nyccas,2024-12-31T04:00:00,4:00 AM,4.54
Manhattan_Bridge,nyccas,2024-12-31T05:00:00,5:00 AM,5.58
Manhattan_Bridge,nyccas,2024-12-31T06:00:00,6:00 AM,7.51
Manhattan_Bridge,nyccas,2024-12-31T07:00:00,7:00 AM,9.16
Manhattan_Bridge,nyccas,2024-12-31T08:00:00,8:00 AM,9.99
Manhattan_Bridge,nyccas,2024-12-31T09:00:00,9:00 AM,10.75
Midtown_DOT,nyccas,2024-12-23T11:00:00,11:00 AM,10.42
Midtown_DOT,nyccas,2024-12-23T12:00:00,12:00 PM,10.57
Midtown_DOT,nyccas,2024-12-23T13:00:00,1:00 PM,9.7
Midtown_DOT,nyccas,2024-12-23T14:00:00,2:00 PM,12.06
Midtown_DOT,nyccas,2024-12-23T15:00:00,3:00 PM,10.46
Midtown_DOT,nyccas,2024-12-23T16:00:00,4:00 PM,9.96
Midtown_DOT,nyccas,2024-12-23T17:00:00,5:00 PM,9.91
Midtown_DOT,nyccas,2024-12-23T18:00:00,6:00 PM,9.66
Midtown_DOT,nyccas,2024-12-23T19:00:00,7:00 PM,14.45
Midtown_DOT,nyccas,2024-12-23T20:00:00,8:00 PM,12.23
Midtown_DOT,nyccas,2024-12-23T21:00:00,9:00 PM,9.98
Midtown_DOT,nyccas,2024-12-23T22:00:00,10:00 PM,9.68
Midtown_DOT,nyccas,2024-12-23T23:00:00,11:00 PM,13.05
Midtown_DOT,nyccas,2024-12-24T00:00:00,12:00 AM,7.75
Midtown_DOT,nyccas,2024-12-24T01:00:00,1:00 AM,6.35
Midtown_DOT,nyccas,2024-12-24T02:00:00,2:00 AM,6.72
Midtown_DOT,nyccas,2024-12-24T03:00:00,3:00 AM,8.25
Midtown_DOT,nyccas,2024-12-24T04:00:00,4:00 AM,8.67
Midtown_DOT,nyccas,2024-12-24T05:00:00,5:00 AM,9.52
Midtown_DOT,nyccas,2024-12-24T06:00:00,6:00 AM,9.2
Midtown_DOT,nyccas,2024-12-24T07:00:00,7:00 AM,9.88
Midtown_DOT,nyccas,2024-12-24T08:00:00,8:00 AM,12.69
Midtown_DOT,nyccas,2024-12-24T09:00:00,9:00 AM,16.09
Midtown_DOT,nyccas,2024-12-24T10:00:00,10:00 AM,16.39
Midtown_DOT,nyccas,2024-12-24T11:00:00,11:00 AM,14.33
Midtown_DOT,nyccas,2024-12-24T12:00:00,12:00 PM,14.51
Midtown_DOT,nyccas,2024-12-24T13:00:00,1:00 PM,15.83
Midtown_DOT,nyccas,2024-12-24T14:00:00,2:00 PM,15.43
Midtown_DOT,nyccas,2024-12-24T15:00:00,3:00 PM,15.59
Midtown_DOT,nyccas,2024-12-24T16:00:00,4:00 PM,15.07
Midtown_DOT,nyccas,2024-12-24T17:00:00,5:00 PM,20.33
Midtown_DOT,nyccas,2024-12-24T18:00:00,6:00 PM,17.9
Midtown_DOT,nyccas,2024-12-24T19:00:00,7:00 PM,16.21
Midtown_DOT,nyccas,2024-12-24T20:00:00,8:00 PM,16.97
Midtown_DOT,nyccas,2024-12-24T21:00:00,9:00 PM,16.57
Midtown_DOT,nyccas,2024-12-24T22:00:00,10:00 PM,16.66
Midtown_DOT,nyccas,2024-12-24T23:00:00,11:00 PM,14.12
Midtown_DOT,nyccas,2024-12-25T00:00:00,12:00 AM,14.56
Midtown_DOT,nyccas,2024-12-25T01:00:00,1:00 AM,14.69
Midtown_DOT,nyccas,2024-12-25T02:00:00,2:00 AM,13.67
Midtown_DOT,nyccas,2024-12-25T03:00:00,3:00 AM,14.48
Midtown_DOT,nyccas,2024-12-25T04:00:00,4:00 AM,13.27
Midtown_DOT,nyccas,2024-12-25T05:00:00,5:00 AM,13.32
Midtown_DOT,nyccas,2024-12-25T06:00:00,6:00 AM,12.66
Midtown_DOT,nyccas,2024-12-25T07:00:00,7:00 AM,12.77
Midtown_DOT,nyccas,2024-12-25T08:00:00,8:00 AM,12.32
Midtown_DOT,nyccas,2024-12-25T09:00:00,9:00 AM,11.79
Midtown_DOT,nyccas,2024-12-25T10:00:00,10:00 AM,13.95
Midtown_DOT,nyccas,2024-12-25T11:00:00,11:00 AM,15.2
Midtown_DOT,nyccas,2024-12-25T12:00:00,12:00 PM,15.53
Midtown_DOT,nyccas,2024-12-25T13:00:00,1:00 PM,17.64
Midtown_DOT,nyccas,2024-12-25T14:00:00,2:00 PM,15.9
Midtown_DOT,nyccas,2024-12-25T15:00:00,3:00 PM,13.15
Midtown_DOT,nyccas,2024-12-25T16:00:00,4:00 PM,14.26
Midtown_DOT,nyccas,2024-12-25T17:00:00,5:00 PM,14.29
Midtown_DOT,nyccas,2024-12-25T18:00:00,6:00 PM,16.34
Midtown_DOT,nyccas,2024-12-25T19:00:00,7:00 PM,17.02
Midtown_DOT,nyccas,2024-12-25T20:00:00,8:00 PM,14.11
Midtown_DOT,nyccas,2024-12-25T21:00:00,9:00 PM,11.93
Midtown_DOT,nyccas,2024-12-25T22:00:00,10:00 PM,12.92
Midtown_DOT,nyccas,2024-12-25T23:00:00,11:00 PM,11.65
Midtown_DOT,nyccas,2024-12-26T00:00:00,12:00 AM,13.5
Midtown_DOT,nyccas,2024-12-26T01:00:00,1:00 AM,10.83
Midtown_DOT,nyccas,2024-12-26T02:00:00,2:00 AM,10.53
Midtown_DOT,nyccas,2024-12-26T03:00:00,3:00 AM,8.6
Midtown_DOT,nyccas,2024-12-26T04:00:00,4:00 AM,8.45
Midtown_DOT,nyccas,2024-12-26T05:00:00,5:00 AM,8.83
Midtown_DOT,nyccas,2024-12-26T06:00:00,6:00 AM,9.32
Midtown_DOT,nyccas,2024-12-26T07:00:00,7:00 AM,10.85
Midtown_DOT,nyccas,2024-12-26T08:00:00,8:00 AM,11.27
Midtown_DOT,nyccas,2024-12-26T09:00:00,9:00 AM,11.31
Midtown_DOT,nyccas,2024-12-26T10:00:00,10:00 AM,22.54
Midtown_DOT,nyccas,2024-12-26T11:00:00,11:00 AM,13.5
Midtown_DOT,nyccas,2024-12-26T12:00:00,12:00 PM,14.58
Midtown_DOT,nyccas,2024-12-26T13:00:00,1:00 PM,15.33
Midtown_DOT,nyccas,2024-12-26T14:00:00,2:00 PM,14.74
Midtown_DOT,nyccas,2024-12-26T15:00:00,3:00 PM,16.51
Midtown_DOT,nyccas,2024-12-26T16:00:00,4:00 PM,21.1
Midtown_DOT,nyccas,2024-12-26T17:00:00,5:00 PM,17.88
Midtown_DOT,nyccas,2024-12-26T18:00:00,6:00 PM,28.78
Midtown_DOT,nyccas,2024-12-26T19:00:00,7:00 PM,18.39
Midtown_DOT,nyccas,2024-12-26T20:00:00,8:00 PM,17.22
Midtown_DOT,nyccas,2024-12-26T21:00:00,9:00 PM,16.74
Midtown_DOT,nyccas,2024-12-26T22:00:00,10:00 PM,15.18
Midtown_DOT,nyccas,2024-12-26T23:00:00,11:00 PM,22.13
Midtown_DOT,nyccas,2024-12-27T00:00:00,12:00 AM,16.69
Midtown_DOT,nyccas,2024-12-27T01:00:00,1:00 AM,13.73
Midtown_DOT,nyccas,2024-12-27T02:00:00,2:00 AM,11
Midtown_DOT,nyccas,2024-12-27T03:00:00,3:00 AM,10.38
Midtown_DOT,nyccas,2024-12-27T04:00:00,4:00 AM,10.67
Midtown_DOT,nyccas,2024-12-27T05:00:00,5:00 AM,11.63
Midtown_DOT,nyccas,2024-12-27T06:00:00,6:00 AM,11.37
Midtown_DOT,nyccas,2024-12-27T07:00:00,7:00 AM,12.03
Midtown_DOT,nyccas,2024-12-27T08:00:00,8:00 AM,13.42
Midtown_DOT,nyccas,2024-12-27T09:00:00,9:00 AM,14.95
Midtown_DOT,nyccas,2024-12-27T10:00:00,10:00 AM,16.13
Midtown_DOT,nyccas,2024-12-27T11:00:00,11:00 AM,16.82
Midtown_DOT,nyccas,2024-12-27T12:00:00,12:00 PM,16.14
Midtown_DOT,nyccas,2024-12-27T13:00:00,1:00 PM,24.98
Midtown_DOT,nyccas,2024-12-27T14:00:00,2:00 PM,19.05
Midtown_DOT,nyccas,2024-12-27T15:00:00,3:00 PM,22.08
Midtown_DOT,nyccas,2024-12-27T16:00:00,4:00 PM,24.07
Midtown_DOT,nyccas,2024-12-27T17:00:00,5:00 PM,20.49
Midtown_DOT,nyccas,2024-12-27T18:00:00,6:00 PM,26.45
Midtown_DOT,nyccas,2024-12-27T19:00:00,7:00 PM,24.57
Midtown_DOT,nyccas,2024-12-27T20:00:00,8:00 PM,17.05
Midtown_DOT,nyccas,2024-12-27T21:00:00,9:00 PM,14.43
Midtown_DOT,nyccas,2024-12-27T22:00:00,10:00 PM,15.01
Midtown_DOT,nyccas,2024-12-27T23:00:00,11:00 PM,14.83
Midtown_DOT,nyccas,2024-12-28T00:00:00,12:00 AM,9.25
Midtown_DOT,nyccas,2024-12-28T01:00:00,1:00 AM,6.13
Midtown_DOT,nyccas,2024-12-28T02:00:00,2:00 AM,3.59
Midtown_DOT,nyccas,2024-12-28T03:00:00,3:00 AM,6.95
Midtown_DOT,nyccas,2024-12-28T04:00:00,4:00 AM,12.81
Midtown_DOT,nyccas,2024-12-28T05:00:00,5:00 AM,14.66
Midtown_DOT,nyccas,2024-12-28T06:00:00,6:00 AM,18.35
Midtown_DOT,nyccas,2024-12-28T07:00:00,7:00 AM,19.81
Midtown_DOT,nyccas,2024-12-28T08:00:00,8:00 AM,20.75
Midtown_DOT,nyccas,2024-12-28T09:00:00,9:00 AM,21.11
Midtown_DOT,nyccas,2024-12-28T10:00:00,10:00 AM,21.08
Midtown_DOT,nyccas,2024-12-28T11:00:00,11:00 AM,17.33
Midtown_DOT,nyccas,2024-12-28T12:00:00,12:00 PM,19.28
Midtown_DOT,nyccas,2024-12-28T13:00:00,1:00 PM,10.05
Midtown_DOT,nyccas,2024-12-28T14:00:00,2:00 PM,8.89
Midtown_DOT,nyccas,2024-12-28T15:00:00,3:00 PM,10.84
Midtown_DOT,nyccas,2024-12-28T16:00:00,4:00 PM,13.64
Midtown_DOT,nyccas,2024-12-28T17:00:00,5:00 PM,13.32
Midtown_DOT,nyccas,2024-12-28T18:00:00,6:00 PM,10.9
Midtown_DOT,nyccas,2024-12-28T19:00:00,7:00 PM,15.76
Midtown_DOT,nyccas,2024-12-28T20:00:00,8:00 PM,15.51
Midtown_DOT,nyccas,2024-12-28T21:00:00,9:00 PM,18.34
Midtown_DOT,nyccas,2024-12-28T22:00:00,10:00 PM,14.35
Midtown_DOT,nyccas,2024-12-28T23:00:00,11:00 PM,13.15
Midtown_DOT,nyccas,2024-12-29T00:00:00,12:00 AM,19.06
Midtown_DOT,nyccas,2024-12-29T01:00:00,1:00 AM,9.55
Midtown_DOT,nyccas,2024-12-29T02:00:00,2:00 AM,8.84
Midtown_DOT,nyccas,2024-12-29T03:00:00,3:00 AM,7.51
Midtown_DOT,nyccas,2024-12-29T04:00:00,4:00 AM,10.74
Midtown_DOT,nyccas,2024-12-29T05:00:00,5:00 AM,11.71
Midtown_DOT,nyccas,2024-12-29T06:00:00,6:00 AM,14.22
Midtown_DOT,nyccas,2024-12-29T07:00:00,7:00 AM,12.02
Midtown_DOT,nyccas,2024-12-29T08:00:00,8:00 AM,7.99
Midtown_DOT,nyccas,2024-12-29T09:00:00,9:00 AM,9.6
Midtown_DOT,nyccas,2024-12-29T10:00:00,10:00 AM,9.95
Midtown_DOT,nyccas,2024-12-29T11:00:00,11:00 AM,9.72
Midtown_DOT,nyccas,2024-12-29T12:00:00,12:00 PM,9.77
Midtown_DOT,nyccas,2024-12-29T13:00:00,1:00 PM,8.38
Midtown_DOT,nyccas,2024-12-29T14:00:00,2:00 PM,6.45
Midtown_DOT,nyccas,2024-12-29T15:00:00,3:00 PM,6.21
Midtown_DOT,nyccas,2024-12-29T16:00:00,4:00 PM,6.69
Midtown_DOT,nyccas,2024-12-29T17:00:00,5:00 PM,7.49
Midtown_DOT,nyccas,2024-12-29T18:00:00,6:00 PM,7.89
Midtown_DOT,nyccas,2024-12-29T19:00:00,7:00 PM,7.7
Midtown_DOT,nyccas,2024-12-29T20:00:00,8:00 PM,7.64
Midtown_DOT,nyccas,2024-12-29T21:00:00,9:00 PM,6.56
Midtown_DOT,nyccas,2024-12-29T22:00:00,10:00 PM,6.59
Midtown_DOT,nyccas,2024-12-29T23:00:00,11:00 PM,5.74
Midtown_DOT,nyccas,2024-12-30T00:00:00,12:00 AM,6.09
Midtown_DOT,nyccas,2024-12-30T01:00:00,1:00 AM,5.63
Midtown_DOT,nyccas,2024-12-30T02:00:00,2:00 AM,4.37
Midtown_DOT,nyccas,2024-12-30T03:00:00,3:00 AM,2.92
Midtown_DOT,nyccas,2024-12-30T04:00:00,4:00 AM,2.86
Midtown_DOT,nyccas,2024-12-30T05:00:00,5:00 AM,3.46
Midtown_DOT,nyccas,2024-12-30T06:00:00,6:00 AM,4.48
Midtown_DOT,nyccas,2024-12-30T07:00:00,7:00 AM,5.15
Midtown_DOT,nyccas,2024-12-30T08:00:00,8:00 AM,6.33
Midtown_DOT,nyccas,2024-12-30T09:00:00,9:00 AM,9.24
Midtown_DOT,nyccas,2024-12-30T10:00:00,10:00 AM,9.29
Midtown_DOT,nyccas,2024-12-30T11:00:00,11:00 AM,6.07
Midtown_DOT,nyccas,2024-12-30T12:00:00,12:00 PM,6.7
Midtown_DOT,nyccas,2024-12-30T13:00:00,1:00 PM,7.77
Midtown_DOT,nyccas,2024-12-30T14:00:00,2:00 PM,14.84
Midtown_DOT,nyccas,2024-12-30T15:00:00,3:00 PM,8.95
Midtown_DOT,nyccas,2024-12-30T16:00:00,4:00 PM,10.61
Midtown_DOT,nyccas,2024-12-30T17:00:00,5:00 PM,12.27
Midtown_DOT,nyccas,2024-12-30T18:00:00,6:00 PM,11.05
Midtown_DOT,nyccas,2024-12-30T19:00:00,7:00 PM,6.59
Midtown_DOT,nyccas,2024-12-30T20:00:00,8:00 PM,12.94
Midtown_DOT,nyccas,2024-12-30T21:00:00,9:00 PM,10.81
Midtown_DOT,nyccas,2024-12-30T22:00:00,10:00 PM,7.91
Midtown_DOT,nyccas,2024-12-30T23:00:00,11:00 PM,10.22
Midtown_DOT,nyccas,2024-12-31T00:00:00,12:00 AM,5.34
Midtown_DOT,nyccas,2024-12-31T01:00:00,1:00 AM,4.81
Midtown_DOT,nyccas,2024-12-31T02:00:00,2:00 AM,4.73
Midtown_DOT,nyccas,2024-12-31T03:00:00,3:00 AM,5.34
Midtown_DOT,nyccas,2024-12-31T04:00:00,4:00 AM,4.85
Midtown_DOT,nyccas,2024-12-31T05:00:00,5:00 AM,4.76
Midtown_DOT,nyccas,2024-12-31T06:00:00,6:00 AM,6.69
Midtown_DOT,nyccas,2024-12-31T07:00:00,7:00 AM,6.25
Midtown_DOT,nyccas,2024-12-31T08:00:00,8:00 AM,7.67
Midtown_DOT,nyccas,2024-12-31T09:00:00,9:00 AM,7.02
Mott_Haven,nyccas,2024-12-23T11:00:00,11:00 AM,6.82
Mott_Haven,nyccas,2024-12-23T12:00:00,12:00 PM,6.55
Mott_Haven,nyccas,2024-12-23T13:00:00,1:00 PM,7.51
Mott_Haven,nyccas,2024-12-23T14:00:00,2:00 PM,8.19
Mott_Haven,nyccas,2024-12-23T15:00:00,3:00 PM,7.22
Mott_Haven,nyccas,2024-12-23T16:00:00,4:00 PM,5.63
Mott_Haven,nyccas,2024-12-23T17:00:00,5:00 PM,6.03
Mott_Haven,nyccas,2024-12-23T18:00:00,6:00 PM,5.58
Mott_Haven,nyccas,2024-12-23T19:00:00,7:00 PM,5.61
Mott_Haven,nyccas,2024-12-23T20:00:00,8:00 PM,5.64
Mott_Haven,nyccas,2024-12-23T21:00:00,9:00 PM,4.5
Mott_Haven,nyccas,2024-12-23T22:00:00,10:00 PM,3.35
Mott_Haven,nyccas,2024-12-23T23:00:00,11:00 PM,3.94
Mott_Haven,nyccas,2024-12-24T00:00:00,12:00 AM,3.98
Mott_Haven,nyccas,2024-12-24T01:00:00,1:00 AM,4.8
Mott_Haven,nyccas,2024-12-24T02:00:00,2:00 AM,6.99
Mott_Haven,nyccas,2024-12-24T03:00:00,3:00 AM,7.81
Mott_Haven,nyccas,2024-12-24T04:00:00,4:00 AM,8.88
Mott_Haven,nyccas,2024-12-24T05:00:00,5:00 AM,8.46
Mott_Haven,nyccas,2024-12-24T06:00:00,6:00 AM,8.69
Mott_Haven,nyccas,2024-12-24T07:00:00,7:00 AM,8.11
Mott_Haven,nyccas,2024-12-24T08:00:00,8:00 AM,9.17
Mott_Haven,nyccas,2024-12-24T09:00:00,9:00 AM,10.78
Mott_Haven,nyccas,2024-12-24T10:00:00,10:00 AM,10.38
Mott_Haven,nyccas,2024-12-24T11:00:00,11:00 AM,10.93
Mott_Haven,nyccas,2024-12-24T12:00:00,12:00 PM,11.46
Mott_Haven,nyccas,2024-12-24T13:00:00,1:00 PM,13.26
Mott_Haven,nyccas,2024-12-24T14:00:00,2:00 PM,12.51
Mott_Haven,nyccas,2024-12-24T15:00:00,3:00 PM,10.05
Mott_Haven,nyccas,2024-12-24T16:00:00,4:00 PM,8.48
Mott_Haven,nyccas,2024-12-24T17:00:00,5:00 PM,8.63
Mott_Haven,nyccas,2024-12-24T18:00:00,6:00 PM,9.56
Mott_Haven,nyccas,2024-12-24T19:00:00,7:00 PM,9.45
Mott_Haven,nyccas,2024-12-24T20:00:00,8:00 PM,9.15
Mott_Haven,nyccas,2024-12-24T21:00:00,9:00 PM,9.68
Mott_Haven,nyccas,2024-12-24T22:00:00,10:00 PM,10.92
Mott_Haven,nyccas,2024-12-24T23:00:00,11:00 PM,11.13
Mott_Haven,nyccas,2024-12-25T00:00:00,12:00 AM,11.41
Mott_Haven,nyccas,2024-12-25T01:00:00,1:00 AM,12.49
Mott_Haven,nyccas,2024-12-25T02:00:00,2:00 AM,11.38
Mott_Haven,nyccas,2024-12-25T03:00:00,3:00 AM,10.76
Mott_Haven,nyccas,2024-12-25T04:00:00,4:00 AM,11.06
Mott_Haven,nyccas,2024-12-25T05:00:00,5:00 AM,10.72
Mott_Haven,nyccas,2024-12-25T06:00:00,6:00 AM,10.03
Mott_Haven,nyccas,2024-12-25T07:00:00,7:00 AM,10.33
Mott_Haven,nyccas,2024-12-25T08:00:00,8:00 AM,10.65
Mott_Haven,nyccas,2024-12-25T09:00:00,9:00 AM,11.58
Mott_Haven,nyccas,2024-12-25T10:00:00,10:00 AM,12.9
Mott_Haven,nyccas,2024-12-25T11:00:00,11:00 AM,10.85
Mott_Haven,nyccas,2024-12-25T12:00:00,12:00 PM,9.72
Mott_Haven,nyccas,2024-12-25T13:00:00,1:00 PM,8.8
Mott_Haven,nyccas,2024-12-25T14:00:00,2:00 PM,7.4
Mott_Haven,nyccas,2024-12-25T15:00:00,3:00 PM,7.17
Mott_Haven,nyccas,2024-12-25T16:00:00,4:00 PM,7.59
Mott_Haven,nyccas,2024-12-25T17:00:00,5:00 PM,8.06
Mott_Haven,nyccas,2024-12-25T18:00:00,6:00 PM,8.62
Mott_Haven,nyccas,2024-12-25T19:00:00,7:00 PM,9.01
Mott_Haven,nyccas,2024-12-25T20:00:00,8:00 PM,8.25
Mott_Haven,nyccas,2024-12-25T21:00:00,9:00 PM,8.29
Mott_Haven,nyccas,2024-12-25T22:00:00,10:00 PM,7.38
Mott_Haven,nyccas,2024-12-25T23:00:00,11:00 PM,6.94
Mott_Haven,nyccas,2024-12-26T00:00:00,12:00 AM,7.28
Mott_Haven,nyccas,2024-12-26T01:00:00,1:00 AM,7.73
Mott_Haven,nyccas,2024-12-26T02:00:00,2:00 AM,7.37
Mott_Haven,nyccas,2024-12-26T03:00:00,3:00 AM,6.49
Mott_Haven,nyccas,2024-12-26T04:00:00,4:00 AM,6.94
Mott_Haven,nyccas,2024-12-26T05:00:00,5:00 AM,6.84
Mott_Haven,nyccas,2024-12-26T06:00:00,6:00 AM,7.19
Mott_Haven,nyccas,2024-12-26T07:00:00,7:00 AM,8.95
Mott_Haven,nyccas,2024-12-26T08:00:00,8:00 AM,8.85
Mott_Haven,nyccas,2024-12-26T09:00:00,9:00 AM,8.34
Mott_Haven,nyccas,2024-12-26T10:00:00,10:00 AM,7.5
Mott_Haven,nyccas,2024-12-26T11:00:00,11:00 AM,8.38
Mott_Haven,nyccas,2024-12-26T12:00:00,12:00 PM,7.88
Mott_Haven,nyccas,2024-12-26T13:00:00,1:00 PM,8.68
Mott_Haven,nyccas,2024-12-26T14:00:00,2:00 PM,10.14
Mott_Haven,nyccas,2024-12-26T15:00:00,3:00 PM,9.11
Mott_Haven,nyccas,2024-12-26T16:00:00,4:00 PM,8.99
Mott_Haven,nyccas,2024-12-26T17:00:00,5:00 PM,9.54
Mott_Haven,nyccas,2024-12-26T18:00:00,6:00 PM,9.81
Mott_Haven,nyccas,2024-12-26T19:00:00,7:00 PM,9.28
Mott_Haven,nyccas,2024-12-26T20:00:00,8:00 PM,11.01
Mott_Haven,nyccas,2024-12-26T21:00:00,9:00 PM,10.62
Mott_Haven,nyccas,2024-12-26T22:00:00,10:00 PM,11.35
Mott_Haven,nyccas,2024-12-26T23:00:00,11:00 PM,11.01
Mott_Haven,nyccas,2024-12-27T00:00:00,12:00 AM,11.71
Mott_Haven,nyccas,2024-12-27T01:00:00,1:00 AM,11
Mott_Haven,nyccas,2024-12-27T02:00:00,2:00 AM,8.82
Mott_Haven,nyccas,2024-12-27T03:00:00,3:00 AM,8.58
Mott_Haven,nyccas,2024-12-27T04:00:00,4:00 AM,8.64
Mott_Haven,nyccas,2024-12-27T05:00:00,5:00 AM,9.18
Mott_Haven,nyccas,2024-12-27T06:00:00,6:00 AM,10.22
Mott_Haven,nyccas,2024-12-27T07:00:00,7:00 AM,11.42
Mott_Haven,nyccas,2024-12-27T08:00:00,8:00 AM,12.17
Mott_Haven,nyccas,2024-12-27T09:00:00,9:00 AM,11.62
Mott_Haven,nyccas,2024-12-27T10:00:00,10:00 AM,12.75
Mott_Haven,nyccas,2024-12-27T11:00:00,11:00 AM,15.14
Mott_Haven,nyccas,2024-12-27T12:00:00,12:00 PM,17.21
Mott_Haven,nyccas,2024-12-27T13:00:00,1:00 PM,17.41
Mott_Haven,nyccas,2024-12-27T14:00:00,2:00 PM,13.93
Mott_Haven,nyccas,2024-12-27T15:00:00,3:00 PM,16.23
Mott_Haven,nyccas,2024-12-27T16:00:00,4:00 PM,18.76
Mott_Haven,nyccas,2024-12-27T17:00:00,5:00 PM,20.94
Mott_Haven,nyccas,2024-12-27T18:00:00,6:00 PM,20.17
Mott_Haven,nyccas,2024-12-27T19:00:00,7:00 PM,17.24
Mott_Haven,nyccas,2024-12-27T20:00:00,8:00 PM,16.62
Mott_Haven,nyccas,2024-12-27T21:00:00,9:00 PM,14.33
Mott_Haven,nyccas,2024-12-27T22:00:00,10:00 PM,10.57
Mott_Haven,nyccas,2024-12-27T23:00:00,11:00 PM,5.28
Mott_Haven,nyccas,2024-12-28T00:00:00,12:00 AM,5.29
Mott_Haven,nyccas,2024-12-28T01:00:00,1:00 AM,4.7
Mott_Haven,nyccas,2024-12-28T02:00:00,2:00 AM,5.3
Mott_Haven,nyccas,2024-12-28T03:00:00,3:00 AM,8.65
Mott_Haven,nyccas,2024-12-28T04:00:00,4:00 AM,12.52
Mott_Haven,nyccas,2024-12-28T05:00:00,5:00 AM,20.84
Mott_Haven,nyccas,2024-12-28T06:00:00,6:00 AM,19.42
Mott_Haven,nyccas,2024-12-28T07:00:00,7:00 AM,21.24
Mott_Haven,nyccas,2024-12-28T08:00:00,8:00 AM,21.96
Mott_Haven,nyccas,2024-12-28T09:00:00,9:00 AM,19.14
Mott_Haven,nyccas,2024-12-28T10:00:00,10:00 AM,19.15
Mott_Haven,nyccas,2024-12-28T11:00:00,11:00 AM,15.47
Mott_Haven,nyccas,2024-12-28T12:00:00,12:00 PM,20.04
Mott_Haven,nyccas,2024-12-28T13:00:00,1:00 PM,22.28
Mott_Haven,nyccas,2024-12-28T14:00:00,2:00 PM,20.56
Mott_Haven,nyccas,2024-12-28T15:00:00,3:00 PM,9.69
Mott_Haven,nyccas,2024-12-28T16:00:00,4:00 PM,9.11
Mott_Haven,nyccas,2024-12-28T17:00:00,5:00 PM,8.01
Mott_Haven,nyccas,2024-12-28T18:00:00,6:00 PM,7.5
Mott_Haven,nyccas,2024-12-28T19:00:00,7:00 PM,9.69
Mott_Haven,nyccas,2024-12-28T20:00:00,8:00 PM,11.83
Mott_Haven,nyccas,2024-12-28T21:00:00,9:00 PM,12.14
Mott_Haven,nyccas,2024-12-28T22:00:00,10:00 PM,11.24
Mott_Haven,nyccas,2024-12-28T23:00:00,11:00 PM,11.95
Mott_Haven,nyccas,2024-12-29T00:00:00,12:00 AM,9.42
Mott_Haven,nyccas,2024-12-29T01:00:00,1:00 AM,9.52
Mott_Haven,nyccas,2024-12-29T02:00:00,2:00 AM,10.73
Mott_Haven,nyccas,2024-12-29T03:00:00,3:00 AM,12.27
Mott_Haven,nyccas,2024-12-29T04:00:00,4:00 AM,10.7
Mott_Haven,nyccas,2024-12-29T05:00:00,5:00 AM,12.87
Mott_Haven,nyccas,2024-12-29T06:00:00,6:00 AM,7.39
Mott_Haven,nyccas,2024-12-29T07:00:00,7:00 AM,6.73
Mott_Haven,nyccas,2024-12-29T08:00:00,8:00 AM,7.43
Mott_Haven,nyccas,2024-12-29T09:00:00,9:00 AM,9.51
Mott_Haven,nyccas,2024-12-29T10:00:00,10:00 AM,11.87
Mott_Haven,nyccas,2024-12-29T11:00:00,11:00 AM,9.32
Mott_Haven,nyccas,2024-12-29T12:00:00,12:00 PM,7.82
Mott_Haven,nyccas,2024-12-29T13:00:00,1:00 PM,6.84
Mott_Haven,nyccas,2024-12-29T14:00:00,2:00 PM,5.65
Mott_Haven,nyccas,2024-12-29T15:00:00,3:00 PM,4.3
Mott_Haven,nyccas,2024-12-29T16:00:00,4:00 PM,3.2
Mott_Haven,nyccas,2024-12-29T17:00:00,5:00 PM,2.79
Mott_Haven,nyccas,2024-12-29T18:00:00,6:00 PM,2.87
Mott_Haven,nyccas,2024-12-29T19:00:00,7:00 PM,5.17
Mott_Haven,nyccas,2024-12-29T20:00:00,8:00 PM,5.73
Mott_Haven,nyccas,2024-12-29T21:00:00,9:00 PM,5.82
Mott_Haven,nyccas,2024-12-29T22:00:00,10:00 PM,5.77
Mott_Haven,nyccas,2024-12-29T23:00:00,11:00 PM,5.1
Mott_Haven,nyccas,2024-12-30T00:00:00,12:00 AM,5.54
Mott_Haven,nyccas,2024-12-30T01:00:00,1:00 AM,5.24
Mott_Haven,nyccas,2024-12-30T02:00:00,2:00 AM,3.51
Mott_Haven,nyccas,2024-12-30T03:00:00,3:00 AM,4.11
Mott_Haven,nyccas,2024-12-30T04:00:00,4:00 AM,4.64
Mott_Haven,nyccas,2024-12-30T05:00:00,5:00 AM,7.5
Mott_Haven,nyccas,2024-12-30T06:00:00,6:00 AM,8.61
Mott_Haven,nyccas,2024-12-30T07:00:00,7:00 AM,6.88
Mott_Haven,nyccas,2024-12-30T08:00:00,8:00 AM,6.12
Mott_Haven,nyccas,2024-12-30T09:00:00,9:00 AM,7.29
Mott_Haven,nyccas,2024-12-30T10:00:00,10:00 AM,3.76
Mott_Haven,nyccas,2024-12-30T11:00:00,11:00 AM,2.37
Mott_Haven,nyccas,2024-12-30T12:00:00,12:00 PM,2.31
Mott_Haven,nyccas,2024-12-30T13:00:00,1:00 PM,2.2
Mott_Haven,nyccas,2024-12-30T14:00:00,2:00 PM,2.23
Mott_Haven,nyccas,2024-12-30T15:00:00,3:00 PM,4.02
Mott_Haven,nyccas,2024-12-30T16:00:00,4:00 PM,3.41
Mott_Haven,nyccas,2024-12-30T17:00:00,5:00 PM,3.32
Mott_Haven,nyccas,2024-12-30T18:00:00,6:00 PM,3.65
Mott_Haven,nyccas,2024-12-30T19:00:00,7:00 PM,3.61
Mott_Haven,nyccas,2024-12-30T20:00:00,8:00 PM,5.1
Mott_Haven,nyccas,2024-12-30T21:00:00,9:00 PM,3.31
Mott_Haven,nyccas,2024-12-30T22:00:00,10:00 PM,3.58
Mott_Haven,nyccas,2024-12-30T23:00:00,11:00 PM,4.21
Mott_Haven,nyccas,2024-12-31T00:00:00,12:00 AM,4.38
Mott_Haven,nyccas,2024-12-31T01:00:00,1:00 AM,4.48
Mott_Haven,nyccas,2024-12-31T02:00:00,2:00 AM,4.52
Mott_Haven,nyccas,2024-12-31T03:00:00,3:00 AM,4.09
Mott_Haven,nyccas,2024-12-31T04:00:00,4:00 AM,4.69
Mott_Haven,nyccas,2024-12-31T05:00:00,5:00 AM,4.93
Mott_Haven,nyccas,2024-12-31T06:00:00,6:00 AM,5.2
Mott_Haven,nyccas,2024-12-31T07:00:00,7:00 AM,6.14
Mott_Haven,nyccas,2024-12-31T08:00:00,8:00 AM,6.06
Mott_Haven,nyccas,2024-12-31T09:00:00,9:00 AM,6.23
Queens_College,nyccas,2024-12-23T11:00:00,11:00 AM,6.48
Queens_College,nyccas,2024-12-23T12:00:00,12:00 PM,7.56
Queens_College,nyccas,2024-12-23T13:00:00,1:00 PM,7.83
Queens_College,nyccas,2024-12-23T14:00:00,2:00 PM,5.77
Queens_College,nyccas,2024-12-23T15:00:00,3:00 PM,5.27
Queens_College,nyccas,2024-12-23T16:00:00,4:00 PM,4.93
Queens_College,nyccas,2024-12-23T17:00:00,5:00 PM,4.85
Queens_College,nyccas,2024-12-23T18:00:00,6:00 PM,5.42
Queens_College,nyccas,2024-12-23T19:00:00,7:00 PM,5.33
Queens_College,nyccas,2024-12-23T20:00:00,8:00 PM,4.72
Queens_College,nyccas,2024-12-23T21:00:00,9:00 PM,4.14
Queens_College,nyccas,2024-12-23T22:00:00,10:00 PM,3.77
Queens_College,nyccas,2024-12-23T23:00:00,11:00 PM,3.96
Queens_College,nyccas,2024-12-24T00:00:00,12:00 AM,4.04
Queens_College,nyccas,2024-12-24T01:00:00,1:00 AM,4.34
Queens_College,nyccas,2024-12-24T02:00:00,2:00 AM,4.65
Queens_College,nyccas,2024-12-24T03:00:00,3:00 AM,5.72
Queens_College,nyccas,2024-12-24T04:00:00,4:00 AM,6.62
Queens_College,nyccas,2024-12-24T05:00:00,5:00 AM,7.61
Queens_College,nyccas,2024-12-24T06:00:00,6:00 AM,7.59
Queens_College,nyccas,2024-12-24T07:00:00,7:00 AM,6.91
Queens_College,nyccas,2024-12-24T08:00:00,8:00 AM,7.74
Queens_College,nyccas,2024-12-24T09:00:00,9:00 AM,9.12
Queens_College,nyccas,2024-12-24T10:00:00,10:00 AM,10.3
Queens_College,nyccas,2024-12-24T11:00:00,11:00 AM,11.81
Queens_College,nyccas,2024-12-24T12:00:00,12:00 PM,12.56
Queens_College,nyccas,2024-12-24T13:00:00,1:00 PM,12.26
Queens_College,nyccas,2024-12-24T14:00:00,2:00 PM,12.84
Queens_College,nyccas,2024-12-24T15:00:00,3:00 PM,12.15
Queens_College,nyccas,2024-12-24T16:00:00,4:00 PM,7.46
Queens_College,nyccas,2024-12-24T17:00:00,5:00 PM,7.74
Queens_College,nyccas,2024-12-24T18:00:00,6:00 PM,8.9
Queens_College,nyccas,2024-12-24T19:00:00,7:00 PM,9.29
Queens_College,nyccas,2024-12-24T20:00:00,8:00 PM,9.15
Queens_College,nyccas,2024-12-24T21:00:00,9:00 PM,10.34
Queens_College,nyccas,2024-12-24T22:00:00,10:00 PM,11.81
Queens_College,nyccas,2024-12-24T23:00:00,11:00 PM,10.6
Queens_College,nyccas,2024-12-25T00:00:00,12:00 AM,11.41
Queens_College,nyccas,2024-12-25T01:00:00,1:00 AM,11.38
Queens_College,nyccas,2024-12-25T02:00:00,2:00 AM,11.23
Queens_College,nyccas,2024-12-25T03:00:00,3:00 AM,10.41
Queens_College,nyccas,2024-12-25T04:00:00,4:00 AM,9.26
Queens_College,nyccas,2024-12-25T05:00:00,5:00 AM,9.87
Queens_College,nyccas,2024-12-25T06:00:00,6:00 AM,10.33
Queens_College,nyccas,2024-12-25T07:00:00,7:00 AM,10.23
Queens_College,nyccas,2024-12-25T08:00:00,8:00 AM,10.23
Queens_College,nyccas,2024-12-25T09:00:00,9:00 AM,10.48
Queens_College,nyccas,2024-12-25T10:00:00,10:00 AM,9.86
Queens_College,nyccas,2024-12-25T11:00:00,11:00 AM,11.23
Queens_College,nyccas,2024-12-25T12:00:00,12:00 PM,8.05
Queens_College,nyccas,2024-12-25T13:00:00,1:00 PM,7.69
Queens_College,nyccas,2024-12-25T14:00:00,2:00 PM,7.47
Queens_College,nyccas,2024-12-25T15:00:00,3:00 PM,6.92
Queens_College,nyccas,2024-12-25T16:00:00,4:00 PM,6.93
Queens_College,nyccas,2024-12-25T17:00:00,5:00 PM,7.38
Queens_College,nyccas,2024-12-25T18:00:00,6:00 PM,8.16
Queens_College,nyccas,2024-12-25T19:00:00,7:00 PM,8.79
Queens_College,nyccas,2024-12-25T20:00:00,8:00 PM,8.84
Queens_College,nyccas,2024-12-25T21:00:00,9:00 PM,8.29
Queens_College,nyccas,2024-12-25T22:00:00,10:00 PM,7.5
Queens_College,nyccas,2024-12-25T23:00:00,11:00 PM,7.1
Queens_College,nyccas,2024-12-26T00:00:00,12:00 AM,6.72
Queens_College,nyccas,2024-12-26T01:00:00,1:00 AM,6.63
Queens_College,nyccas,2024-12-26T02:00:00,2:00 AM,6.47
Queens_College,nyccas,2024-12-26T03:00:00,3:00 AM,5.94
Queens_College,nyccas,2024-12-26T04:00:00,4:00 AM,5.73
Queens_College,nyccas,2024-12-26T05:00:00,5:00 AM,5.93
Queens_College,nyccas,2024-12-26T06:00:00,6:00 AM,6.27
Queens_College,nyccas,2024-12-26T07:00:00,7:00 AM,6.56
Queens_College,nyccas,2024-12-26T08:00:00,8:00 AM,6.64
Queens_College,nyccas,2024-12-26T09:00:00,9:00 AM,7.05
Queens_College,nyccas,2024-12-26T10:00:00,10:00 AM,6.93
Queens_College,nyccas,2024-12-26T11:00:00,11:00 AM,7.03
Queens_College,nyccas,2024-12-26T12:00:00,12:00 PM,6.8
Queens_College,nyccas,2024-12-26T13:00:00,1:00 PM,8.35
Queens_College,nyccas,2024-12-26T14:00:00,2:00 PM,8.52
Queens_College,nyccas,2024-12-26T15:00:00,3:00 PM,8.85
Queens_College,nyccas,2024-12-26T16:00:00,4:00 PM,8.8
Queens_College,nyccas,2024-12-26T17:00:00,5:00 PM,9.09
Queens_College,nyccas,2024-12-26T18:00:00,6:00 PM,9.9
Queens_College,nyccas,2024-12-26T19:00:00,7:00 PM,9.69
Queens_College,nyccas,2024-12-26T20:00:00,8:00 PM,9.96
Queens_College,nyccas,2024-12-26T21:00:00,9:00 PM,10.13
Queens_College,nyccas,2024-12-26T22:00:00,10:00 PM,11.86
Queens_College,nyccas,2024-12-26T23:00:00,11:00 PM,12.44
Queens_College,nyccas,2024-12-27T00:00:00,12:00 AM,11.49
Queens_College,nyccas,2024-12-27T01:00:00,1:00 AM,11.16
Queens_College,nyccas,2024-12-27T02:00:00,2:00 AM,10.57
Queens_College,nyccas,2024-12-27T03:00:00,3:00 AM,9.2
Queens_College,nyccas,2024-12-27T04:00:00,4:00 AM,8.96
Queens_College,nyccas,2024-12-27T05:00:00,5:00 AM,8.2
Queens_College,nyccas,2024-12-27T06:00:00,6:00 AM,8.17
Queens_College,nyccas,2024-12-27T07:00:00,7:00 AM,8.31
Queens_College,nyccas,2024-12-27T08:00:00,8:00 AM,9.83
Queens_College,nyccas,2024-12-27T09:00:00,9:00 AM,9.79
Queens_College,nyccas,2024-12-27T10:00:00,10:00 AM,9.49
Queens_College,nyccas,2024-12-27T11:00:00,11:00 AM,14.27
Queens_College,nyccas,2024-12-27T12:00:00,12:00 PM,16.92
Queens_College,nyccas,2024-12-27T13:00:00,1:00 PM,18.42
Queens_College,nyccas,2024-12-27T14:00:00,2:00 PM,16.63
Queens_College,nyccas,2024-12-27T15:00:00,3:00 PM,14.27
Queens_College,nyccas,2024-12-27T16:00:00,4:00 PM,15.16
Queens_College,nyccas,2024-12-27T17:00:00,5:00 PM,16.55
Queens_College,nyccas,2024-12-27T18:00:00,6:00 PM,18.25
Queens_College,nyccas,2024-12-27T19:00:00,7:00 PM,19.41
Queens_College,nyccas,2024-12-27T20:00:00,8:00 PM,18.65
Queens_College,nyccas,2024-12-27T21:00:00,9:00 PM,16.51
Queens_College,nyccas,2024-12-27T22:00:00,10:00 PM,9.42
Queens_College,nyccas,2024-12-27T23:00:00,11:00 PM,8.95
Queens_College,nyccas,2024-12-28T00:00:00,12:00 AM,5.72
Queens_College,nyccas,2024-12-28T01:00:00,1:00 AM,4.36
Queens_College,nyccas,2024-12-28T02:00:00,2:00 AM,4.59
Queens_College,nyccas,2024-12-28T03:00:00,3:00 AM,4.68
Queens_College,nyccas,2024-12-28T04:00:00,4:00 AM,5.92
Queens_College,nyccas,2024-12-28T05:00:00,5:00 AM,13.28
Queens_College,nyccas,2024-12-28T06:00:00,6:00 AM,16.35
Queens_College,nyccas,2024-12-28T07:00:00,7:00 AM,14.76
Queens_College,nyccas,2024-12-28T08:00:00,8:00 AM,15.8
Queens_College,nyccas,2024-12-28T09:00:00,9:00 AM,17.53
Queens_College,nyccas,2024-12-28T10:00:00,10:00 AM,16.88
Queens_College,nyccas,2024-12-28T11:00:00,11:00 AM,13.66
Queens_College,nyccas,2024-12-28T12:00:00,12:00 PM,11.96
Queens_College,nyccas,2024-12-28T13:00:00,1:00 PM,11.94
Queens_College,nyccas,2024-12-28T14:00:00,2:00 PM,9.66
Queens_College,nyccas,2024-12-28T15:00:00,3:00 PM,6.05
Queens_College,nyccas,2024-12-28T16:00:00,4:00 PM,5.79
Queens_College,nyccas,2024-12-28T17:00:00,5:00 PM,5.15
Queens_College,nyccas,2024-12-28T18:00:00,6:00 PM,6.98
Queens_College,nyccas,2024-12-28T19:00:00,7:00 PM,5.53
Queens_College,nyccas,2024-12-28T20:00:00,8:00 PM,4.48
Queens_College,nyccas,2024-12-28T21:00:00,9:00 PM,7.43
Queens_College,nyccas,2024-12-28T22:00:00,10:00 PM,6.99
Queens_College,nyccas,2024-12-28T23:00:00,11:00 PM,6.34
Queens_College,nyccas,2024-12-29T00:00:00,12:00 AM,7.1
Queens_College,nyccas,2024-12-29T01:00:00,1:00 AM,8.21
Queens_College,nyccas,2024-12-29T02:00:00,2:00 AM,7.68
Queens_College,nyccas,2024-12-29T03:00:00,3:00 AM,6.62
Queens_College,nyccas,2024-12-29T04:00:00,4:00 AM,6.9
Queens_College,nyccas,2024-12-29T05:00:00,5:00 AM,7.24
Queens_College,nyccas,2024-12-29T06:00:00,6:00 AM,5.22
Queens_College,nyccas,2024-12-29T07:00:00,7:00 AM,3.11
Queens_College,nyccas,2024-12-29T08:00:00,8:00 AM,2.87
Queens_College,nyccas,2024-12-29T09:00:00,9:00 AM,6.41
Queens_College,nyccas,2024-12-29T10:00:00,10:00 AM,4.42
Queens_College,nyccas,2024-12-29T11:00:00,11:00 AM,4.85
Queens_College,nyccas,2024-12-29T12:00:00,12:00 PM,4.79
Queens_College,nyccas,2024-12-29T13:00:00,1:00 PM,4.18
Queens_College,nyccas,2024-12-29T14:00:00,2:00 PM,4.17
Queens_College,nyccas,2024-12-29T15:00:00,3:00 PM,4.07
Queens_College,nyccas,2024-12-29T16:00:00,4:00 PM,4.72
Queens_College,nyccas,2024-12-29T17:00:00,5:00 PM,5.62
Queens_College,nyccas,2024-12-29T18:00:00,6:00 PM,5.52
Queens_College,nyccas,2024-12-29T19:00:00,7:00 PM,5.7
Queens_College,nyccas,2024-12-29T20:00:00,8:00 PM,5.19
Queens_College,nyccas,2024-12-29T21:00:00,9:00 PM,5.17
Queens_College,nyccas,2024-12-29T22:00:00,10:00 PM,4.91
Queens_College,nyccas,2024-12-29T23:00:00,11:00 PM,5.32
Queens_College,nyccas,2024-12-30T00:00:00,12:00 AM,5.78
Queens_College,nyccas,2024-12-30T01:00:00,1:00 AM,5.9
Queens_College,nyccas,2024-12-30T02:00:00,2:00 AM,4.91
Queens_College,nyccas,2024-12-30T03:00:00,3:00 AM,4.81
Queens_College,nyccas,2024-12-30T04:00:00,4:00 AM,2.72
Queens_College,nyccas,2024-12-30T05:00:00,5:00 AM,2.8
Queens_College,nyccas,2024-12-30T06:00:00,6:00 AM,3.07
Queens_College,nyccas,2024-12-30T07:00:00,7:00 AM,3.7
Queens_College,nyccas,2024-12-30T08:00:00,8:00 AM,5.97
Queens_College,nyccas,2024-12-30T09:00:00,9:00 AM,4.77
Queens_College,nyccas,2024-12-30T10:00:00,10:00 AM,3.03
Queens_College,nyccas,2024-12-30T11:00:00,11:00 AM,3.11
Queens_College,nyccas,2024-12-30T12:00:00,12:00 PM,2.72
Queens_College,nyccas,2024-12-30T13:00:00,1:00 PM,2.98
Queens_College,nyccas,2024-12-30T14:00:00,2:00 PM,3.38
Queens_College,nyccas,2024-12-30T15:00:00,3:00 PM,2.63
Queens_College,nyccas,2024-12-30T16:00:00,4:00 PM,2.81
Queens_College,nyccas,2024-12-30T17:00:00,5:00 PM,3.16
Queens_College,nyccas,2024-12-30T18:00:00,6:00 PM,3.23
Queens_College,nyccas,2024-12-30T19:00:00,7:00 PM,3.5
Queens_College,nyccas,2024-12-30T20:00:00,8:00 PM,3.9
Queens_College,nyccas,2024-12-30T21:00:00,9:00 PM,3.8
Queens_College,nyccas,2024-12-30T22:00:00,10:00 PM,4.15
Queens_College,nyccas,2024-12-30T23:00:00,11:00 PM,3.97
Queens_College,nyccas,2024-12-31T00:00:00,12:00 AM,3.53
Queens_College,nyccas,2024-12-31T01:00:00,1:00 AM,3.79
Queens_College,nyccas,2024-12-31T02:00:00,2:00 AM,4.16
Queens_College,nyccas,2024-12-31T03:00:00,3:00 AM,3.86
Queens_College,nyccas,2024-12-31T04:00:00,4:00 AM,4.33
Queens_College,nyccas,2024-12-31T05:00:00,5:00 AM,5.93
Queens_College,nyccas,2024-12-31T06:00:00,6:00 AM,5.04
Queens_College,nyccas,2024-12-31T07:00:00,7:00 AM,5.26
Queens_College,nyccas,2024-12-31T08:00:00,8:00 AM,6.8
Queens_College,nyccas,2024-12-31T09:00:00,9:00 AM,6.63
Queensboro_Bridge,nyccas,2024-12-23T11:00:00,11:00 AM,6.75
Queensboro_Bridge,nyccas,2024-12-23T12:00:00,12:00 PM,7.35
Queensboro_Bridge,nyccas,2024-12-23T13:00:00,1:00 PM,7.97
Queensboro_Bridge,nyccas,2024-12-23T14:00:00,2:00 PM,7.79
Queensboro_Bridge,nyccas,2024-12-23T15:00:00,3:00 PM,6.6
Queensboro_Bridge,nyccas,2024-12-23T16:00:00,4:00 PM,5.83
Queensboro_Bridge,nyccas,2024-12-23T17:00:00,5:00 PM,5.56
Queensboro_Bridge,nyccas,2024-12-23T18:00:00,6:00 PM,5.58
Queensboro_Bridge,nyccas,2024-12-23T19:00:00,7:00 PM,6.68
Queensboro_Bridge,nyccas,2024-12-23T20:00:00,8:00 PM,5.98
Queensboro_Bridge,nyccas,2024-12-23T21:00:00,9:00 PM,4.98
Queensboro_Bridge,nyccas,2024-12-23T22:00:00,10:00 PM,4.52
Queensboro_Bridge,nyccas,2024-12-23T23:00:00,11:00 PM,4.09
Queensboro_Bridge,nyccas,2024-12-24T00:00:00,12:00 AM,4.15
Queensboro_Bridge,nyccas,2024-12-24T01:00:00,1:00 AM,4.28
Queensboro_Bridge,nyccas,2024-12-24T02:00:00,2:00 AM,6.18
Queensboro_Bridge,nyccas,2024-12-24T03:00:00,3:00 AM,6.41
Queensboro_Bridge,nyccas,2024-12-24T04:00:00,4:00 AM,6.84
Queensboro_Bridge,nyccas,2024-12-24T05:00:00,5:00 AM,6.43
Queensboro_Bridge,nyccas,2024-12-24T06:00:00,6:00 AM,6.49
Queensboro_Bridge,nyccas,2024-12-24T07:00:00,7:00 AM,6.5
Queensboro_Bridge,nyccas,2024-12-24T08:00:00,8:00 AM,6.98
Queensboro_Bridge,nyccas,2024-12-24T09:00:00,9:00 AM,8.23
Queensboro_Bridge,nyccas,2024-12-24T10:00:00,10:00 AM,9.3
Queensboro_Bridge,nyccas,2024-12-24T11:00:00,11:00 AM,7.78
Queensboro_Bridge,nyccas,2024-12-24T12:00:00,12:00 PM,8.56
Queensboro_Bridge,nyccas,2024-12-24T13:00:00,1:00 PM,9.48
Queensboro_Bridge,nyccas,2024-12-24T14:00:00,2:00 PM,9.05
Queensboro_Bridge,nyccas,2024-12-24T15:00:00,3:00 PM,9.29
Queensboro_Bridge,nyccas,2024-12-24T16:00:00,4:00 PM,7.49
Queensboro_Bridge,nyccas,2024-12-24T17:00:00,5:00 PM,8.32
Queensboro_Bridge,nyccas,2024-12-24T18:00:00,6:00 PM,8.2
Queensboro_Bridge,nyccas,2024-12-24T19:00:00,7:00 PM,9.22
Queensboro_Bridge,nyccas,2024-12-24T20:00:00,8:00 PM,9.9
Queensboro_Bridge,nyccas,2024-12-24T21:00:00,9:00 PM,9.44
Queensboro_Bridge,nyccas,2024-12-24T22:00:00,10:00 PM,10.06
Queensboro_Bridge,nyccas,2024-12-24T23:00:00,11:00 PM,10.21
Queensboro_Bridge,nyccas,2024-12-25T00:00:00,12:00 AM,9.23
Queensboro_Bridge,nyccas,2024-12-25T01:00:00,1:00 AM,11.38
Queensboro_Bridge,nyccas,2024-12-25T02:00:00,2:00 AM,10.68
Queensboro_Bridge,nyccas,2024-12-25T03:00:00,3:00 AM,10.02
Queensboro_Bridge,nyccas,2024-12-25T04:00:00,4:00 AM,9.93
Queensboro_Bridge,nyccas,2024-12-25T05:00:00,5:00 AM,10
Queensboro_Bridge,nyccas,2024-12-25T06:00:00,6:00 AM,9.67
Queensboro_Bridge,nyccas,2024-12-25T07:00:00,7:00 AM,9.54
Queensboro_Bridge,nyccas,2024-12-25T08:00:00,8:00 AM,9.79
Queensboro_Bridge,nyccas,2024-12-25T09:00:00,9:00 AM,10.65
Queensboro_Bridge,nyccas,2024-12-25T10:00:00,10:00 AM,10.28
Queensboro_Bridge,nyccas,2024-12-25T11:00:00,11:00 AM,10.13
Queensboro_Bridge,nyccas,2024-12-25T12:00:00,12:00 PM,10.22
Queensboro_Bridge,nyccas,2024-12-25T13:00:00,1:00 PM,8.9
Queensboro_Bridge,nyccas,2024-12-25T14:00:00,2:00 PM,7.19
Queensboro_Bridge,nyccas,2024-12-25T15:00:00,3:00 PM,6.86
Queensboro_Bridge,nyccas,2024-12-25T16:00:00,4:00 PM,6.91
Queensboro_Bridge,nyccas,2024-12-25T17:00:00,5:00 PM,7.7
Queensboro_Bridge,nyccas,2024-12-25T18:00:00,6:00 PM,8.73
Queensboro_Bridge,nyccas,2024-12-25T19:00:00,7:00 PM,8.92
Queensboro_Bridge,nyccas,2024-12-25T20:00:00,8:00 PM,9.17
Queensboro_Bridge,nyccas,2024-12-25T21:00:00,9:00 PM,8.16
Queensboro_Bridge,nyccas,2024-12-25T22:00:00,10:00 PM,7.31
Queensboro_Bridge,nyccas,2024-12-25T23:00:00,11:00 PM,6.88
Queensboro_Bridge,nyccas,2024-12-26T00:00:00,12:00 AM,7.68
Queensboro_Bridge,nyccas,2024-12-26T01:00:00,1:00 AM,7.09
Queensboro_Bridge,nyccas,2024-12-26T02:00:00,2:00 AM,6.78
Queensboro_Bridge,nyccas,2024-12-26T03:00:00,3:00 AM,6.15
Queensboro_Bridge,nyccas,2024-12-26T04:00:00,4:00 AM,6.18
Queensboro_Bridge,nyccas,2024-12-26T05:00:00,5:00 AM,5.91
Queensboro_Bridge,nyccas,2024-12-26T06:00:00,6:00 AM,6.01
Queensboro_Bridge,nyccas,2024-12-26T07:00:00,7:00 AM,7.5
Queensboro_Bridge,nyccas,2024-12-26T08:00:00,8:00 AM,7.54
Queensboro_Bridge,nyccas,2024-12-26T09:00:00,9:00 AM,7.82
Queensboro_Bridge,nyccas,2024-12-26T10:00:00,10:00 AM,8.08
Queensboro_Bridge,nyccas,2024-12-26T11:00:00,11:00 AM,8.22
Queensboro_Bridge,nyccas,2024-12-26T12:00:00,12:00 PM,7.47
Queensboro_Bridge,nyccas,2024-12-26T13:00:00,1:00 PM,7.45
Queensboro_Bridge,nyccas,2024-12-26T14:00:00,2:00 PM,8.52
Queensboro_Bridge,nyccas,2024-12-26T15:00:00,3:00 PM,8.95
Queensboro_Bridge,nyccas,2024-12-26T16:00:00,4:00 PM,9.28
Queensboro_Bridge,nyccas,2024-12-26T17:00:00,5:00 PM,9.48
Queensboro_Bridge,nyccas,2024-12-26T18:00:00,6:00 PM,10.57
Queensboro_Bridge,nyccas,2024-12-26T19:00:00,7:00 PM,10.83
Queensboro_Bridge,nyccas,2024-12-26T20:00:00,8:00 PM,9.99
Queensboro_Bridge,nyccas,2024-12-26T21:00:00,9:00 PM,10.54
Queensboro_Bridge,nyccas,2024-12-26T22:00:00,10:00 PM,10.69
Queensboro_Bridge,nyccas,2024-12-26T23:00:00,11:00 PM,10.49
Queensboro_Bridge,nyccas,2024-12-27T00:00:00,12:00 AM,11.25
Queensboro_Bridge,nyccas,2024-12-27T01:00:00,1:00 AM,10.8
Queensboro_Bridge,nyccas,2024-12-27T02:00:00,2:00 AM,9.51
Queensboro_Bridge,nyccas,2024-12-27T03:00:00,3:00 AM,7.82
Queensboro_Bridge,nyccas,2024-12-27T04:00:00,4:00 AM,8.26
Queensboro_Bridge,nyccas,2024-12-27T05:00:00,5:00 AM,8.58
Queensboro_Bridge,nyccas,2024-12-27T06:00:00,6:00 AM,8.39
Queensboro_Bridge,nyccas,2024-12-27T07:00:00,7:00 AM,10.82
Queensboro_Bridge,nyccas,2024-12-27T08:00:00,8:00 AM,10.11
Queensboro_Bridge,nyccas,2024-12-27T09:00:00,9:00 AM,9.08
Queensboro_Bridge,nyccas,2024-12-27T10:00:00,10:00 AM,10.93
Queensboro_Bridge,nyccas,2024-12-27T11:00:00,11:00 AM,15.25
Queensboro_Bridge,nyccas,2024-12-27T12:00:00,12:00 PM,14.88
Queensboro_Bridge,nyccas,2024-12-27T13:00:00,1:00 PM,13.08
Queensboro_Bridge,nyccas,2024-12-27T14:00:00,2:00 PM,14.59
Queensboro_Bridge,nyccas,2024-12-27T15:00:00,3:00 PM,15.24
Queensboro_Bridge,nyccas,2024-12-27T16:00:00,4:00 PM,16.2
Queensboro_Bridge,nyccas,2024-12-27T17:00:00,5:00 PM,15.84
Queensboro_Bridge,nyccas,2024-12-27T18:00:00,6:00 PM,14.8
Queensboro_Bridge,nyccas,2024-12-27T19:00:00,7:00 PM,12.52
Queensboro_Bridge,nyccas,2024-12-27T20:00:00,8:00 PM,9.99
Queensboro_Bridge,nyccas,2024-12-27T21:00:00,9:00 PM,8.22
Queensboro_Bridge,nyccas,2024-12-27T22:00:00,10:00 PM,6.73
Queensboro_Bridge,nyccas,2024-12-27T23:00:00,11:00 PM,4.78
Queensboro_Bridge,nyccas,2024-12-28T00:00:00,12:00 AM,4.97
Queensboro_Bridge,nyccas,2024-12-28T01:00:00,1:00 AM,4.67
Queensboro_Bridge,nyccas,2024-12-28T02:00:00,2:00 AM,5.05
Queensboro_Bridge,nyccas,2024-12-28T03:00:00,3:00 AM,5.21
Queensboro_Bridge,nyccas,2024-12-28T04:00:00,4:00 AM,6.27
Queensboro_Bridge,nyccas,2024-12-28T05:00:00,5:00 AM,10.36
Queensboro_Bridge,nyccas,2024-12-28T06:00:00,6:00 AM,15.46
Queensboro_Bridge,nyccas,2024-12-28T07:00:00,7:00 AM,16.44
Queensboro_Bridge,nyccas,2024-12-28T08:00:00,8:00 AM,20.51
Queensboro_Bridge,nyccas,2024-12-28T09:00:00,9:00 AM,17.49
Queensboro_Bridge,nyccas,2024-12-28T10:00:00,10:00 AM,14.87
Queensboro_Bridge,nyccas,2024-12-28T11:00:00,11:00 AM,14.3
Queensboro_Bridge,nyccas,2024-12-28T12:00:00,12:00 PM,17.3
Queensboro_Bridge,nyccas,2024-12-28T13:00:00,1:00 PM,18.96
Queensboro_Bridge,nyccas,2024-12-28T14:00:00,2:00 PM,12.51
Queensboro_Bridge,nyccas,2024-12-28T15:00:00,3:00 PM,8.96
Queensboro_Bridge,nyccas,2024-12-28T16:00:00,4:00 PM,8.76
Queensboro_Bridge,nyccas,2024-12-28T17:00:00,5:00 PM,8.33
Queensboro_Bridge,nyccas,2024-12-28T18:00:00,6:00 PM,9.42
Queensboro_Bridge,nyccas,2024-12-28T19:00:00,7:00 PM,10.14
Queensboro_Bridge,nyccas,2024-12-28T20:00:00,8:00 PM,8.78
Queensboro_Bridge,nyccas,2024-12-28T21:00:00,9:00 PM,8.65
Queensboro_Bridge,nyccas,2024-12-28T22:00:00,10:00 PM,8.42
Queensboro_Bridge,nyccas,2024-12-28T23:00:00,11:00 PM,9.18
Queensboro_Bridge,nyccas,2024-12-29T00:00:00,12:00 AM,7.63
Queensboro_Bridge,nyccas,2024-12-29T01:00:00,1:00 AM,7.18
Queensboro_Bridge,nyccas,2024-12-29T02:00:00,2:00 AM,6.55
Queensboro_Bridge,nyccas,2024-12-29T03:00:00,3:00 AM,6.28
Queensboro_Bridge,nyccas,2024-12-29T04:00:00,4:00 AM,7.15
Queensboro_Bridge,nyccas,2024-12-29T05:00:00,5:00 AM,8.66
Queensboro_Bridge,nyccas,2024-12-29T06:00:00,6:00 AM,5.56
Queensboro_Bridge,nyccas,2024-12-29T07:00:00,7:00 AM,7.1
Queensboro_Bridge,nyccas,2024-12-29T08:00:00,8:00 AM,7.8
Queensboro_Bridge,nyccas,2024-12-29T09:00:00,9:00 AM,8.69
Queensboro_Bridge,nyccas,2024-12-29T10:00:00,10:00 AM,10.2
Queensboro_Bridge,nyccas,2024-12-29T11:00:00,11:00 AM,9.1
Queensboro_Bridge,nyccas,2024-12-29T12:00:00,12:00 PM,7.74
Queensboro_Bridge,nyccas,2024-12-29T13:00:00,1:00 PM,7.25
Queensboro_Bridge,nyccas,2024-12-29T14:00:00,2:00 PM,6.31
Queensboro_Bridge,nyccas,2024-12-29T15:00:00,3:00 PM,5.45
Queensboro_Bridge,nyccas,2024-12-29T16:00:00,4:00 PM,6.18
Queensboro_Bridge,nyccas,2024-12-29T17:00:00,5:00 PM,4.54
Queensboro_Bridge,nyccas,2024-12-29T18:00:00,6:00 PM,5.03
Queensboro_Bridge,nyccas,2024-12-29T19:00:00,7:00 PM,6.36
Queensboro_Bridge,nyccas,2024-12-29T20:00:00,8:00 PM,5.8
Queensboro_Bridge,nyccas,2024-12-29T21:00:00,9:00 PM,6.12
Queensboro_Bridge,nyccas,2024-12-29T22:00:00,10:00 PM,5.84
Queensboro_Bridge,nyccas,2024-12-29T23:00:00,11:00 PM,5.97
Queensboro_Bridge,nyccas,2024-12-30T00:00:00,12:00 AM,6.31
Queensboro_Bridge,nyccas,2024-12-30T01:00:00,1:00 AM,6.22
Queensboro_Bridge,nyccas,2024-12-30T02:00:00,2:00 AM,4.14
Queensboro_Bridge,nyccas,2024-12-30T03:00:00,3:00 AM,4.12
Queensboro_Bridge,nyccas,2024-12-30T04:00:00,4:00 AM,4.15
Queensboro_Bridge,nyccas,2024-12-30T05:00:00,5:00 AM,4.86
Queensboro_Bridge,nyccas,2024-12-30T06:00:00,6:00 AM,5.86
Queensboro_Bridge,nyccas,2024-12-30T07:00:00,7:00 AM,5.23
Queensboro_Bridge,nyccas,2024-12-30T08:00:00,8:00 AM,5.58
Queensboro_Bridge,nyccas,2024-12-30T09:00:00,9:00 AM,6.8
Queensboro_Bridge,nyccas,2024-12-30T10:00:00,10:00 AM,3.95
Queensboro_Bridge,nyccas,2024-12-30T11:00:00,11:00 AM,3.66
Queensboro_Bridge,nyccas,2024-12-30T12:00:00,12:00 PM,3.45
Queensboro_Bridge,nyccas,2024-12-30T13:00:00,1:00 PM,3.18
Queensboro_Bridge,nyccas,2024-12-30T14:00:00,2:00 PM,3.25
Queensboro_Bridge,nyccas,2024-12-30T15:00:00,3:00 PM,3.7
Queensboro_Bridge,nyccas,2024-12-30T16:00:00,4:00 PM,4.01
Queensboro_Bridge,nyccas,2024-12-30T17:00:00,5:00 PM,4.53
Queensboro_Bridge,nyccas,2024-12-30T18:00:00,6:00 PM,5.07
Queensboro_Bridge,nyccas,2024-12-30T19:00:00,7:00 PM,5.16
Queensboro_Bridge,nyccas,2024-12-30T20:00:00,8:00 PM,5.21
Queensboro_Bridge,nyccas,2024-12-30T21:00:00,9:00 PM,4.51
Queensboro_Bridge,nyccas,2024-12-30T22:00:00,10:00 PM,4.23
Queensboro_Bridge,nyccas,2024-12-30T23:00:00,11:00 PM,4.13
Queensboro_Bridge,nyccas,2024-12-31T00:00:00,12:00 AM,3.94
Queensboro_Bridge,nyccas,2024-12-31T01:00:00,1:00 AM,4.6
Queensboro_Bridge,nyccas,2024-12-31T02:00:00,2:00 AM,3.73
Queensboro_Bridge,nyccas,2024-12-31T03:00:00,3:00 AM,4.23
Queensboro_Bridge,nyccas,2024-12-31T04:00:00,4:00 AM,4.5
Queensboro_Bridge,nyccas,2024-12-31T05:00:00,5:00 AM,4.62
Queensboro_Bridge,nyccas,2024-12-31T06:00:00,6:00 AM,4.41
Queensboro_Bridge,nyccas,2024-12-31T07:00:00,7:00 AM,4.63
Queensboro_Bridge,nyccas,2024-12-31T08:00:00,8:00 AM,5.88
Queensboro_Bridge,nyccas,2024-12-31T09:00:00,9:00 AM,5.91
SI_Expwy,nyccas,2024-12-23T11:00:00,11:00 AM,7.27
SI_Expwy,nyccas,2024-12-23T12:00:00,12:00 PM,4.92
SI_Expwy,nyccas,2024-12-23T13:00:00,1:00 PM,4.68
SI_Expwy,nyccas,2024-12-23T14:00:00,2:00 PM,4.78
SI_Expwy,nyccas,2024-12-23T15:00:00,3:00 PM,5.02
SI_Expwy,nyccas,2024-12-23T16:00:00,4:00 PM,5.31
SI_Expwy,nyccas,2024-12-23T17:00:00,5:00 PM,5.65
SI_Expwy,nyccas,2024-12-23T18:00:00,6:00 PM,5.84
SI_Expwy,nyccas,2024-12-23T19:00:00,7:00 PM,6.01
SI_Expwy,nyccas,2024-12-23T20:00:00,8:00 PM,5.78
SI_Expwy,nyccas,2024-12-23T21:00:00,9:00 PM,5.82
SI_Expwy,nyccas,2024-12-23T22:00:00,10:00 PM,4.97
SI_Expwy,nyccas,2024-12-23T23:00:00,11:00 PM,4.99
SI_Expwy,nyccas,2024-12-24T00:00:00,12:00 AM,5.01
SI_Expwy,nyccas,2024-12-24T01:00:00,1:00 AM,5.55
SI_Expwy,nyccas,2024-12-24T02:00:00,2:00 AM,7.03
SI_Expwy,nyccas,2024-12-24T03:00:00,3:00 AM,7.69
SI_Expwy,nyccas,2024-12-24T04:00:00,4:00 AM,8.17
SI_Expwy,nyccas,2024-12-24T05:00:00,5:00 AM,8.96
SI_Expwy,nyccas,2024-12-24T06:00:00,6:00 AM,9.39
SI_Expwy,nyccas,2024-12-24T07:00:00,7:00 AM,9.81
SI_Expwy,nyccas,2024-12-24T08:00:00,8:00 AM,12.72
SI_Expwy,nyccas,2024-12-24T09:00:00,9:00 AM,14.77
SI_Expwy,nyccas,2024-12-24T10:00:00,10:00 AM,12.97
SI_Expwy,nyccas,2024-12-24T11:00:00,11:00 AM,13.73
SI_Expwy,nyccas,2024-12-24T12:00:00,12:00 PM,14.09
SI_Expwy,nyccas,2024-12-24T13:00:00,1:00 PM,14.17
SI_Expwy,nyccas,2024-12-24T14:00:00,2:00 PM,14.31
SI_Expwy,nyccas,2024-12-24T15:00:00,3:00 PM,14.2
SI_Expwy,nyccas,2024-12-24T16:00:00,4:00 PM,11.87
SI_Expwy,nyccas,2024-12-24T17:00:00,5:00 PM,10.44
SI_Expwy,nyccas,2024-12-24T18:00:00,6:00 PM,10.96
SI_Expwy,nyccas,2024-12-24T19:00:00,7:00 PM,9.73
SI_Expwy,nyccas,2024-12-24T20:00:00,8:00 PM,9.55
SI_Expwy,nyccas,2024-12-24T21:00:00,9:00 PM,11.08
SI_Expwy,nyccas,2024-12-24T22:00:00,10:00 PM,10.94
SI_Expwy,nyccas,2024-12-24T23:00:00,11:00 PM,12.83
SI_Expwy,nyccas,2024-12-25T00:00:00,12:00 AM,14.42
SI_Expwy,nyccas,2024-12-25T01:00:00,1:00 AM,15.7
SI_Expwy,nyccas,2024-12-25T02:00:00,2:00 AM,15.82
SI_Expwy,nyccas,2024-12-25T03:00:00,3:00 AM,15.07
SI_Expwy,nyccas,2024-12-25T04:00:00,4:00 AM,14.27
SI_Expwy,nyccas,2024-12-25T05:00:00,5:00 AM,13.65
SI_Expwy,nyccas,2024-12-25T06:00:00,6:00 AM,12.31
SI_Expwy,nyccas,2024-12-25T07:00:00,7:00 AM,12.21
SI_Expwy,nyccas,2024-12-25T08:00:00,8:00 AM,13.76
SI_Expwy,nyccas,2024-12-25T09:00:00,9:00 AM,13.92
SI_Expwy,nyccas,2024-12-25T10:00:00,10:00 AM,12.28
SI_Expwy,nyccas,2024-12-25T11:00:00,11:00 AM,13.12
SI_Expwy,nyccas,2024-12-25T12:00:00,12:00 PM,13.7
SI_Expwy,nyccas,2024-12-25T13:00:00,1:00 PM,9.06
SI_Expwy,nyccas,2024-12-25T14:00:00,2:00 PM,8.91
SI_Expwy,nyccas,2024-12-25T15:00:00,3:00 PM,7.82
SI_Expwy,nyccas,2024-12-25T16:00:00,4:00 PM,7.87
SI_Expwy,nyccas,2024-12-25T17:00:00,5:00 PM,8.74
SI_Expwy,nyccas,2024-12-25T18:00:00,6:00 PM,9.01
SI_Expwy,nyccas,2024-12-25T19:00:00,7:00 PM,10.77
SI_Expwy,nyccas,2024-12-25T20:00:00,8:00 PM,10.85
SI_Expwy,nyccas,2024-12-25T21:00:00,9:00 PM,10.61
SI_Expwy,nyccas,2024-12-25T22:00:00,10:00 PM,10.37
SI_Expwy,nyccas,2024-12-25T23:00:00,11:00 PM,9.02
SI_Expwy,nyccas,2024-12-26T00:00:00,12:00 AM,8.79
SI_Expwy,nyccas,2024-12-26T01:00:00,1:00 AM,9.11
SI_Expwy,nyccas,2024-12-26T02:00:00,2:00 AM,9.52
SI_Expwy,nyccas,2024-12-26T03:00:00,3:00 AM,9.23
SI_Expwy,nyccas,2024-12-26T04:00:00,4:00 AM,8.88
SI_Expwy,nyccas,2024-12-26T05:00:00,5:00 AM,9.39
SI_Expwy,nyccas,2024-12-26T06:00:00,6:00 AM,9.74
SI_Expwy,nyccas,2024-12-26T07:00:00,7:00 AM,9.4
SI_Expwy,nyccas,2024-12-26T08:00:00,8:00 AM,9.94
SI_Expwy,nyccas,2024-12-26T09:00:00,9:00 AM,10.67
SI_Expwy,nyccas,2024-12-26T10:00:00,10:00 AM,12.51
SI_Expwy,nyccas,2024-12-26T11:00:00,11:00 AM,12.25
SI_Expwy,nyccas,2024-12-26T12:00:00,12:00 PM,11.27
SI_Expwy,nyccas,2024-12-26T13:00:00,1:00 PM,9.7
SI_Expwy,nyccas,2024-12-26T14:00:00,2:00 PM,10.84
SI_Expwy,nyccas,2024-12-26T15:00:00,3:00 PM,11.55
SI_Expwy,nyccas,2024-12-26T16:00:00,4:00 PM,12.92
SI_Expwy,nyccas,2024-12-26T17:00:00,5:00 PM,13.71
SI_Expwy,nyccas,2024-12-26T18:00:00,6:00 PM,14.66
SI_Expwy,nyccas,2024-12-26T19:00:00,7:00 PM,16.57
SI_Expwy,nyccas,2024-12-26T20:00:00,8:00 PM,14.08
SI_Expwy,nyccas,2024-12-26T21:00:00,9:00 PM,12.73
SI_Expwy,nyccas,2024-12-26T22:00:00,10:00 PM,12.2
SI_Expwy,nyccas,2024-12-26T23:00:00,11:00 PM,13.03
SI_Expwy,nyccas,2024-12-27T00:00:00,12:00 AM,12.85
SI_Expwy,nyccas,2024-12-27T01:00:00,1:00 AM,12.7
SI_Expwy,nyccas,2024-12-27T02:00:00,2:00 AM,12.54
SI_Expwy,nyccas,2024-12-27T03:00:00,3:00 AM,12.56
SI_Expwy,nyccas,2024-12-27T04:00:00,4:00 AM,12.34
SI_Expwy,nyccas,2024-12-27T05:00:00,5:00 AM,11.86
SI_Expwy,nyccas,2024-12-27T06:00:00,6:00 AM,11.64
SI_Expwy,nyccas,2024-12-27T07:00:00,7:00 AM,11.97
SI_Expwy,nyccas,2024-12-27T08:00:00,8:00 AM,12.98
SI_Expwy,nyccas,2024-12-27T09:00:00,9:00 AM,16.45
SI_Expwy,nyccas,2024-12-27T10:00:00,10:00 AM,14.44
SI_Expwy,nyccas,2024-12-27T11:00:00,11:00 AM,13.61
SI_Expwy,nyccas,2024-12-27T12:00:00,12:00 PM,13.42
SI_Expwy,nyccas,2024-12-27T13:00:00,1:00 PM,14.39
SI_Expwy,nyccas,2024-12-27T14:00:00,2:00 PM,15.16
SI_Expwy,nyccas,2024-12-27T15:00:00,3:00 PM,16.6
SI_Expwy,nyccas,2024-12-27T16:00:00,4:00 PM,16.59
SI_Expwy,nyccas,2024-12-27T17:00:00,5:00 PM,17.98
SI_Expwy,nyccas,2024-12-27T18:00:00,6:00 PM,17.84
SI_Expwy,nyccas,2024-12-27T19:00:00,7:00 PM,17.92
SI_Expwy,nyccas,2024-12-27T20:00:00,8:00 PM,18.61
SI_Expwy,nyccas,2024-12-27T21:00:00,9:00 PM,19.54
SI_Expwy,nyccas,2024-12-27T22:00:00,10:00 PM,13.56
SI_Expwy,nyccas,2024-12-27T23:00:00,11:00 PM,16.21
SI_Expwy,nyccas,2024-12-28T00:00:00,12:00 AM,16.18
SI_Expwy,nyccas,2024-12-28T01:00:00,1:00 AM,16.13
SI_Expwy,nyccas,2024-12-28T02:00:00,2:00 AM,18.75
SI_Expwy,nyccas,2024-12-28T03:00:00,3:00 AM,19.18
SI_Expwy,nyccas,2024-12-28T04:00:00,4:00 AM,20.99
SI_Expwy,nyccas,2024-12-28T05:00:00,5:00 AM,21.51
SI_Expwy,nyccas,2024-12-28T06:00:00,6:00 AM,29.95
SI_Expwy,nyccas,2024-12-28T07:00:00,7:00 AM,38.26
SI_Expwy,nyccas,2024-12-28T08:00:00,8:00 AM,47
SI_Expwy,nyccas,2024-12-28T09:00:00,9:00 AM,46.62
SI_Expwy,nyccas,2024-12-28T10:00:00,10:00 AM,40.47
SI_Expwy,nyccas,2024-12-28T11:00:00,11:00 AM,27.18
SI_Expwy,nyccas,2024-12-28T12:00:00,12:00 PM,24.92
SI_Expwy,nyccas,2024-12-28T13:00:00,1:00 PM,19.16
SI_Expwy,nyccas,2024-12-28T14:00:00,2:00 PM,13.16
SI_Expwy,nyccas,2024-12-28T15:00:00,3:00 PM,9.39
SI_Expwy,nyccas,2024-12-28T16:00:00,4:00 PM,10.46
SI_Expwy,nyccas,2024-12-28T17:00:00,5:00 PM,8.01
SI_Expwy,nyccas,2024-12-28T18:00:00,6:00 PM,8.96
SI_Expwy,nyccas,2024-12-28T19:00:00,7:00 PM,13.43
SI_Expwy,nyccas,2024-12-28T20:00:00,8:00 PM,17.32
SI_Expwy,nyccas,2024-12-28T21:00:00,9:00 PM,10.79
SI_Expwy,nyccas,2024-12-28T22:00:00,10:00 PM,8.06
SI_Expwy,nyccas,2024-12-28T23:00:00,11:00 PM,11.93
SI_Expwy,nyccas,2024-12-29T00:00:00,12:00 AM,12.69
SI_Expwy,nyccas,2024-12-29T01:00:00,1:00 AM,10.2
SI_Expwy,nyccas,2024-12-29T02:00:00,2:00 AM,7.62
SI_Expwy,nyccas,2024-12-29T03:00:00,3:00 AM,5.94
SI_Expwy,nyccas,2024-12-29T04:00:00,4:00 AM,5.95
SI_Expwy,nyccas,2024-12-29T05:00:00,5:00 AM,8.67
SI_Expwy,nyccas,2024-12-29T06:00:00,6:00 AM,7.18
SI_Expwy,nyccas,2024-12-29T07:00:00,7:00 AM,7.64
SI_Expwy,nyccas,2024-12-29T08:00:00,8:00 AM,13.64
SI_Expwy,nyccas,2024-12-29T09:00:00,9:00 AM,14.49
SI_Expwy,nyccas,2024-12-29T10:00:00,10:00 AM,6.11
SI_Expwy,nyccas,2024-12-29T11:00:00,11:00 AM,4.83
SI_Expwy,nyccas,2024-12-29T12:00:00,12:00 PM,3.39
SI_Expwy,nyccas,2024-12-29T13:00:00,1:00 PM,2.98
SI_Expwy,nyccas,2024-12-29T14:00:00,2:00 PM,2.95
SI_Expwy,nyccas,2024-12-29T15:00:00,3:00 PM,3.47
SI_Expwy,nyccas,2024-12-29T16:00:00,4:00 PM,3.67
SI_Expwy,nyccas,2024-12-29T17:00:00,5:00 PM,4.3
SI_Expwy,nyccas,2024-12-29T18:00:00,6:00 PM,4.81
SI_Expwy,nyccas,2024-12-29T19:00:00,7:00 PM,4.71
SI_Expwy,nyccas,2024-12-29T20:00:00,8:00 PM,5.22
SI_Expwy,nyccas,2024-12-29T21:00:00,9:00 PM,5.34
SI_Expwy,nyccas,2024-12-29T22:00:00,10:00 PM,5.57
SI_Expwy,nyccas,2024-12-29T23:00:00,11:00 PM,6.27
SI_Expwy,nyccas,2024-12-30T00:00:00,12:00 AM,7.02
SI_Expwy,nyccas,2024-12-30T01:00:00,1:00 AM,6.98
SI_Expwy,nyccas,2024-12-30T02:00:00,2:00 AM,5.11
SI_Expwy,nyccas,2024-12-30T03:00:00,3:00 AM,4.38
SI_Expwy,nyccas,2024-12-30T04:00:00,4:00 AM,3.85
SI_Expwy,nyccas,2024-12-30T05:00:00,5:00 AM,3.66
SI_Expwy,nyccas,2024-12-30T06:00:00,6:00 AM,4.33
SI_Expwy,nyccas,2024-12-30T07:00:00,7:00 AM,5.58
SI_Expwy,nyccas,2024-12-30T08:00:00,8:00 AM,7.44
SI_Expwy,nyccas,2024-12-30T09:00:00,9:00 AM,6.54
SI_Expwy,nyccas,2024-12-30T10:00:00,10:00 AM,3.67
SI_Expwy,nyccas,2024-12-30T11:00:00,11:00 AM,3.29
SI_Expwy,nyccas,2024-12-30T12:00:00,12:00 PM,2.64
SI_Expwy,nyccas,2024-12-30T13:00:00,1:00 PM,2.34
SI_Expwy,nyccas,2024-12-30T14:00:00,2:00 PM,2.74
SI_Expwy,nyccas,2024-12-30T15:00:00,3:00 PM,2.73
SI_Expwy,nyccas,2024-12-30T16:00:00,4:00 PM,3.46
SI_Expwy,nyccas,2024-12-30T17:00:00,5:00 PM,3.63
SI_Expwy,nyccas,2024-12-30T18:00:00,6:00 PM,3.92
SI_Expwy,nyccas,2024-12-30T19:00:00,7:00 PM,3.55
SI_Expwy,nyccas,2024-12-30T20:00:00,8:00 PM,3.88
SI_Expwy,nyccas,2024-12-30T21:00:00,9:00 PM,3.91
SI_Expwy,nyccas,2024-12-30T22:00:00,10:00 PM,4.39
SI_Expwy,nyccas,2024-12-30T23:00:00,11:00 PM,3.96
SI_Expwy,nyccas,2024-12-31T00:00:00,12:00 AM,4.03
SI_Expwy,nyccas,2024-12-31T01:00:00,1:00 AM,4
SI_Expwy,nyccas,2024-12-31T02:00:00,2:00 AM,4.4
SI_Expwy,nyccas,2024-12-31T03:00:00,3:00 AM,4.48
SI_Expwy,nyccas,2024-12-31T04:00:00,4:00 AM,4.93
SI_Expwy,nyccas,2024-12-31T05:00:00,5:00 AM,5.43
SI_Expwy,nyccas,2024-12-31T06:00:00,6:00 AM,6.19
SI_Expwy,nyccas,2024-12-31T07:00:00,7:00 AM,6.52
SI_Expwy,nyccas,2024-12-31T08:00:00,8:00 AM,7.27
SI_Expwy,nyccas,2024-12-31T09:00:00,9:00 AM,6.56
Van_Wyck,nyccas,2024-12-23T11:00:00,11:00 AM,6.11
Van_Wyck,nyccas,2024-12-23T12:00:00,12:00 PM,8.09
Van_Wyck,nyccas,2024-12-23T13:00:00,1:00 PM,6.83
Van_Wyck,nyccas,2024-12-23T14:00:00,2:00 PM,6.24
Van_Wyck,nyccas,2024-12-23T15:00:00,3:00 PM,5.5
Van_Wyck,nyccas,2024-12-23T16:00:00,4:00 PM,4.84
Van_Wyck,nyccas,2024-12-23T17:00:00,5:00 PM,5.47
Van_Wyck,nyccas,2024-12-23T18:00:00,6:00 PM,6.45
Van_Wyck,nyccas,2024-12-23T19:00:00,7:00 PM,7.48
Van_Wyck,nyccas,2024-12-23T20:00:00,8:00 PM,6.48
Van_Wyck,nyccas,2024-12-23T21:00:00,9:00 PM,5.15
Van_Wyck,nyccas,2024-12-23T22:00:00,10:00 PM,4.42
Van_Wyck,nyccas,2024-12-23T23:00:00,11:00 PM,4.47
Van_Wyck,nyccas,2024-12-24T00:00:00,12:00 AM,4.84
Van_Wyck,nyccas,2024-12-24T01:00:00,1:00 AM,5.97
Van_Wyck,nyccas,2024-12-24T02:00:00,2:00 AM,6.06
Van_Wyck,nyccas,2024-12-24T03:00:00,3:00 AM,7.74
Van_Wyck,nyccas,2024-12-24T04:00:00,4:00 AM,8.76
Van_Wyck,nyccas,2024-12-24T05:00:00,5:00 AM,8.38
Van_Wyck,nyccas,2024-12-24T06:00:00,6:00 AM,11.08
Van_Wyck,nyccas,2024-12-24T07:00:00,7:00 AM,10.15
Van_Wyck,nyccas,2024-12-24T08:00:00,8:00 AM,8.55
Van_Wyck,nyccas,2024-12-24T09:00:00,9:00 AM,10.56
Van_Wyck,nyccas,2024-12-24T10:00:00,10:00 AM,11
Van_Wyck,nyccas,2024-12-24T11:00:00,11:00 AM,11.34
Van_Wyck,nyccas,2024-12-24T12:00:00,12:00 PM,11.58
Van_Wyck,nyccas,2024-12-24T13:00:00,1:00 PM,12.16
Van_Wyck,nyccas,2024-12-24T14:00:00,2:00 PM,12.44
Van_Wyck,nyccas,2024-12-24T15:00:00,3:00 PM,12.85
Van_Wyck,nyccas,2024-12-24T16:00:00,4:00 PM,9.65
Van_Wyck,nyccas,2024-12-24T17:00:00,5:00 PM,8.15
Van_Wyck,nyccas,2024-12-24T18:00:00,6:00 PM,8.75
Van_Wyck,nyccas,2024-12-24T19:00:00,7:00 PM,9.23
Van_Wyck,nyccas,2024-12-24T20:00:00,8:00 PM,9.11
Van_Wyck,nyccas,2024-12-24T21:00:00,9:00 PM,9
Van_Wyck,nyccas,2024-12-24T22:00:00,10:00 PM,10.91
Van_Wyck,nyccas,2024-12-24T23:00:00,11:00 PM,10.16
Van_Wyck,nyccas,2024-12-25T00:00:00,12:00 AM,11.17
Van_Wyck,nyccas,2024-12-25T01:00:00,1:00 AM,11.02
Van_Wyck,nyccas,2024-12-25T02:00:00,2:00 AM,10.69
Van_Wyck,nyccas,2024-12-25T03:00:00,3:00 AM,10.87
Van_Wyck,nyccas,2024-12-25T04:00:00,4:00 AM,9.82
Van_Wyck,nyccas,2024-12-25T05:00:00,5:00 AM,9.32
Van_Wyck,nyccas,2024-12-25T06:00:00,6:00 AM,9.85
Van_Wyck,nyccas,2024-12-25T07:00:00,7:00 AM,9.73
Van_Wyck,nyccas,2024-12-25T08:00:00,8:00 AM,9.91
Van_Wyck,nyccas,2024-12-25T09:00:00,9:00 AM,10.54
Van_Wyck,nyccas,2024-12-25T10:00:00,10:00 AM,9.94
Van_Wyck,nyccas,2024-12-25T11:00:00,11:00 AM,10.75
Van_Wyck,nyccas,2024-12-25T12:00:00,12:00 PM,9.91
Van_Wyck,nyccas,2024-12-25T13:00:00,1:00 PM,8.17
Van_Wyck,nyccas,2024-12-25T14:00:00,2:00 PM,8.79
Van_Wyck,nyccas,2024-12-25T15:00:00,3:00 PM,8.01
Van_Wyck,nyccas,2024-12-25T16:00:00,4:00 PM,7.14
Van_Wyck,nyccas,2024-12-25T17:00:00,5:00 PM,6.92
Van_Wyck,nyccas,2024-12-25T18:00:00,6:00 PM,7.31
Van_Wyck,nyccas,2024-12-25T19:00:00,7:00 PM,7.19
Van_Wyck,nyccas,2024-12-25T20:00:00,8:00 PM,8.47
Van_Wyck,nyccas,2024-12-25T21:00:00,9:00 PM,8.56
Van_Wyck,nyccas,2024-12-25T22:00:00,10:00 PM,8.14
Van_Wyck,nyccas,2024-12-25T23:00:00,11:00 PM,7.08
Van_Wyck,nyccas,2024-12-26T00:00:00,12:00 AM,6.96
Van_Wyck,nyccas,2024-12-26T01:00:00,1:00 AM,6.82
Van_Wyck,nyccas,2024-12-26T02:00:00,2:00 AM,6.82
Van_Wyck,nyccas,2024-12-26T03:00:00,3:00 AM,6.35
Van_Wyck,nyccas,2024-12-26T04:00:00,4:00 AM,5.64
Van_Wyck,nyccas,2024-12-26T05:00:00,5:00 AM,5.83
Van_Wyck,nyccas,2024-12-26T06:00:00,6:00 AM,5.7
Van_Wyck,nyccas,2024-12-26T07:00:00,7:00 AM,6.63
Van_Wyck,nyccas,2024-12-26T08:00:00,8:00 AM,7.09
Van_Wyck,nyccas,2024-12-26T09:00:00,9:00 AM,8.26
Van_Wyck,nyccas,2024-12-26T10:00:00,10:00 AM,8.49
Van_Wyck,nyccas,2024-12-26T11:00:00,11:00 AM,8.22
Van_Wyck,nyccas,2024-12-26T12:00:00,12:00 PM,7.5
Van_Wyck,nyccas,2024-12-26T13:00:00,1:00 PM,8.22
Van_Wyck,nyccas,2024-12-26T14:00:00,2:00 PM,9.4
Van_Wyck,nyccas,2024-12-26T15:00:00,3:00 PM,9.95
Van_Wyck,nyccas,2024-12-26T16:00:00,4:00 PM,9.37
Van_Wyck,nyccas,2024-12-26T17:00:00,5:00 PM,7.95
Van_Wyck,nyccas,2024-12-26T18:00:00,6:00 PM,8.94
Van_Wyck,nyccas,2024-12-26T19:00:00,7:00 PM,7.23
Van_Wyck,nyccas,2024-12-26T20:00:00,8:00 PM,7.8
Van_Wyck,nyccas,2024-12-26T21:00:00,9:00 PM,9.67
Van_Wyck,nyccas,2024-12-26T22:00:00,10:00 PM,10.5
Van_Wyck,nyccas,2024-12-26T23:00:00,11:00 PM,12.16
Van_Wyck,nyccas,2024-12-27T00:00:00,12:00 AM,12.13
Van_Wyck,nyccas,2024-12-27T01:00:00,1:00 AM,11.46
Van_Wyck,nyccas,2024-12-27T02:00:00,2:00 AM,10.4
Van_Wyck,nyccas,2024-12-27T03:00:00,3:00 AM,9.62
Van_Wyck,nyccas,2024-12-27T04:00:00,4:00 AM,8.53
Van_Wyck,nyccas,2024-12-27T05:00:00,5:00 AM,8.13
Van_Wyck,nyccas,2024-12-27T06:00:00,6:00 AM,8.61
Van_Wyck,nyccas,2024-12-27T07:00:00,7:00 AM,11.9
Van_Wyck,nyccas,2024-12-27T08:00:00,8:00 AM,11.12
Van_Wyck,nyccas,2024-12-27T09:00:00,9:00 AM,12.08
Van_Wyck,nyccas,2024-12-27T10:00:00,10:00 AM,13.09
Van_Wyck,nyccas,2024-12-27T11:00:00,11:00 AM,14.94
Van_Wyck,nyccas,2024-12-27T12:00:00,12:00 PM,16.39
Van_Wyck,nyccas,2024-12-27T13:00:00,1:00 PM,17.28
Van_Wyck,nyccas,2024-12-27T14:00:00,2:00 PM,16.86
Van_Wyck,nyccas,2024-12-27T15:00:00,3:00 PM,14.16
Van_Wyck,nyccas,2024-12-27T16:00:00,4:00 PM,14.08
Van_Wyck,nyccas,2024-12-27T17:00:00,5:00 PM,14.66
Van_Wyck,nyccas,2024-12-27T18:00:00,6:00 PM,15.23
Van_Wyck,nyccas,2024-12-27T19:00:00,7:00 PM,18.37
Van_Wyck,nyccas,2024-12-27T20:00:00,8:00 PM,19.74
Van_Wyck,nyccas,2024-12-27T21:00:00,9:00 PM,18.6
Van_Wyck,nyccas,2024-12-27T22:00:00,10:00 PM,9.73
Van_Wyck,nyccas,2024-12-27T23:00:00,11:00 PM,9.68
Van_Wyck,nyccas,2024-12-28T00:00:00,12:00 AM,7.64
Van_Wyck,nyccas,2024-12-28T01:00:00,1:00 AM,5.95
Van_Wyck,nyccas,2024-12-28T02:00:00,2:00 AM,7.44
Van_Wyck,nyccas,2024-12-28T03:00:00,3:00 AM,8.78
Van_Wyck,nyccas,2024-12-28T04:00:00,4:00 AM,6.44
Van_Wyck,nyccas,2024-12-28T05:00:00,5:00 AM,6.99
Van_Wyck,nyccas,2024-12-28T06:00:00,6:00 AM,9.59
Van_Wyck,nyccas,2024-12-28T07:00:00,7:00 AM,10.95
Van_Wyck,nyccas,2024-12-28T08:00:00,8:00 AM,12.68
Van_Wyck,nyccas,2024-12-28T09:00:00,9:00 AM,11.99
Van_Wyck,nyccas,2024-12-28T10:00:00,10:00 AM,14.96
Van_Wyck,nyccas,2024-12-28T11:00:00,11:00 AM,14.38
Van_Wyck,nyccas,2024-12-28T12:00:00,12:00 PM,13.21
Van_Wyck,nyccas,2024-12-28T13:00:00,1:00 PM,13.41
Van_Wyck,nyccas,2024-12-28T14:00:00,2:00 PM,7.5
Van_Wyck,nyccas,2024-12-28T15:00:00,3:00 PM,6.13
Van_Wyck,nyccas,2024-12-28T16:00:00,4:00 PM,6.45
Van_Wyck,nyccas,2024-12-28T17:00:00,5:00 PM,6.72
Van_Wyck,nyccas,2024-12-28T18:00:00,6:00 PM,6.06
Van_Wyck,nyccas,2024-12-28T19:00:00,7:00 PM,5.18
Van_Wyck,nyccas,2024-12-28T20:00:00,8:00 PM,6.1
Van_Wyck,nyccas,2024-12-28T21:00:00,9:00 PM,8.52
Van_Wyck,nyccas,2024-12-28T22:00:00,10:00 PM,6.01
Van_Wyck,nyccas,2024-12-28T23:00:00,11:00 PM,7.43
Van_Wyck,nyccas,2024-12-29T00:00:00,12:00 AM,8.22
Van_Wyck,nyccas,2024-12-29T01:00:00,1:00 AM,8.36
Van_Wyck,nyccas,2024-12-29T02:00:00,2:00 AM,7.37
Van_Wyck,nyccas,2024-12-29T03:00:00,3:00 AM,6.17
Van_Wyck,nyccas,2024-12-29T04:00:00,4:00 AM,6.94
Van_Wyck,nyccas,2024-12-29T05:00:00,5:00 AM,6.53
Van_Wyck,nyccas,2024-12-29T06:00:00,6:00 AM,4.26
Van_Wyck,nyccas,2024-12-29T07:00:00,7:00 AM,3.74
Van_Wyck,nyccas,2024-12-29T08:00:00,8:00 AM,3.95
Van_Wyck,nyccas,2024-12-29T09:00:00,9:00 AM,5.49
Van_Wyck,nyccas,2024-12-29T10:00:00,10:00 AM,4.92
Van_Wyck,nyccas,2024-12-29T11:00:00,11:00 AM,5.28
Van_Wyck,nyccas,2024-12-29T12:00:00,12:00 PM,4.86
Van_Wyck,nyccas,2024-12-29T13:00:00,1:00 PM,4.79
Van_Wyck,nyccas,2024-12-29T14:00:00,2:00 PM,4.47
Van_Wyck,nyccas,2024-12-29T15:00:00,3:00 PM,4.23
Van_Wyck,nyccas,2024-12-29T16:00:00,4:00 PM,5.15
Van_Wyck,nyccas,2024-12-29T17:00:00,5:00 PM,5.59
Van_Wyck,nyccas,2024-12-29T18:00:00,6:00 PM,5.63
Van_Wyck,nyccas,2024-12-29T19:00:00,7:00 PM,5.45
Van_Wyck,nyccas,2024-12-29T20:00:00,8:00 PM,5.04
Van_Wyck,nyccas,2024-12-29T21:00:00,9:00 PM,5.22
Van_Wyck,nyccas,2024-12-29T22:00:00,10:00 PM,5.06
Van_Wyck,nyccas,2024-12-29T23:00:00,11:00 PM,5.45
Van_Wyck,nyccas,2024-12-30T00:00:00,12:00 AM,5.57
Van_Wyck,nyccas,2024-12-30T01:00:00,1:00 AM,5.77
Van_Wyck,nyccas,2024-12-30T02:00:00,2:00 AM,5.65
Van_Wyck,nyccas,2024-12-30T03:00:00,3:00 AM,5.58
Van_Wyck,nyccas,2024-12-30T04:00:00,4:00 AM,3.35
Van_Wyck,nyccas,2024-12-30T05:00:00,5:00 AM,2.87
Van_Wyck,nyccas,2024-12-30T06:00:00,6:00 AM,2.98
Van_Wyck,nyccas,2024-12-30T07:00:00,7:00 AM,3.84
Van_Wyck,nyccas,2024-12-30T08:00:00,8:00 AM,5.13
Van_Wyck,nyccas,2024-12-30T09:00:00,9:00 AM,4.93
Van_Wyck,nyccas,2024-12-30T10:00:00,10:00 AM,3.79
Van_Wyck,nyccas,2024-12-30T11:00:00,11:00 AM,3.27
Van_Wyck,nyccas,2024-12-30T12:00:00,12:00 PM,3.02
Van_Wyck,nyccas,2024-12-30T13:00:00,1:00 PM,3.14
Van_Wyck,nyccas,2024-12-30T14:00:00,2:00 PM,3.94
Van_Wyck,nyccas,2024-12-30T15:00:00,3:00 PM,3.86
Van_Wyck,nyccas,2024-12-30T16:00:00,4:00 PM,4.24
Van_Wyck,nyccas,2024-12-30T17:00:00,5:00 PM,3.69
Van_Wyck,nyccas,2024-12-30T18:00:00,6:00 PM,3.36
Van_Wyck,nyccas,2024-12-30T19:00:00,7:00 PM,4.32
Van_Wyck,nyccas,2024-12-30T20:00:00,8:00 PM,3.75
Van_Wyck,nyccas,2024-12-30T21:00:00,9:00 PM,3.85
Van_Wyck,nyccas,2024-12-30T22:00:00,10:00 PM,4.7
Van_Wyck,nyccas,2024-12-30T23:00:00,11:00 PM,5.38
Van_Wyck,nyccas,2024-12-31T00:00:00,12:00 AM,4.42
Van_Wyck,nyccas,2024-12-31T01:00:00,1:00 AM,3.86
Van_Wyck,nyccas,2024-12-31T02:00:00,2:00 AM,4.27
Van_Wyck,nyccas,2024-12-31T03:00:00,3:00 AM,4.78
Van_Wyck,nyccas,2024-12-31T04:00:00,4:00 AM,5.31
Van_Wyck,nyccas,2024-12-31T05:00:00,5:00 AM,6.13
Van_Wyck,nyccas,2024-12-31T06:00:00,6:00 AM,6.82
Van_Wyck,nyccas,2024-12-31T07:00:00,7:00 AM,6.69
Van_Wyck,nyccas,2024-12-31T08:00:00,8:00 AM,7.52
Van_Wyck,nyccas,2024-12-31T09:00:00,9:00 AM,8.16
Williamsburg_Bridge,nyccas,2024-12-23T11:00:00,11:00 AM,8.41
Williamsburg_Bridge,nyccas,2024-12-23T12:00:00,12:00 PM,7.45
Williamsburg_Bridge,nyccas,2024-12-23T13:00:00,1:00 PM,6.98
Williamsburg_Bridge,nyccas,2024-12-23T14:00:00,2:00 PM,7.84
Williamsburg_Bridge,nyccas,2024-12-23T15:00:00,3:00 PM,5.61
Williamsburg_Bridge,nyccas,2024-12-23T16:00:00,4:00 PM,5.99
Williamsburg_Bridge,nyccas,2024-12-23T17:00:00,5:00 PM,6.16
Williamsburg_Bridge,nyccas,2024-12-23T18:00:00,6:00 PM,5.93
Williamsburg_Bridge,nyccas,2024-12-23T19:00:00,7:00 PM,5.58
Williamsburg_Bridge,nyccas,2024-12-23T20:00:00,8:00 PM,5.67
Williamsburg_Bridge,nyccas,2024-12-23T21:00:00,9:00 PM,5.17
Williamsburg_Bridge,nyccas,2024-12-23T22:00:00,10:00 PM,4.96
Williamsburg_Bridge,nyccas,2024-12-23T23:00:00,11:00 PM,5.42
Williamsburg_Bridge,nyccas,2024-12-24T00:00:00,12:00 AM,4.74
Williamsburg_Bridge,nyccas,2024-12-24T01:00:00,1:00 AM,5.07
Williamsburg_Bridge,nyccas,2024-12-24T02:00:00,2:00 AM,6.68
Williamsburg_Bridge,nyccas,2024-12-24T03:00:00,3:00 AM,7.28
Williamsburg_Bridge,nyccas,2024-12-24T04:00:00,4:00 AM,7.57
Williamsburg_Bridge,nyccas,2024-12-24T05:00:00,5:00 AM,7.53
Williamsburg_Bridge,nyccas,2024-12-24T06:00:00,6:00 AM,8.56
Williamsburg_Bridge,nyccas,2024-12-24T07:00:00,7:00 AM,8.17
Williamsburg_Bridge,nyccas,2024-12-24T08:00:00,8:00 AM,9.62
Williamsburg_Bridge,nyccas,2024-12-24T09:00:00,9:00 AM,9.97
Williamsburg_Bridge,nyccas,2024-12-24T10:00:00,10:00 AM,11.32
Williamsburg_Bridge,nyccas,2024-12-24T11:00:00,11:00 AM,11.41
Williamsburg_Bridge,nyccas,2024-12-24T12:00:00,12:00 PM,12.52
Williamsburg_Bridge,nyccas,2024-12-24T13:00:00,1:00 PM,13.59
Williamsburg_Bridge,nyccas,2024-12-24T14:00:00,2:00 PM,13.14
Williamsburg_Bridge,nyccas,2024-12-24T15:00:00,3:00 PM,12.21
Williamsburg_Bridge,nyccas,2024-12-24T16:00:00,4:00 PM,9.36
Williamsburg_Bridge,nyccas,2024-12-24T17:00:00,5:00 PM,9.02
Williamsburg_Bridge,nyccas,2024-12-24T18:00:00,6:00 PM,9.45
Williamsburg_Bridge,nyccas,2024-12-24T19:00:00,7:00 PM,9.47
Williamsburg_Bridge,nyccas,2024-12-24T20:00:00,8:00 PM,9.16
Williamsburg_Bridge,nyccas,2024-12-24T21:00:00,9:00 PM,9.46
Williamsburg_Bridge,nyccas,2024-12-24T22:00:00,10:00 PM,8.91
Williamsburg_Bridge,nyccas,2024-12-24T23:00:00,11:00 PM,10.12
Williamsburg_Bridge,nyccas,2024-12-25T00:00:00,12:00 AM,9.12
Williamsburg_Bridge,nyccas,2024-12-25T01:00:00,1:00 AM,10.94
Williamsburg_Bridge,nyccas,2024-12-25T02:00:00,2:00 AM,10.3
Williamsburg_Bridge,nyccas,2024-12-25T03:00:00,3:00 AM,11.48
Williamsburg_Bridge,nyccas,2024-12-25T04:00:00,4:00 AM,10.95
Williamsburg_Bridge,nyccas,2024-12-25T05:00:00,5:00 AM,11.25
Williamsburg_Bridge,nyccas,2024-12-25T06:00:00,6:00 AM,11
Williamsburg_Bridge,nyccas,2024-12-25T07:00:00,7:00 AM,10.33
Williamsburg_Bridge,nyccas,2024-12-25T08:00:00,8:00 AM,9.38
Williamsburg_Bridge,nyccas,2024-12-25T09:00:00,9:00 AM,9.77
Williamsburg_Bridge,nyccas,2024-12-25T10:00:00,10:00 AM,10.68
Williamsburg_Bridge,nyccas,2024-12-25T11:00:00,11:00 AM,10.69
Williamsburg_Bridge,nyccas,2024-12-25T12:00:00,12:00 PM,11.7
Williamsburg_Bridge,nyccas,2024-12-25T13:00:00,1:00 PM,10.37
Williamsburg_Bridge,nyccas,2024-12-25T14:00:00,2:00 PM,8.57
Williamsburg_Bridge,nyccas,2024-12-25T15:00:00,3:00 PM,8.2
Williamsburg_Bridge,nyccas,2024-12-25T16:00:00,4:00 PM,7.91
Williamsburg_Bridge,nyccas,2024-12-25T17:00:00,5:00 PM,8.61
Williamsburg_Bridge,nyccas,2024-12-25T18:00:00,6:00 PM,8.15
Williamsburg_Bridge,nyccas,2024-12-25T19:00:00,7:00 PM,9.17
Williamsburg_Bridge,nyccas,2024-12-25T20:00:00,8:00 PM,8.86
Williamsburg_Bridge,nyccas,2024-12-25T21:00:00,9:00 PM,8.52
Williamsburg_Bridge,nyccas,2024-12-25T22:00:00,10:00 PM,7.49
Williamsburg_Bridge,nyccas,2024-12-25T23:00:00,11:00 PM,7.52
Williamsburg_Bridge,nyccas,2024-12-26T00:00:00,12:00 AM,8.13
Williamsburg_Bridge,nyccas,2024-12-26T01:00:00,1:00 AM,7
Williamsburg_Bridge,nyccas,2024-12-26T02:00:00,2:00 AM,7.31
Williamsburg_Bridge,nyccas,2024-12-26T03:00:00,3:00 AM,6.73
Williamsburg_Bridge,nyccas,2024-12-26T04:00:00,4:00 AM,6.12
Williamsburg_Bridge,nyccas,2024-12-26T05:00:00,5:00 AM,6.79
Williamsburg_Bridge,nyccas,2024-12-26T06:00:00,6:00 AM,11.59
Williamsburg_Bridge,nyccas,2024-12-26T07:00:00,7:00 AM,8.15
Williamsburg_Bridge,nyccas,2024-12-26T08:00:00,8:00 AM,9.06
Williamsburg_Bridge,nyccas,2024-12-26T09:00:00,9:00 AM,11.16
Williamsburg_Bridge,nyccas,2024-12-26T10:00:00,10:00 AM,11.06
Williamsburg_Bridge,nyccas,2024-12-26T11:00:00,11:00 AM,11.15
Williamsburg_Bridge,nyccas,2024-12-26T12:00:00,12:00 PM,9.26
Williamsburg_Bridge,nyccas,2024-12-26T13:00:00,1:00 PM,10.16
Williamsburg_Bridge,nyccas,2024-12-26T14:00:00,2:00 PM,10.36
Williamsburg_Bridge,nyccas,2024-12-26T15:00:00,3:00 PM,11.52
Williamsburg_Bridge,nyccas,2024-12-26T16:00:00,4:00 PM,11.12
Williamsburg_Bridge,nyccas,2024-12-26T17:00:00,5:00 PM,12.18
Williamsburg_Bridge,nyccas,2024-12-26T18:00:00,6:00 PM,10.6
Williamsburg_Bridge,nyccas,2024-12-26T19:00:00,7:00 PM,11.05
Williamsburg_Bridge,nyccas,2024-12-26T20:00:00,8:00 PM,10.8
Williamsburg_Bridge,nyccas,2024-12-26T21:00:00,9:00 PM,10.98
Williamsburg_Bridge,nyccas,2024-12-26T22:00:00,10:00 PM,10.96
Williamsburg_Bridge,nyccas,2024-12-26T23:00:00,11:00 PM,11.82
Williamsburg_Bridge,nyccas,2024-12-27T00:00:00,12:00 AM,11.24
Williamsburg_Bridge,nyccas,2024-12-27T01:00:00,1:00 AM,11.82
Williamsburg_Bridge,nyccas,2024-12-27T02:00:00,2:00 AM,10.05
Williamsburg_Bridge,nyccas,2024-12-27T03:00:00,3:00 AM,9.87
Williamsburg_Bridge,nyccas,2024-12-27T04:00:00,4:00 AM,10.14
Williamsburg_Bridge,nyccas,2024-12-27T05:00:00,5:00 AM,10.2
Williamsburg_Bridge,nyccas,2024-12-27T06:00:00,6:00 AM,11.81
Williamsburg_Bridge,nyccas,2024-12-27T07:00:00,7:00 AM,11.82
Williamsburg_Bridge,nyccas,2024-12-27T08:00:00,8:00 AM,13.22
Williamsburg_Bridge,nyccas,2024-12-27T09:00:00,9:00 AM,14.85
Williamsburg_Bridge,nyccas,2024-12-27T10:00:00,10:00 AM,15.39
Williamsburg_Bridge,nyccas,2024-12-27T11:00:00,11:00 AM,15.19
Williamsburg_Bridge,nyccas,2024-12-27T12:00:00,12:00 PM,12.31
Williamsburg_Bridge,nyccas,2024-12-27T13:00:00,1:00 PM,14.95
Williamsburg_Bridge,nyccas,2024-12-27T14:00:00,2:00 PM,15.15
Williamsburg_Bridge,nyccas,2024-12-27T15:00:00,3:00 PM,15.34
Williamsburg_Bridge,nyccas,2024-12-27T16:00:00,4:00 PM,16.26
Williamsburg_Bridge,nyccas,2024-12-27T17:00:00,5:00 PM,16.13
Williamsburg_Bridge,nyccas,2024-12-27T18:00:00,6:00 PM,15.87
Williamsburg_Bridge,nyccas,2024-12-27T19:00:00,7:00 PM,14.62
Williamsburg_Bridge,nyccas,2024-12-27T20:00:00,8:00 PM,13.79
Williamsburg_Bridge,nyccas,2024-12-27T21:00:00,9:00 PM,11.73
Williamsburg_Bridge,nyccas,2024-12-27T22:00:00,10:00 PM,9.05
Williamsburg_Bridge,nyccas,2024-12-27T23:00:00,11:00 PM,7.58
Williamsburg_Bridge,nyccas,2024-12-28T00:00:00,12:00 AM,8.07
Williamsburg_Bridge,nyccas,2024-12-28T01:00:00,1:00 AM,6.59
Williamsburg_Bridge,nyccas,2024-12-28T02:00:00,2:00 AM,6.58
Williamsburg_Bridge,nyccas,2024-12-28T03:00:00,3:00 AM,7.33
Williamsburg_Bridge,nyccas,2024-12-28T04:00:00,4:00 AM,8.26
Williamsburg_Bridge,nyccas,2024-12-28T05:00:00,5:00 AM,7.01
Williamsburg_Bridge,nyccas,2024-12-28T06:00:00,6:00 AM,8.35
Williamsburg_Bridge,nyccas,2024-12-28T07:00:00,7:00 AM,11.88
Williamsburg_Bridge,nyccas,2024-12-28T08:00:00,8:00 AM,14.02
Williamsburg_Bridge,nyccas,2024-12-28T09:00:00,9:00 AM,16.59
Williamsburg_Bridge,nyccas,2024-12-28T10:00:00,10:00 AM,18.14
Williamsburg_Bridge,nyccas,2024-12-28T11:00:00,11:00 AM,18.31
Williamsburg_Bridge,nyccas,2024-12-28T12:00:00,12:00 PM,21.45
Williamsburg_Bridge,nyccas,2024-12-28T13:00:00,1:00 PM,11.75
Williamsburg_Bridge,nyccas,2024-12-28T14:00:00,2:00 PM,6.75
Williamsburg_Bridge,nyccas,2024-12-28T15:00:00,3:00 PM,11.25
Williamsburg_Bridge,nyccas,2024-12-28T16:00:00,4:00 PM,8.56
Williamsburg_Bridge,nyccas,2024-12-28T17:00:00,5:00 PM,8.12
Williamsburg_Bridge,nyccas,2024-12-28T18:00:00,6:00 PM,8.22
Williamsburg_Bridge,nyccas,2024-12-28T19:00:00,7:00 PM,8.14
Williamsburg_Bridge,nyccas,2024-12-28T20:00:00,8:00 PM,8.92
Williamsburg_Bridge,nyccas,2024-12-28T21:00:00,9:00 PM,10.59
Williamsburg_Bridge,nyccas,2024-12-28T22:00:00,10:00 PM,7.26
Williamsburg_Bridge,nyccas,2024-12-28T23:00:00,11:00 PM,8.23
Williamsburg_Bridge,nyccas,2024-12-29T00:00:00,12:00 AM,7.67
Williamsburg_Bridge,nyccas,2024-12-29T01:00:00,1:00 AM,6.41
Williamsburg_Bridge,nyccas,2024-12-29T02:00:00,2:00 AM,5.62
Williamsburg_Bridge,nyccas,2024-12-29T03:00:00,3:00 AM,6.67
Williamsburg_Bridge,nyccas,2024-12-29T04:00:00,4:00 AM,8.64
Williamsburg_Bridge,nyccas,2024-12-29T05:00:00,5:00 AM,7.78
Williamsburg_Bridge,nyccas,2024-12-29T06:00:00,6:00 AM,13.34
Williamsburg_Bridge,nyccas,2024-12-29T07:00:00,7:00 AM,6.52
Williamsburg_Bridge,nyccas,2024-12-29T08:00:00,8:00 AM,6.89
Williamsburg_Bridge,nyccas,2024-12-29T09:00:00,9:00 AM,6.53
Williamsburg_Bridge,nyccas,2024-12-29T10:00:00,10:00 AM,7.82
Williamsburg_Bridge,nyccas,2024-12-29T11:00:00,11:00 AM,7.66
Williamsburg_Bridge,nyccas,2024-12-29T12:00:00,12:00 PM,7.05
Williamsburg_Bridge,nyccas,2024-12-29T13:00:00,1:00 PM,5.86
Williamsburg_Bridge,nyccas,2024-12-29T14:00:00,2:00 PM,5.66
Williamsburg_Bridge,nyccas,2024-12-29T15:00:00,3:00 PM,5.09
Williamsburg_Bridge,nyccas,2024-12-29T16:00:00,4:00 PM,5.18
Williamsburg_Bridge,nyccas,2024-12-29T17:00:00,5:00 PM,5.32
Williamsburg_Bridge,nyccas,2024-12-29T18:00:00,6:00 PM,5.48
Williamsburg_Bridge,nyccas,2024-12-29T19:00:00,7:00 PM,5.29
Williamsburg_Bridge,nyccas,2024-12-29T20:00:00,8:00 PM,5.35
Williamsburg_Bridge,nyccas,2024-12-29T21:00:00,9:00 PM,5.71
Williamsburg_Bridge,nyccas,2024-12-29T22:00:00,10:00 PM,5.68
Williamsburg_Bridge,nyccas,2024-12-29T23:00:00,11:00 PM,5.59
Williamsburg_Bridge,nyccas,2024-12-30T00:00:00,12:00 AM,5.82
Williamsburg_Bridge,nyccas,2024-12-30T01:00:00,1:00 AM,5.65
Williamsburg_Bridge,nyccas,2024-12-30T02:00:00,2:00 AM,3.54
Williamsburg_Bridge,nyccas,2024-12-30T03:00:00,3:00 AM,3.59
Williamsburg_Bridge,nyccas,2024-12-30T04:00:00,4:00 AM,3.91
Williamsburg_Bridge,nyccas,2024-12-30T05:00:00,5:00 AM,4.77
Williamsburg_Bridge,nyccas,2024-12-30T06:00:00,6:00 AM,5.59
Williamsburg_Bridge,nyccas,2024-12-30T07:00:00,7:00 AM,7.27
Williamsburg_Bridge,nyccas,2024-12-30T08:00:00,8:00 AM,5.07
Williamsburg_Bridge,nyccas,2024-12-30T09:00:00,9:00 AM,6.38
Williamsburg_Bridge,nyccas,2024-12-30T10:00:00,10:00 AM,4.06
Williamsburg_Bridge,nyccas,2024-12-30T11:00:00,11:00 AM,3.43
Williamsburg_Bridge,nyccas,2024-12-30T12:00:00,12:00 PM,3.66
Williamsburg_Bridge,nyccas,2024-12-30T13:00:00,1:00 PM,3.86
Williamsburg_Bridge,nyccas,2024-12-30T14:00:00,2:00 PM,3.92
Williamsburg_Bridge,nyccas,2024-12-30T15:00:00,3:00 PM,3.87
Williamsburg_Bridge,nyccas,2024-12-30T16:00:00,4:00 PM,4.17
Williamsburg_Bridge,nyccas,2024-12-30T17:00:00,5:00 PM,4.78
Williamsburg_Bridge,nyccas,2024-12-30T18:00:00,6:00 PM,4.42
Williamsburg_Bridge,nyccas,2024-12-30T19:00:00,7:00 PM,4.84
Williamsburg_Bridge,nyccas,2024-12-30T20:00:00,8:00 PM,4.6
Williamsburg_Bridge,nyccas,2024-12-30T21:00:00,9:00 PM,4.19
Williamsburg_Bridge,nyccas,2024-12-30T22:00:00,10:00 PM,5.85
Williamsburg_Bridge,nyccas,2024-12-30T23:00:00,11:00 PM,4.78
Williamsburg_Bridge,nyccas,2024-12-31T00:00:00,12:00 AM,3.71
Williamsburg_Bridge,nyccas,2024-12-31T01:00:00,1:00 AM,3.89
Williamsburg_Bridge,nyccas,2024-12-31T02:00:00,2:00 AM,3.87
Williamsburg_Bridge,nyccas,2024-12-31T03:00:00,3:00 AM,4.46
Williamsburg_Bridge,nyccas,2024-12-31T04:00:00,4:00 AM,4.66
Williamsburg_Bridge,nyccas,2024-12-31T05:00:00,5:00 AM,5.45
Williamsburg_Bridge,nyccas,2024-12-31T06:00:00,6:00 AM,7.04
Williamsburg_Bridge,nyccas,2024-12-31T07:00:00,7:00 AM,7.58
Williamsburg_Bridge,nyccas,2024-12-31T08:00:00,8:00 AM,9.08
Williamsburg_Bridge,nyccas,2024-12-31T09:00:00,9:00 AM,10